tree
version=v4
num_class=1
num_tree_per_iteration=1
label_index=0
max_feature_idx=15
objective=binary sigmoid:1
feature_names=loan_to_income_ratio monthly_repayment_burden post_loan_dti income_log employment_type_encoded geo_zone_encoded age airtime_topup_frequency mobile_money_velocity bill_payment_regularity balance_stability_score alt_data_composite income_x_alt_data gig_worker_flag informal_sector_flag northern_zone_flag
feature_infos=[1.05:28.571428571428573] [0.10714285714285714:3.5714285714285716] [0.11587142857142857:4.5214285714285714] [12.765691290604371:14.220976332738882] [0:6] [0:5] [20:69] [1:30] [1:20] [0:100] [0:100] [0.12683333333333333:0.9856666666666668] [1.6705415491100102:13.282980374133048] [0:1] [0:1] [0:1]
tree_sizes=6648 6649 6684 6696 6729 6712 6705 6694 6760 6725 6789 6753 6783 6760 6773 6778 6770 6770 6796 6799 6762 6765 6764 6768 6801 6794 6768 6815 6800 6792 6752 6785 6821 6790 6785 6777 6808 6816 6772 6807 6789 6819 6732 6794 6795 6789 6803 6788 6830 6814 6764 6798 6765 6830 6770 6790 6796 6816 6792 6801 6766 6754 6776 6814 6811 6794 6810 6768 6813 6818 6789 6790 6830 6788 6834 6818 6830 6819 6798 6855 6815 6797 6810 6818 6790 6791 6748 6761 6789 6769 6791 6729 6764 6805 6775 6758 6739 6811 6802 6815 6822 6806 6825 6816 6833 6840 6817 6803 6761 6821 6762 6810 6772 6825 6823 6795 6809 6795 6819 6780 6797 6818 6823 6803 6756

Tree=0
num_leaves=63
num_cat=0
split_feature=11 11 11 11 10 11 11 10 11 10 9 11 11 9 9 9 10 10 10 10 1 11 1 9 9 11 1 10 11 11 10 1 10 12 9 9 0 9 9 10 9 4 10 0 10 10 2 10 3 1 5 1 13 1 2 5 1 9 10 9 10 1
split_gain=399994 15746 9771.6 1915.04 1267.73 1176.76 904.527 749.201 461.596 461.487 367.041 293.07 285.252 268.943 266.281 241.377 204.492 188.123 157.54 146.512 146.001 144.37 138.543 137.121 126.574 126.146 125.709 124.846 121.762 116.704 111.046 110.465 106.207 106.825 103.369 101.017 100.636 98.5893 94.339 92.8236 90.4027 85.4037 84.1117 85.5482 82.4714 81.5468 88.8846 80.0815 130.812 76.2239 75.6595 74.2638 73.6611 68.9487 66.5522 65.7815 66.2941 64.6068 71.4542 63.9583 62.6998 84.5979
threshold=0.51141666666666685 0.56841666666666679 0.46708333333333346 0.53641666666666687 57.500000000000007 0.60975000000000013 0.42541666666666672 56.500000000000007 0.48675000000000007 49.500000000000007 62.500000000000007 0.49241666666666678 0.58308333333333351 70.500000000000014 68.500000000000014 77.500000000000014 57.500000000000007 74.500000000000014 38.500000000000007 59.500000000000007 1.3366775104427739 0.53008333333333346 0.95960977696193128 66.500000000000014 79.500000000000014 0.64191666666666691 0.85320372670807465 76.500000000000014 0.45141666666666674 0.55758333333333354 83.500000000000014 0.83437342930162217 67.500000000000014 7.0573066323592561 71.500000000000014 50.500000000000007 15.202428571428573 66.500000000000014 81.500000000000014 73.500000000000014 67.500000000000014 3.5000000000000004 83.500000000000014 16.853632958801501 78.500000000000014 87.500000000000014 0.92808471788715496 59.500000000000007 13.688458156398283 0.76960776609861148 3.5000000000000004 1.269809027777778 1.0000000180025095e-35 0.65125822033716785 1.2116613112583237 1.0000000180025095e-35 1.1250391304347829 46.500000000000007 54.500000000000007 49.500000000000007 69.500000000000014 0.76960776609861148
decision_type=2 2 2 2 2 2 2 2 2 2 2 2 2 2 2 2 2 2 2 2 2 2 2 2 2 2 2 2 2 2 2 2 2 2 2 2 2 2 2 2 2 2 2 2 2 2 2 2 2 2 2 2 2 2 2 2 2 2 2 2 2 2
left_child=2 3 6 7 11 12 -1 15 27 13 32 40 20 22 30 18 -8 24 -2 37 34 51 50 26 29 -7 45 31 -18 -12 35 -6 33 -11 47 -10 -16 52 -13 -25 -4 -17 43 -28 -38 46 -9 48 54 -15 -5 -20 -14 -42 -3 -34 -57 -22 -59 -45 -37 -62
right_child=1 5 4 9 8 25 16 23 14 10 17 38 19 49 36 41 28 -19 21 -21 57 -23 -24 39 -26 -27 42 -29 -30 -31 -32 -33 55 -35 -36 60 44 -39 -40 -41 53 -43 -44 59 -46 -47 -48 -49 -50 -51 -52 -53 -54 -55 -56 56 -58 58 -60 -61 61 -63
leaf_value=-1.8212359048776903 -2.040798538168616 -2.4112351497242046 -1.9180064210383456 -2.2447920207648004 -2.0865579678447839 -2.4693626661880423 -1.8644668796659289 -2.2450184659433252 -2.0271524931552434 -2.1844825488738651 -2.3167754596686381 -2.0115515906524708 -2.39735395647274 -2.3961630388454802 -2.363166486285718 -2.3426840987626818 -1.8924025252777645 -2.4383847041946347 -2.1519820640768215 -2.4631124394489832 -2.1634418290922328 -2.2502904935007582 -2.1409564442291109 -2.2783512213243089 -2.4163146856500499 -2.4853466342035029 -2.3326216838296592 -2.1153913225721399 -1.9643368748652286 -2.3951652360376552 -2.2185493599946984 -1.9736925372239154 -2.3874292920307427 -2.3025502431811491 -2.4461518326265108 -2.0890033830887411 -2.1703290124371089 -2.4378818158687618 -2.1377873578825111 -2.3683593339763203 -2.0845011801784024 -2.1990883660471008 -2.3116296897968809 -2.0837049212320093 -2.3386774683951601 -2.4564824254482573 -2.4006368189851388 -2.4150763970876374 -2.1510551375430187 -2.2967776266487752 -2.4476650100804589 -2.0552376068343938 -2.2747830678274994 -1.9625862982507458 -2.2840465389947449 -2.3499709995977081 -2.2551414573877513 -2.298832001740343 -2.3863461283960676 -2.1941292737945091 -2.2988166088766393 -2.1305750199647973
leaf_weight=2367.9058116301894 46.531386338174343 34.286284670233727 173.58359273523092 32.950455397367477 32.876242659986019 1475.0523681938648 512.43895161896944 47.867215611040592 39.926452711224556 27.681351043283939 133.9539909735322 172.84146536141634 66.939889118075371 28.571903891861439 12.838803566992281 16.549440436065197 169.13082849234343 128.01697198301554 66.791463643312454 648.84196292608976 4.2301260307431212 28.646116629242897 43.266025893390179 85.270435251295567 87.793668322265148 7674.5618108287454 8.9797412231564504 36.512666791677475 105.15944886952639 74.064311906695366 22.263821214437485 80.966096483170986 44.156578741967678 65.010357946157455 167.20129732042551 54.694787450134754 37.1805814281106 249.20637212693691 17.662631496787071 43.785515055060387 15.807313062250612 29.091393053531647 15.881525799632071 18.256333395838737 9.3508049100637418 6.8275718390941611 11.502974294126032 114.13919009268284 7.6439119502902022 60.92865739017725 5.2691043540835372 30.946711488068104 14.990972951054571 79.630267210304737 14.694122001528738 45.195557065308094 31.837264336645603 32.876242659986019 81.485585644841194 57.292233258485794 10.538208708167074 29.091393053531647
leaf_count=8264 315 423 857 324 245 19489 2120 471 262 247 1463 1096 812 346 149 187 770 1632 564 8512 36 284 358 882 1090 103239 100 288 592 896 210 467 529 696 2151 410 324 3175 145 512 117 266 172 135 105 89 140 1415 64 647 68 216 154 446 153 516 318 350 975 520 112 236
internal_value=-2.43247 -2.45584 -1.87689 -2.29321 -2.03013 -2.47617 -1.83679 -2.21777 -2.09979 -2.34121 -2.3608 -1.9747 -2.43409 -2.26825 -2.14702 -2.14751 -1.88368 -2.38779 -2.12042 -2.4493 -2.40146 -2.15006 -2.20249 -2.26979 -2.36588 -2.48277 -2.23972 -2.03224 -1.91978 -2.34463 -2.11269 -2.00591 -2.3074 -2.26701 -2.41823 -2.09534 -2.23799 -2.42225 -2.02307 -2.30878 -1.94064 -2.25074 -2.2043 -2.18436 -2.20378 -2.29378 -2.27498 -2.39087 -2.34229 -2.32837 -2.27286 -2.12094 -2.3747 -1.98234 -2.37275 -2.33845 -2.31053 -2.35374 -2.36105 -2.16695 -2.12466 -2.17474
internal_weight=0 11909.1 3980.4 1322.92 825.765 10586.2 3154.64 514.22 366.24 808.696 637.71 459.525 1436.54 170.986 215.885 218.557 786.729 423.829 172.916 979.979 456.557 126.384 81.4856 295.664 295.812 9149.61 166.608 150.355 274.29 208.018 156.515 113.842 213.881 92.6917 337.965 134.251 59.3702 331.137 190.504 129.056 269.021 45.6408 100.41 84.5283 46.5314 66.1978 59.3702 170.764 56.6243 89.5006 38.2196 97.7382 81.9309 95.4376 48.9804 121.189 77.0328 118.592 114.362 75.5486 94.3244 39.6296
internal_count=172146 154931 17215 13983 5469 140948 11746 4853 2808 9130 7387 2661 18220 1743 1808 1832 3482 5081 1379 12653 5567 1064 750 3021 3449 122728 1627 1000 1362 2359 1230 712 2306 943 4206 1020 578 4141 1241 1394 1420 453 927 755 429 700 611 2055 640 993 392 780 966 563 576 1363 834 1361 1325 655 758 348
is_linear=0
shrinkage=1


Tree=1
num_leaves=63
num_cat=0
split_feature=11 11 11 8 8 11 11 11 11 12 8 11 6 8 6 10 8 8 8 8 8 1 10 10 6 6 6 6 6 11 6 6 8 1 11 2 10 10 6 11 8 6 10 0 8 1 4 1 11 8 0 8 11 6 8 11 11 1 10 8 8 0
split_gain=210808 7081.76 5551.21 1618.74 1349.01 649.939 483.577 455.521 408.169 393.319 365.823 248.788 228.954 212.081 203.064 199.298 177.913 176.08 172.541 171.218 158.549 144.496 120.676 114.785 112.628 109.283 103.946 101.477 99.369 96.8169 89.0692 88.346 87.8298 87.5399 84.1659 83.0487 77.1995 74.2674 72.8942 72.2617 71.1806 106.669 68.9443 67.8964 67.5734 66.5346 66.252 81.1221 65.1487 76.8014 64.1462 62.5679 62.4841 62.1726 59.3283 59.1788 57.0228 56.1864 54.9472 54.6815 50.3638 50.2735
threshold=0.53008333333333346 0.58308333333333351 0.48125000000000012 10.750000000000002 8.0500000000000025 0.50741666666666685 0.55275000000000019 0.61991666666666689 0.54758333333333353 5.8715679782189625 6.0500000000000007 0.50741666666666685 52.500000000000007 12.550000000000002 45.500000000000007 59.500000000000007 8.9500000000000011 4.8500000000000005 12.750000000000002 9.8500000000000032 11.250000000000002 1.3270467548076927 76.500000000000014 53.500000000000007 50.500000000000007 53.500000000000007 56.500000000000007 39.500000000000007 49.500000000000007 0.56641666666666679 45.500000000000007 51.500000000000007 10.15 0.76207760781263512 0.56841666666666679 1.4700005291005294 82.500000000000014 35.500000000000007 40.500000000000007 0.5704166666666669 6.2500000000000009 34.500000000000007 68.500000000000014 20.571560439560443 15.450000000000001 1.300057142857143 2.5000000000000004 1.0554513765182187 0.3970833333333334 6.4500000000000011 20.571560439560443 8.9500000000000011 0.64491666666666692 34.500000000000007 5.3500000000000005 0.55758333333333354 0.46708333333333346 0.94066542757653882 43.500000000000007 9.0500000000000025 14.65 21.669600000000006
decision_type=2 2 2 2 2 2 2 2 2 2 2 2 2 2 2 2 2 2 2 2 2 2 2 2 2 2 2 2 2 2 2 2 2 2 2 2 2 2 2 2 2 2 2 2 2 2 2 2 2 2 2 2 2 2 2 2 2 2 2 2 2 2
left_child=2 3 9 8 5 17 12 13 14 48 28 32 -5 51 16 27 33 25 24 21 26 -10 37 30 29 35 -13 -7 36 50 -15 34 -6 -2 -21 -4 -11 -19 -24 44 -17 -42 -28 -23 -20 -39 -18 -48 -1 -50 -8 -3 60 55 -35 -45 -30 -22 -14 -57 -9 -43
right_child=1 7 4 6 11 15 18 52 19 10 -12 20 58 23 -16 40 46 22 39 31 57 43 38 -25 -26 -27 42 -29 56 -31 -32 -33 -34 54 -36 -37 -38 45 -40 -41 41 61 -44 53 -46 -47 47 -49 49 -51 -52 -53 -54 -55 -56 59 -58 -59 -60 -61 -62 -63
leaf_value=0.35675648008898692 0.027387926603849512 -0.04193789823107074 0.15788487638722584 0.26118924994533155 0.28608466640154379 0.21810475277906285 0.10183195051877514 -0.04348718832736468 -0.0070213483732623032 0.29335403202205357 0.33824456985886542 0.23687286999918716 0.21086628332722912 0.10190378320934922 0.03490426213166227 0.052271907481476532 0.26610152383325447 0.3309221616628153 0.17364612443284991 0.14159110453630949 0.25283209379712884 -0.0097571476920209066 0.22459466894869246 -0.0051861833228435857 0.016848006579648255 0.071288625562544838 0.17672306888668904 0.12257515570153391 0.25242494390962011 0.069754025025681399 0.0051771844098492878 -0.0002598591683635098 0.33939075098028065 0.042749654532145659 0.039202800409350681 0.26505018686550452 0.17183695916689642 0.22465918591840725 0.061462216564796474 0.12116110257890811 0.21478537745918225 0.011599541190521421 0 0.2014259047835556 0.30975229957310363 0.29120363559430223 0.072679275200594529 0.21397095172396538 0.33315145976467719 0.35558088505194346 0.21936564660478128 -0.018301605968383063 -0.052717882742054106 0.039374957090849871 0.13284192756571972 0.037319991124970982 0.15887970056808146 0.3323293544093453 0.063114304831801082 0.19517428208748189 -0.0073841359605514344 0.12194774796034469
leaf_weight=2926.2767256572843 46.118231900036335 535.81748812645674 55.050341188907623 113.00069469958544 174.95172243565321 53.916533462703228 22.867588862776756 1044.0645748153329 467.15966419875622 192.14491955190897 538.85455973446369 165.93275455385447 8.915567412972452 58.752591319382191 131.19011579453945 91.163914687931538 18.570684053003788 30.85676072537899 43.642057113349438 49.781030587852001 41.356147393584251 40.161086827516556 14.169845327734949 167.11393723636866 47.430190272629261 23.467032246291637 23.961794786155227 59.312979348003864 41.853114955127239 67.416920222342014 40.167614549398422 29.489486910402775 153.35760655999184 24.502730369567871 34.023936398327351 27.910142600536346 14.780980907380579 128.66337165236473 13.569091014564036 53.339461602270603 20.634871408343315 17.890885010361671 7.1903925314545623 13.17422368377447 11.957569569349287 56.825069926679134 18.691650472581387 22.930764421820641 873.94176488369703 779.19045461714268 24.678069017827511 589.19251757115126 7194.6223989874125 84.919150404632092 75.49072028696537 23.822486080229286 28.658076070249081 57.560351811349392 21.87664432823658 7.1060264483094207 106.87039811909199 24.723007701337337
leaf_count=6199 519 7290 399 767 792 354 227 14369 5790 734 1645 1058 66 650 1426 942 127 116 383 470 247 484 94 2176 556 202 167 479 176 742 502 354 546 271 396 149 92 733 126 537 155 195 77 116 75 255 189 175 2292 1801 194 7775 101206 960 703 273 182 256 218 64 1413 220
internal_value=0 -0.0309782 0.324385 0.0700614 0.229053 0.176617 0.154046 -0.0465686 0.0379758 0.346332 0.314102 0.280926 0.228217 -0.020071 0.0836321 0.117832 0.114562 0.221443 0.114651 0.0174058 0.247353 0.00730936 0.244954 0.0200597 0.0818477 0.167295 0.221051 0.16826 0.267089 0.108583 0.0627223 0.074014 0.311096 0.0845979 0.100178 0.194274 0.284785 0.257612 0.145482 0.163384 0.0807369 0.121539 0.136126 0.0468906 0.203511 0.245218 0.186953 0.150966 0.352069 0.343747 0.163274 -0.0295662 -0.0509844 0.0645562 0.11088 0.11273 0.214755 0.299432 0.1066 0.0742613 -0.0401401 0.0758722
internal_weight=0 11238.9 6638.17 1502.26 1242.46 618.154 415.125 9736.6 1087.13 5395.7 816.292 624.311 143.793 1391.04 337.495 267.642 206.305 350.512 271.332 749.637 296.001 636.343 244.084 266.034 162.393 106.428 197.085 113.23 277.437 114.963 98.9202 113.294 328.309 146.112 83.805 82.9605 206.926 216.345 27.7389 108.939 154.413 63.2488 31.1522 169.183 55.5996 185.488 60.1931 41.6224 4579.41 1653.13 47.5457 1125.01 8345.56 129.022 99.9935 44.1027 70.5112 98.9165 30.7922 30.9285 1150.93 42.6139
internal_count=172146 151463 20683 16082 7562 4419 3765 135381 12317 13121 2829 3143 1051 18393 3410 2345 1984 2074 2714 8907 1805 7687 1324 3328 1719 750 1302 833 1184 1163 1152 1220 1338 1493 866 548 826 1104 220 995 1512 570 244 1897 458 988 491 364 10292 4093 421 15065 116988 1413 974 453 358 503 284 337 15782 415
is_linear=0
shrinkage=0.05


Tree=2
num_leaves=63
num_cat=0
split_feature=11 11 11 8 8 11 11 11 8 11 8 11 11 8 8 10 8 11 10 10 8 10 1 10 1 5 3 8 8 11 2 8 10 4 11 8 4 8 9 10 7 8 2 8 11 10 11 11 10 8 9 11 1 0 2 2 2 3 8 11 11 8
split_gain=143220 5081.57 3677.3 1073.32 770.416 455.166 362.802 316.616 251.877 241.119 196.376 190.162 172.984 153.361 119.548 98.3158 97.7128 90.6548 83.2026 81.4417 81.1845 89.2165 79.5876 74.7195 74.3861 74.3302 73.2799 71.7948 67.4921 63.9355 63.0817 60.9353 60.3814 60.1698 71.582 81.3719 57.9485 57.1116 54.9689 51.6133 49.2977 49.1933 49.0988 46.3419 46.1669 45.7628 45.1386 44.8351 45.0712 43.734 43.4971 43.3533 73.1967 43.0666 42.8645 42.0395 81.055 39.3615 38.7712 36.9503 36.8971 36.1789
threshold=0.53641666666666687 0.58308333333333351 0.48675000000000007 9.8500000000000032 8.2500000000000018 0.61991666666666689 0.50741666666666685 0.45141666666666674 6.8500000000000005 0.55991666666666684 12.350000000000003 0.51541666666666686 0.55758333333333354 12.750000000000002 8.9500000000000011 53.500000000000007 6.6500000000000012 0.52658333333333351 72.500000000000014 75.500000000000014 11.450000000000001 25.500000000000004 1.3333919413919415 55.500000000000007 0.64032035891279604 3.5000000000000004 12.766315898521109 5.7500000000000009 2.1500000000000008 0.64491666666666692 1.127374297924298 10.450000000000001 62.500000000000007 2.5000000000000004 0.5192500000000001 3.4500000000000006 4.5000000000000009 8.8500000000000032 70.500000000000014 51.500000000000007 16.500000000000004 14.65 1.6960231597512301 9.2500000000000018 0.53008333333333346 35.500000000000007 0.46708333333333346 0.5192500000000001 36.500000000000007 12.450000000000001 43.500000000000007 0.59125000000000016 1.14290737833595 17.974411764705888 1.4580860628904109 2.2099444444444445 1.6676751260504206 12.814731255560659 17.450000000000003 0.5704166666666669 0.58475000000000021 8.9500000000000011
decision_type=2 2 2 2 2 2 2 2 2 2 2 2 2 2 2 2 2 2 2 2 2 2 2 2 2 2 2 2 2 2 2 2 2 2 2 2 2 2 2 2 2 2 2 2 2 2 2 2 2 2 2 2 2 2 2 2 2 2 2 2 2 2
left_child=2 3 7 12 6 10 18 -1 32 20 37 31 19 50 17 51 33 -13 28 27 26 -22 -14 44 47 -21 -5 -2 -4 41 39 -6 -9 42 35 -35 -32 -3 -23 -28 -25 -7 -8 -24 -18 -30 -34 -16 -49 -26 -11 52 -12 -20 -27 56 -29 -58 -53 -15 -17 -10
right_child=1 5 4 9 11 29 16 8 61 13 15 14 22 59 24 60 23 -19 53 25 21 38 43 40 49 54 30 55 45 -31 36 -33 46 34 -36 -37 -38 -39 -40 -41 -42 -43 -44 -45 -46 -47 -48 48 -50 -51 -52 58 -54 -55 -56 -57 57 -59 -60 -61 -62 -63
leaf_value=0.26171428000167124 0.010102940119127459 -0.04169500263023871 0.064214516170101335 0.048606055040679635 0.2089397011054219 -0.042904541507774265 0.011427711355325771 0.21970584668426021 0.23960861451129334 0.17065569599643138 0.041549326748246719 0.15995247688908776 -0.013316873957580355 0.16623088184062856 0.22400660793199864 0.11866069352467551 0.19146732600241403 0.016868494987297707 0.062509165295208766 -0.011105433606786494 0.30351603612931521 0.16819670730630676 0.020450408572329725 0.11915838661918604 0.18779714960829563 0.042139191134776384 0.010705565423645501 0.063782300665204711 0.24261884099236389 -0.05243770628709149 0.23985482220353183 0.24767506158081889 0.20875678713715212 0.028292129632781795 0.064167840634950568 0.1530863745497989 0.094556897660362904 -0.018541634954811748 0.056317905649924532 0.13102344721395817 0.025020791792808989 -0.0070602831925598705 0.14695850403282984 0.10596249403382957 0.069705446046166686 0.18058982185792199 0.15881603166471847 0.19789745227460975 0.07433943486293132 0.24064619284499825 0.051182167535271661 0.030483704956976165 0.2346462401658066 0.14917606649487025 0.21188818643786719 -0.032338656889126037 0.1878860216165589 0.065719896392575958 0.16969431089118911 0.10400489234711204 -0.0096057228999533138 0.26373117096482673
leaf_weight=5846.7896998673677 58.378647156059742 500.66557496041059 11.45753677934408 32.429812610149384 224.9884387999773 1006.2940745726228 44.556924737989902 299.74455980211496 314.88620213419199 7.8690026775002471 12.358428262174131 26.62379951775074 340.46525069326162 42.185769490897655 10.571775302290915 5.6841453388333312 52.970876179635525 19.086422801017761 21.789275512099266 87.283668629825115 11.554831773042677 118.26816784590483 108.83448314666748 78.706424720585346 166.47150409966707 10.236220926046373 11.949074283242224 171.38023329526186 36.358445644378662 6879.3821490108967 21.528268687427044 202.00100919604301 90.886526308953762 16.545271337032318 98.328252606093884 64.840012967586517 10.533167846500872 572.07894166558981 12.396619468927382 36.326553024351597 17.133210204541683 106.20584760606289 7.7900011688470832 18.522510141134262 9.463857173919676 214.42163527011871 98.496529757976532 10.061185844242571 28.904291078448296 54.835826583206654 210.78298972547054 84.463153176009655 8.1899428069591504 44.558427706360817 5.8932060003280631 8.9801187068223935 22.070549577474598 9.8042198270559293 5.2473902180790892 58.888108663260937 179.29544003307819 372.79872443526983
leaf_count=10357 666 7061 87 296 923 14369 444 950 847 65 137 160 4331 299 52 63 284 178 183 1059 46 773 1237 630 932 117 119 1724 115 101206 130 631 316 158 904 458 88 7680 114 299 155 1413 60 175 84 1038 498 46 223 225 2223 978 65 288 46 98 162 93 48 537 2361 842
internal_value=0 -0.0327165 0.241906 0.055536 0.169742 -0.046074 0.132779 0.256928 0.233126 0.108207 -0.0194158 0.205451 0.0195639 0.0792077 0.175862 0.0166798 0.100113 0.100484 0.171527 0.0449073 0.144505 0.169761 -0.000692898 0.13048 0.188523 0.00710071 0.112486 0.0593284 0.184259 -0.0506362 0.138118 0.22733 0.205508 0.0793336 0.0930869 0.127843 0.192718 -0.0293552 0.157672 0.10143 0.102425 -0.0394881 0.0319338 0.0329997 0.173232 0.189696 0.182907 0.132312 0.106796 0.201018 0.0555808 0.0540334 0.119518 0.120926 0.105392 0.0728339 0.0775188 0.150789 0.038862 0.130165 -0.00557529 0.252729
internal_weight=0 10776.4 8486.07 1416.56 1462.46 9359.87 718.92 7023.6 1176.81 574.712 1367.98 743.544 841.849 319.726 316.555 295.238 390.335 45.7102 328.585 374.027 254.986 142.22 467.822 158.274 270.845 103.413 112.767 270.614 262.238 7991.88 80.3371 426.989 489.128 232.06 179.714 81.3853 32.0614 1072.74 130.665 48.2756 95.8396 1112.5 52.3469 127.357 62.4347 250.78 189.383 49.5373 38.9655 221.307 218.652 110.259 20.5484 66.3477 16.1294 212.235 203.255 31.8748 89.7105 101.074 184.98 687.685
internal_count=172146 150078 22068 14697 8258 135381 4888 13810 3453 4989 18393 3370 9708 3124 1816 3652 3177 338 1711 3965 1865 933 5743 1153 1478 1222 932 2743 1240 116988 636 1554 1764 2024 1520 616 218 14741 887 418 785 15782 504 1412 368 1153 814 321 269 1157 2288 1228 202 471 163 2077 1979 255 1026 836 2424 1689
is_linear=0
shrinkage=0.05


Tree=3
num_leaves=63
num_cat=0
split_feature=11 11 11 8 8 11 11 11 8 8 6 11 6 11 10 1 6 6 10 6 11 8 10 8 8 12 3 10 8 3 6 9 8 6 4 6 11 8 8 1 6 12 8 1 10 10 7 11 10 6 6 8 8 6 11 1 1 10 1 1 9 11
split_gain=107165 3781.14 2996.14 684.268 661.072 454.544 377.775 348.911 201.325 182.648 168.802 151.364 134.932 136.116 128.53 110.777 95.4252 92.9531 91.3362 74.8243 65.435 65.0391 64.6029 63.9055 61.7551 61.3023 61.0061 60.779 56.8568 56.8324 55.389 54.9169 54.8704 54.1445 51.2294 49.1431 48.6178 53.8216 48.0136 48.0056 46.9729 46.1049 45.7911 55.2828 44.3045 43.4527 42.9049 41.0461 40.7593 40.6566 40.1767 38.6944 50.2896 38.4723 37.7738 37.6088 53.737 36.2109 36.0355 35.4859 35.4568 35.4395
threshold=0.54758333333333353 0.49775000000000008 0.58308333333333351 9.8500000000000032 9.1500000000000004 0.61991666666666689 0.45941666666666675 0.52291666666666681 6.7500000000000009 12.850000000000003 51.500000000000007 0.56841666666666679 37.500000000000007 0.53008333333333346 69.500000000000014 1.3270467548076927 49.500000000000007 38.500000000000007 23.500000000000004 48.500000000000007 0.64491666666666692 8.9500000000000011 50.500000000000007 11.750000000000002 11.550000000000002 7.5403774076715573 13.524053837578666 53.500000000000007 7.1500000000000012 13.559939925052257 51.500000000000007 56.500000000000007 11.15 45.500000000000007 2.5000000000000004 34.500000000000007 0.40675000000000011 5.3500000000000005 14.65 1.269809027777778 24.500000000000004 6.9807089536512175 6.5500000000000007 1.4220750000000002 50.500000000000007 75.500000000000014 14.500000000000002 0.51141666666666685 57.500000000000007 57.500000000000007 36.500000000000007 17.350000000000005 13.250000000000002 50.500000000000007 0.58475000000000021 1.2093738189720336 1.4512646084074656 68.500000000000014 1.269809027777778 0.56024537815126063 67.500000000000014 0.59891666666666687
decision_type=2 2 2 2 2 2 2 2 2 2 2 2 2 2 2 2 2 2 2 2 2 2 2 2 2 2 2 2 2 2 2 2 2 2 2 2 2 2 2 2 2 2 2 2 2 2 2 2 2 2 2 2 2 2 2 2 2 2 2 2 2 2
left_child=1 6 3 15 7 9 36 14 16 21 11 29 22 -14 30 40 39 28 -12 47 38 -4 -6 -20 -15 -25 49 33 44 -5 41 -30 -13 51 -34 45 -1 -38 -7 48 46 42 43 -3 -9 -17 -2 -16 -8 -19 -40 52 -11 -10 -29 -46 -57 -18 -35 -43 -60 -23
right_child=2 4 5 10 12 20 8 17 53 27 18 32 13 24 19 35 57 26 23 -21 -22 61 -24 25 -26 -27 -28 54 31 -31 -32 -33 34 58 -36 -37 37 -39 50 -41 -42 59 -44 -45 55 -47 -48 -49 -50 -51 -52 -53 -54 -55 -56 56 -58 -59 60 -61 -62 -63
leaf_value=0.21465760710614692 0.18171704238494146 0.10700410420574835 -0.040699681838911268 0.13835613772826169 0.21055839200197807 -0.042319414044840915 0.17927629413017293 0.13371879975324391 0.20383855026117215 0.16463582540232949 0.23400161981956386 0.022841135844834951 0.16250358736649667 0.072036416363657027 0.13457668661292008 0.10042900050843857 0.14006583726245433 0.061697363671773843 -0.011438335738552779 0.028527827831929354 -0.052166307598420739 -0.00072594189318373045 0.16316533033479541 0.031950114422104929 0.14067537207930669 0.14577683326918259 -0.032235044739299883 0.12976136108281047 0.014714686363161126 0.058740193114167033 0.10431962718104199 0.13458543108832755 0.022862928026696983 -0.025057268388719595 0.10483718947509915 0.019455961178026383 0.19539519238852357 0.21148726208216617 0.03687075780884827 0.19522798389978624 -0.010037509253117513 -0.0070514980207168516 0.1728093451180413 0.18960689958104959 0.016578650057120649 0.012663662525964597 0.019442377390930656 0.069233795663502101 0.13736872966006577 0.010166299859881883 -0.028525501838857617 0.21249745487581287 0.043794772564754302 0.17852475091668896 -0.004812789373100603 0.16550633526670036 0.020215813632180349 0.084232455716701737 0.1766034197895282 0.14063756881719477 -0.011328803505392112 -0.025679764467409622
leaf_weight=4793.6636997908354 5.8262425884604481 77.370777659118176 499.43038802593946 187.33246113359928 141.06551451981068 970.11996608972549 118.63813775032759 16.739323899149895 684.05894433706999 10.825914621353148 5.4038270860910407 53.791009485721588 253.44886142015457 80.693644024431705 57.083307147026062 46.060375668108463 104.46276385337114 152.92060068994761 59.693660907447338 44.541634827852249 6577.0581829845905 228.175387121737 156.61349929869175 47.523629017174244 56.247904315590858 15.770050302147864 26.082262344658375 5.3193267732858649 11.179479852318762 25.960148304700851 90.734002932906151 70.963716872036457 25.351284071803093 27.278130330145359 79.64300312846899 115.29868037998676 854.88570764660835 1494.5612294822931 35.056041911244392 144.15511307865381 445.16898424178362 8.0570989549160021 152.25215856730938 28.127451881766319 47.034512914717197 20.551630742847919 13.39412075281143 42.916616015136242 122.59532860666513 51.431598909199238 70.517486825585365 5.1197186708450309 42.340484634041786 207.5530322343111 137.72534012794495 12.551611244678499 13.047767788171766 41.837203718721867 5.0827409103512746 7.9714275598525992 4.7534997835755348 379.76200038939714
leaf_count=6898 55 463 7290 1240 460 14369 355 123 1579 94 29 581 1018 639 335 412 411 1378 678 386 101206 3008 731 429 309 122 287 51 103 217 521 487 248 339 686 1260 1681 2471 446 417 5578 68 617 130 479 225 157 358 545 511 967 34 438 574 1816 94 126 247 44 47 58 5221
internal_value=0 0.193819 -0.0358803 0.0402291 0.123218 -0.0455805 0.206996 0.0952461 0.183393 -0.0187756 0.0841145 0.101178 0.160227 0.140745 0.122753 0.00623054 0.158902 0.0603751 0.0345863 0.0826683 -0.0502935 -0.0273247 0.185704 0.0256007 0.100348 0.0605749 0.039564 0.020901 0.0882666 0.128721 0.138607 0.11837 0.0640893 0.0517896 0.0851323 0.0392975 0.211696 0.205643 -0.0388339 0.172026 -0.00671734 0.14991 0.15505 0.129233 0.0604413 0.0734855 0.0695772 0.106681 0.158065 0.0487637 -0.0067488 0.0818113 0.0687576 0.197972 0.000243774 0.0433242 0.0920145 0.124202 0.00441454 0.0665049 0.0860794 -0.0163238
internal_weight=0 10165.5 10145.3 1146.77 1599.07 8998.56 8566.41 911.005 1423.3 1345.81 500.469 372.078 688.069 390.39 509.054 646.3 531.689 401.951 128.391 144.542 7652.75 1107.37 297.679 122.987 136.942 63.2937 230.434 238.445 171.516 213.293 364.513 82.1432 158.785 95.4005 104.994 181.911 7143.11 2349.45 1075.69 385.389 464.389 273.779 257.75 105.498 89.3732 66.612 19.2204 99.9999 241.233 204.352 105.574 58.2861 53.1664 891.612 143.045 72.6339 25.5994 146.3 37.1144 16.0285 9.83624 607.937
internal_count=172146 24848 147298 11917 9670 135381 15178 6513 4128 18393 4230 2972 3157 1966 2925 7687 1975 3588 1258 1079 116988 15519 1191 1229 948 551 2176 2874 1412 1457 1846 590 1515 1007 934 1897 11050 4152 15782 1317 5790 1325 1210 593 822 637 212 693 900 1889 1413 566 532 2153 1867 699 220 658 441 115 102 8229
is_linear=0
shrinkage=0.05


Tree=4
num_leaves=63
num_cat=0
split_feature=11 11 11 12 11 10 11 6 10 6 9 10 10 10 6 7 5 11 9 6 7 9 12 10 6 7 9 11 2 9 12 7 9 9 7 11 7 7 3 7 9 6 1 11 7 2 9 10 2 10 7 3 9 2 7 3 1 10 6 9 2 5
split_gain=84661.6 2822.08 2798 481.66 280.378 263.7 221.864 214.282 132.787 120.258 114.338 114.229 95.2701 94.4199 88.9788 81.4238 82.8481 77.3725 74.2348 84.5775 73.5282 72.5631 68.5065 68.5294 67.5109 66.5326 65.8375 65.5029 64.3988 60.6604 65.4249 60.1573 67.566 57.8718 55.3894 53.4562 51.5919 50.3753 61.6521 49.5357 49.2102 49.1191 48.3366 63.3931 47.4241 65.0319 45.8342 57.0715 43.6047 42.9275 42.259 42.1663 41.8516 40.7633 40.5313 40.2487 38.6456 37.9837 37.0409 36.6864 66.0641 39.1672
threshold=0.54758333333333353 0.59441666666666682 0.50741666666666685 6.0762464689341531 0.64191666666666691 64.500000000000014 0.56841666666666679 53.500000000000007 57.500000000000007 30.500000000000004 82.500000000000014 52.500000000000007 74.500000000000014 59.500000000000007 34.500000000000007 15.500000000000002 2.5000000000000004 0.53641666666666687 68.500000000000014 32.500000000000007 17.500000000000004 61.500000000000007 7.2848102876857732 40.500000000000007 55.500000000000007 9.5000000000000018 80.500000000000014 0.5814166666666668 2.4291428571428573 72.500000000000014 7.9317789499972413 11.500000000000002 50.500000000000007 47.500000000000007 14.500000000000002 0.41608333333333342 13.500000000000002 4.5000000000000009 13.445580820228168 8.5000000000000018 46.500000000000007 48.500000000000007 0.6047625143247265 0.52658333333333351 16.500000000000004 1.4443627183047134 62.500000000000007 80.500000000000014 1.5565801985549299 85.500000000000014 12.500000000000002 13.256184881179701 84.500000000000014 1.1710408532176959 17.500000000000004 13.065225374564525 1.4512646084074656 25.500000000000004 38.500000000000007 56.500000000000007 0.86595160765160772 2.5000000000000004
decision_type=2 2 2 2 2 2 2 2 2 2 2 2 2 2 2 2 2 2 2 2 2 2 2 2 2 2 2 2 2 2 2 2 2 2 2 2 2 2 2 2 2 2 2 2 2 2 2 2 2 2 2 2 2 2 2 2 2 2 2 2 2 2
left_child=2 6 3 35 13 9 7 12 18 54 22 58 15 29 44 26 52 37 -8 20 -20 36 23 -11 39 51 59 33 31 30 -3 -25 -33 -27 -24 -1 -14 -16 41 -13 -9 -39 -34 -44 46 -46 -7 -48 -35 -41 -50 53 55 -10 -4 -17 -26 -21 -5 -2 61 -61
right_child=1 4 5 11 -6 14 8 40 25 10 -12 24 21 -15 17 16 -18 -19 19 57 -22 -23 34 28 56 27 -28 -29 -30 -31 -32 32 42 48 -36 -37 -38 38 -40 49 -42 -43 43 -45 45 -47 47 -49 50 -51 -52 -53 -54 -55 -56 -57 -58 -59 -60 60 -62 -63
leaf_value=0.18238745529346806 0.16290241510589287 0.042995796011845326 0.16155363738447448 0.17526208061355519 -0.05175274031058455 0.14504683959892758 0.069745906666231261 0.113032201379156 0.11521929674698859 0.14642961602634888 0.041805232266489717 0.16782453257061702 0.12770729576210646 -0.037393386619663953 0.17442824039934557 0.10382764775442553 -0.0015497552692578936 0.017380671144407979 0.11470776660167087 0.11042678578400858 -0.023649376825903057 -0.0053424362449316833 0.10092962639486254 0.13863871009834622 0.11478363667034863 0.091634554334810978 0.045237986447987578 -0.028477761264899294 -0.0079913064497299131 -0.025502692043642718 -0.013411401567721104 0.14633289460434371 0.028268152573440931 -0.012373683811091456 -0.029588348603808007 0.17336152858438283 0.028059106341253394 0.098385397769180441 -0.0052698118858458508 0.14020438000469548 -0.0128144390682969 0.049108619253628909 0.1204812937221669 0.065633776565809085 -0.013664149851611428 0.13292255266727757 0.11133833891359948 0.0039456887443823519 0.11157750296093674 0.082348854237171462 0.013939109896906617 -0.028886569422783809 -0.053125093016592434 0.025460728742118129 0.099262261996682838 0.039905244236464958 0.02976066352692109 -0.0072199968771765911 0.15334983843136218 -0.0017300126395279566 0.11764817771979262 0.10260079370365288
leaf_weight=5816.4328508675098 26.989690206944942 81.85126418620348 154.05892503261566 392.88720414787531 6418.8039781749249 61.633682727813721 109.81922727078199 8.1319680586457235 22.250350758433342 140.64305790513754 64.699199885129929 170.27124713361263 22.593285173177719 1277.5419597625732 11.029663138091562 67.291664525866508 55.477955132722855 98.170031443238258 34.039988309144974 7.1267477497458449 13.242094993591307 76.9128597676754 17.531032919883728 124.73062122613192 123.37687493115664 18.847730182111263 53.549514763057232 250.21928361058235 11.947813034057615 372.81317816674709 137.66038096696138 56.930129796266556 32.317134939134121 170.69753195345402 14.933872871100901 2406.2203494161367 30.942673981189728 104.85502570867538 27.368856884539127 537.12482441961765 136.68763422966003 99.509074904024601 110.9366766884923 102.37010404467583 18.86679653078318 12.455792814493178 49.68719520419836 16.601576030254364 14.28379153460264 35.091425277292728 49.169839009642601 15.761475175619124 6.1108635440468779 29.742401674389839 32.761478088796139 39.590919189155102 15.264914460480211 135.06293071061373 415.04607783257961 22.043012894690037 115.40687623620033 14.988216318190096
leaf_count=7574 129 956 614 820 103239 301 1010 56 227 541 529 451 143 19010 47 542 583 966 326 64 175 925 112 554 505 155 547 3518 90 5367 1892 231 238 2133 142 4075 310 687 254 1772 1541 775 538 759 182 72 331 164 130 190 539 197 77 334 188 385 83 1676 1063 209 787 116
internal_value=0 -0.0352174 0.165505 0.174746 -0.0467881 0.0983442 0.0267737 0.0482466 0.0100671 0.115086 0.105226 0.150377 0.062926 -0.029741 0.0694024 0.0749942 0.0484062 0.0549281 0.037039 0.0180287 0.075885 0.0257198 0.111911 0.115874 0.137833 -0.00406631 0.09417 -0.0103393 0.106048 -0.0132241 0.00760889 0.109249 0.0970749 0.00758422 0.0408313 0.179749 0.0703656 0.0700778 0.0650164 0.143851 -0.00564023 0.0744517 0.0855827 0.0942254 0.100305 0.0447061 0.113835 0.0845643 0.000761109 0.13668 0.0361378 0.042397 0.0729577 0.0641164 0.150716 0.080256 0.105487 -0.00121477 0.164032 0.108712 0.0989846 0.0405253
internal_weight=0 9835.65 11275.8 9911.72 8288.67 1364.04 1546.98 676.717 870.263 863.86 677.04 1689.06 531.898 1869.87 500.178 401.449 168.471 340.933 299.291 189.472 47.2821 130.449 612.34 579.876 881.129 570.972 232.977 503.218 439.232 592.325 219.512 427.285 302.554 252.999 32.4649 8222.65 53.536 242.763 231.733 742.487 144.82 204.364 245.624 213.307 159.245 31.3226 127.922 66.2888 234.151 572.216 63.4536 67.7542 112.993 51.9928 186.82 106.883 138.642 142.19 807.933 179.428 152.438 37.0312
internal_count=172146 147298 24848 16533 130464 8315 16834 6350 10484 4536 3734 4884 4753 27225 3779 3375 1587 2729 3251 2241 501 1378 3205 2951 3001 7233 1788 6475 2410 8215 2848 2320 1766 2957 254 11649 453 1763 1716 2413 1597 1462 1535 1297 1050 254 796 495 2802 1962 669 758 1004 561 802 927 588 1740 1883 1241 1112 325
is_linear=0
shrinkage=0.05


Tree=5
num_leaves=63
num_cat=0
split_feature=11 11 11 8 8 11 11 11 8 8 6 8 6 11 6 8 12 6 6 11 1 6 6 8 2 12 9 11 12 4 2 11 9 14 11 8 5 8 11 8 2 6 2 9 8 6 2 9 1 8 11 8 2 11 5 8 4 6 8 9 5 3
split_gain=68746.5 2591.95 2488.06 552.368 506.351 384.531 273.803 173.464 155.5 149.872 116.72 102.488 96.9146 92.8414 88.3219 86.5337 81.4405 74.4714 61.0369 59.1278 56.8952 56.4388 55.6833 53.9764 71.8188 47.492 43.726 43.5049 43.0868 41.6881 59.4994 40.6191 40.5714 40.3304 42.5415 39.0676 40.2623 38.4573 37.7289 36.9065 64.6894 47.3311 38.4342 39.8338 36.8847 36.5523 36.3682 35.7946 35.6863 35.2509 34.9607 34.9254 31.903 30.5341 30.394 30.3378 30.2752 30.0443 29.6498 43.5916 33.9226 31.5778
threshold=0.55025000000000024 0.59441666666666682 0.48675000000000007 10.450000000000001 9.8500000000000032 0.5192500000000001 0.64191666666666691 0.44291666666666679 6.6500000000000012 13.15 46.500000000000007 5.3500000000000005 51.500000000000007 0.5740833333333335 51.500000000000007 5.3500000000000005 7.4444921107304376 33.500000000000007 38.500000000000007 0.53641666666666687 0.56443823090489775 31.500000000000004 59.500000000000007 12.050000000000002 1.5481927600441889 7.2243349172721825 72.500000000000014 0.51141666666666685 7.898222290587591 3.5000000000000004 1.3817591719391722 0.58475000000000021 74.500000000000014 1.0000000180025095e-35 0.55758333333333354 15.950000000000001 1.5000000000000002 9.3500000000000032 0.53325000000000011 11.250000000000002 0.43310199929971999 43.500000000000007 1.097964199940846 60.500000000000007 7.4500000000000011 27.500000000000004 1.8020944444444447 53.500000000000007 0.95242743271221542 7.5500000000000007 0.56208333333333349 6.7500000000000009 1.7727163386783287 0.49775000000000008 4.5000000000000009 10.050000000000002 3.5000000000000004 57.500000000000007 13.450000000000001 70.500000000000014 3.5000000000000004 12.932835152942593
decision_type=2 2 2 2 2 2 2 2 2 2 2 2 2 2 2 2 2 2 2 2 2 2 2 2 2 2 2 2 2 2 2 2 2 2 2 2 2 2 2 2 2 2 2 2 2 2 2 2 2 2 2 2 2 2 2 2 2 2 2 2 2 2
left_child=2 4 7 5 13 8 9 -1 12 28 16 -9 47 18 15 32 23 -10 25 -16 -17 29 -5 24 -6 33 56 -19 -3 -11 -31 58 -7 34 -2 -23 -37 -27 -34 41 -41 -18 43 -42 -29 -44 -35 -4 -14 -15 -36 -20 53 -49 -51 -13 -26 -46 60 61 -12 -60
right_child=1 6 3 22 10 14 -8 11 17 21 31 55 48 49 19 20 39 27 51 -21 -22 35 -24 -25 26 37 -28 44 -30 30 -32 -33 38 46 50 36 -38 -39 -40 40 42 -43 45 -45 57 -47 -48 52 -50 54 -52 -53 -54 -55 -56 -57 -58 -59 59 -61 -62 -63
leaf_value=0.15910795344618842 0.17453224495342626 -0.022269559503600392 0.021365821055774878 0.14100020737740565 0.038404066957292753 -0.017866171515965559 -0.05155801143701419 0.12357772666446845 0.14488442908921656 -0.0062603628470781119 0.018320358408408094 0.14496253671500833 0.060545305880925382 -0.037543058625964007 0.048734638911439324 0.029975977996600081 0.0078152191916919748 0.11564665190481874 -0.025133725010075349 -0.0090980468565304215 0.082794771011123286 -0.020032872951301052 0.086767227477233061 0.12255878661208684 0.081115767081204979 0.006807067991513845 0.013961262679556476 0 -0.041522294247602232 0.011106064706830635 0.12891232501092639 -0.0082627943228733066 0.08615081928437017 0.0047853716284791724 -0.053209763349810119 0.063436182571527971 -0.021438123129168735 0.097792136790884068 0.0086640247439856138 0.20921138183099597 0.071656191669618216 0.1111479235790543 0.16348334359813022 0.0013394639246939737 0.10469782613281578 0.068187227261888084 0.10989485305814035 0.11178926254637506 -0.0029033738824381524 -0.0092332916396893634 0.12910784334575323 0.01209677298575421 0.13460721064353787 0.074275614145225752 0.1214132614624002 0.16123904870852762 0.17402501566621675 0.018959039361002693 0.00106315776242929 0.17788204713772254 0.080897813611477062 0.094456511572702184
leaf_weight=7704.3631889075041 14.624619968235494 399.03012190759182 16.840485036373138 627.28608246147633 68.83202351629734 36.662028379738331 6146.2165946550667 527.56937600672245 197.93101681768894 29.306900650262833 126.44349261373281 1138.179701551795 51.429181657731533 169.73987599462271 110.77392030507326 59.541360110044479 69.882225356996059 321.84621734917164 102.04556714743376 73.233206905424595 375.04115054756403 211.78597639501095 52.383409887552261 93.745419926941395 14.337871342897413 107.02707616239786 8.3898551464080793 13.69651787728071 1086.9610857889056 21.303502671420574 21.720716260373592 56.502587243914604 32.026341304183006 26.416911751031876 4.979685537517069 32.129019446671009 24.482945211231709 12.955776795744894 31.098748914897442 7.4283055663108817 38.906291529536247 13.106690339744089 12.677385233342646 41.956661604344845 57.918194450438023 51.521633930504322 11.932122699916361 91.555006600916386 38.614986591041088 182.22226282209158 5.3200105875730515 164.13103497773409 47.561760038137436 140.2179504558444 4.4596903175115576 407.87217606604099 24.94794087857008 12.64235734939575 16.953111186623573 8.3913691788911802 26.168186590075493 19.595978759229183
leaf_count=9613 101 5829 96 1947 539 364 103414 1358 553 394 1238 2176 302 2417 823 493 799 1062 1287 770 2399 2979 242 519 102 1256 72 101 16876 277 238 734 234 277 59 381 326 121 326 46 328 122 102 436 263 486 92 339 260 2433 46 1887 165 793 52 605 140 82 137 46 226 126
internal_value=0 -0.0351429 0.144463 0.0986981 0.0250209 0.0835153 -0.0465053 0.155639 0.103726 -0.0295001 0.0561336 0.142742 0.0788681 -0.0019942 0.0556385 0.0659322 0.0715572 0.119596 0.0131112 0.0256981 0.0755782 0.000394212 0.136841 0.0942106 0.0712724 0.0353112 0.118442 0.107225 -0.0363576 0.0395765 0.0708574 0.0290361 0.0238391 0.0703539 0.119859 -0.0101573 0.0266694 0.0167466 0.0481299 0.051278 0.0658968 0.0243092 0.0583844 0.03528 0.074899 0.0873081 0.0378205 0.0926868 0.0333072 -0.0210538 0.0408163 -0.00216179 0.0969595 0.0891576 -0.00602214 0.14927 0.140536 0.0894553 0.0397282 0.0754656 0.0291291 0.051394
internal_weight=0 9478.58 12166.3 2388.3 1505.64 1708.63 7972.94 9777.98 990.254 1826.72 699.787 2073.62 386.219 805.855 718.377 534.37 445.732 604.034 449.433 184.007 434.583 340.729 679.669 210.253 116.508 183.256 47.6757 406.103 1485.99 72.3311 43.0242 254.055 99.7871 63.2734 24.9243 268.398 56.612 119.983 63.1251 235.479 152.49 82.9889 145.062 80.863 84.2571 64.199 38.349 296.175 90.0442 356.422 10.2997 266.177 279.335 231.773 186.682 1546.05 39.2858 70.5606 197.552 44.9405 152.612 36.5491
internal_count=172306 146940 25366 11614 16226 9425 130714 13752 4016 27300 6198 4139 1955 10028 5409 3816 3691 2061 5126 1593 2892 4595 2189 1372 853 1952 314 1508 22705 909 515 2507 924 575 206 3686 707 1377 560 2319 1398 921 1352 764 446 588 369 1393 562 4902 105 3174 1297 1132 2485 2781 242 345 1773 309 1464 263
is_linear=0
shrinkage=0.05


Tree=6
num_leaves=63
num_cat=0
split_feature=12 12 12 8 8 12 12 12 12 6 6 8 6 8 12 6 12 8 8 1 6 1 8 3 12 8 8 8 6 3 1 1 3 1 8 4 6 8 3 6 8 1 9 3 3 12 9 12 6 0 12 1 0 8 7 7 1 3 4 9 7 7
split_gain=57492.9 2348.74 2096.47 385.3 340.68 226.494 207.519 189.731 168.383 132.677 96.8772 96.4796 92.7558 91.8817 73.181 74.8582 71.3871 67.7792 64.1871 61.804 60.3632 56.9824 55.5431 55.4682 54.472 52.0722 52.0547 51.0901 48.5536 46.7512 50.0073 50.0451 46.543 45.6967 44.785 43.8352 42.7843 40.8976 40.861 39.2019 38.5471 38.4553 35.9225 35.3531 33.4803 33.5008 33.4176 33.1695 34.8451 33.0048 31.8192 31.8173 39.4709 31.7417 31.581 31.5779 49.894 30.745 32.82 30.3358 29.5687 29.5518
threshold=7.2243349172721825 6.4076250969976867 7.898222290587591 10.050000000000002 10.450000000000001 6.9013188757673847 5.8715679782189625 7.4925034417655452 8.3000145790045554 51.500000000000007 51.500000000000007 13.850000000000003 46.500000000000007 7.2500000000000009 6.9422842501157573 52.500000000000007 7.4694714165427092 7.4500000000000011 4.7500000000000009 2.0412414965986398 35.500000000000007 0.33334798534798538 14.950000000000001 12.796971693193582 8.125374102868177 9.0500000000000025 14.15 15.450000000000001 33.500000000000007 13.065225374564525 0.94060569906975144 1.3801311249137338 13.288382406865727 0.76960776609861148 7.0500000000000007 3.5000000000000004 55.500000000000007 11.250000000000002 12.796971693193582 29.500000000000004 12.850000000000003 1.4220750000000002 67.500000000000014 13.526203115211745 13.30254518545709 7.0201800338463825 84.500000000000014 6.9807089536512175 57.500000000000007 26.292360426929395 7.6083644784255631 1.4220750000000002 16.983300000000003 7.8500000000000005 13.500000000000002 14.500000000000002 0.84036806722689095 12.977266509387183 3.5000000000000004 52.500000000000007 18.500000000000004 11.500000000000002
decision_type=2 2 2 2 2 2 2 2 2 2 2 2 2 2 2 2 2 2 2 2 2 2 2 2 2 2 2 2 2 2 2 2 2 2 2 2 2 2 2 2 2 2 2 2 2 2 2 2 2 2 2 2 2 2 2 2 2 2 2 2 2 2
left_child=1 6 3 16 5 10 -1 20 11 17 18 21 27 36 -6 -16 25 19 49 57 60 24 35 -14 37 -2 44 29 -13 46 61 -32 -30 54 -12 42 -8 -4 -11 -19 -25 -36 -22 -20 45 -17 -9 48 -40 55 -48 52 -41 -18 -27 56 -3 -7 -59 -42 -5 -31
right_child=2 4 8 7 14 9 13 12 -10 38 34 28 23 -15 15 26 53 39 43 -21 22 -23 -24 40 -26 33 -28 -29 32 30 31 -33 -34 -35 41 -37 -38 -39 47 51 59 -43 -44 -45 -46 -47 50 -49 -50 -51 -52 -53 -54 -55 -56 -57 -58 58 -60 -61 -62 -63
leaf_value=0.14222827386228823 -0.0011351534076229363 0.081139645110947331 0.028481172038294058 0.088660268349120594 0.12530497819150352 0.0099985691540473466 0.11712186289967674 0.0076618655881450408 -0.050654603830789117 -0.027411676897069026 0.036877994471593539 0.049022294515195644 -0.037830659703712202 0.13415133891817915 0.10591608695758122 0.065231386678482758 -0.030908870355887231 0.11384410726799132 0.095545553768974223 0.15914729687662632 0.042323496555834374 -0.037657089443765557 0.12656316339967064 -0.0070202025247926405 -0.053340461248384055 0.031682478929335268 0.13987728674989666 0.10718056415421029 -0.027767199788782778 -0.014223751661472994 0.13619410276083743 0.0043749506504966252 0.04922619814787807 0.016954142150700475 0.089048092393588199 0.02089205859658258 0.086988984450846407 0.19294374711394924 0.12813558207677278 0.0836096379015 -0.030769723173694953 0.020262395599020804 0.1103515401121563 0.12852148935178051 0.11110161134334698 -0.033564170739179493 0.18996423745687896 0.0080840663278349909 -0.0042565020436303369 0.01166353918617649 0.035569784587618607 0.1051018678457621 0.031898893280215661 -0.007648059395281172 0.14195259859127435 0.092104343802633312 -0.032969183793363041 0.020664552345781739 0.075850366018894583 0.077409797251741533 0.16963474955301794 0.052200718000402907
leaf_weight=8553.8070296049118 289.8524522408843 25.101905278861523 9.5646044239401835 97.791227638721466 464.15850933641195 84.871944606304169 761.13091909885406 167.07723949104548 6129.8494896069169 57.960834324359894 122.20118387788534 46.335652284324169 86.513838477432728 1070.3702476322651 220.11978443711996 12.699750654399393 295.73386318236589 58.723357155919075 625.7831337377429 10.100401528179644 47.716265134513378 967.36126570776105 22.429299503564835 66.801418237388134 10.0107339695096 11.227689422667028 10.820051342248915 23.167240023612976 92.237749364227057 23.855069868266582 27.941880479454994 9.8035027310252172 24.799950025975704 52.235305614769459 125.24000805616379 100.33116305619478 142.95962429791689 6.2935702763497821 13.747915491461756 69.112161912024021 8.0269975662231428 24.567520372569561 33.301441535353661 95.743110403418541 7.9501055777072898 25.92291534692049 4.7936691865324965 58.652371279895306 7.6307824477553359 25.532609313726425 11.048868551850317 42.684027403593063 80.458590485155582 292.44442070648074 16.000720284879208 82.938357196748257 15.307020485401152 50.825352504849434 58.232939340174198 31.378044351935387 13.022345811128615 54.985652439296246
leaf_count=10219 3382 118 120 622 1191 849 1772 2104 107294 673 800 575 1223 1844 898 72 4347 319 2500 68 353 15391 109 801 140 99 41 197 1365 238 213 97 272 541 556 887 459 36 73 359 83 149 237 226 29 240 39 551 66 190 143 256 642 3995 115 377 115 402 413 288 63 470
internal_value=0 0.128539 -0.0354479 0.013073 0.0847213 0.0725827 0.138847 0.0380054 -0.0473515 0.0474788 0.0856038 -0.0298383 0.0193086 0.124188 0.113104 0.0926405 -0.00853566 0.0605016 0.0937585 0.0390186 0.0686046 -0.0356953 0.052356 -0.00811469 0.0373349 0.00868286 0.0415418 0.0357004 0.00573886 0.0301206 0.0548673 0.102191 -0.0113817 0.0445144 0.0594664 0.0430858 0.112373 0.0948641 0.00448917 0.0779236 0.0160572 0.0778221 0.0704489 0.0999454 0.018338 -0.000864922 0.0142994 0.0276605 0.0808478 0.0636937 0.0834989 0.0668723 0.0558662 -0.0193553 0.0969478 0.0744051 0.0378168 0.0326574 0.05022 0.0552244 0.0983655 0.0320466
internal_weight=0 13005.4 9073.93 1787.48 2477.09 1735.42 10528.3 829.985 7286.45 593.001 1142.41 1156.6 515.393 1974.46 741.671 277.513 957.494 455.009 870.406 204.031 314.592 993.23 203.778 192.72 25.8689 369.316 57.3928 322.673 163.373 299.506 116.586 37.7454 117.038 79.4637 272.009 181.349 904.091 15.8582 137.992 250.978 106.206 149.808 81.0177 721.526 46.5728 38.6227 182.92 80.0311 21.3787 148.88 15.8425 192.255 149.571 588.178 27.2284 123.347 40.4089 193.93 109.058 39.405 110.814 78.8407
internal_count=172306 26467 145839 20646 12173 9702 14294 8167 125193 4671 5031 17899 5896 4075 2471 1280 12479 3308 3526 1732 2271 15687 1586 2395 296 4137 382 3501 2212 3304 1018 310 1637 755 1505 1477 2231 156 1363 1576 1172 705 590 2726 341 312 2286 690 139 800 182 1257 1001 8342 214 610 233 1664 815 371 685 708
is_linear=0
shrinkage=0.05


Tree=7
num_leaves=63
num_cat=0
split_feature=12 12 12 8 8 12 12 12 12 6 8 3 8 3 12 8 6 6 6 2 6 8 12 8 2 6 6 1 8 12 2 8 6 3 2 1 12 8 8 9 2 8 6 1 3 8 3 9 6 8 1 1 2 0 7 4 8 9 5 1 3 8
split_gain=49049.3 2364.72 1686.98 317.132 299.119 251.185 206.403 172.69 170.503 108.359 91.7495 89.3774 96.197 88.115 76.9291 75.4161 69.0934 61.6658 60.8236 54.9534 51.7955 64.9435 50.5179 47.8789 44.2181 59.2606 40.8472 38.1545 37.9839 38.5175 41.41 36.2835 40.443 36.5341 39.1869 41.6296 36.0169 37.408 35.544 34.0296 34.8338 33.1661 32.9395 42.9468 32.6431 39.8882 32.4697 30.4513 37.6979 42.6024 29.0902 29.0409 32.5414 38.6826 32.8489 28.9606 37.7755 32.7277 31.9291 28.8014 83.6743 28.6359
threshold=7.2848102876857732 6.4076250969976867 7.898222290587591 9.0500000000000025 10.450000000000001 6.9422842501157573 5.9745666903330372 7.4925034417655452 8.3000145790045554 51.500000000000007 13.850000000000003 13.288382406865727 6.6500000000000012 13.065225374564525 6.9013188757673847 7.9500000000000011 35.500000000000007 33.500000000000007 56.500000000000007 0.41685446652345154 47.500000000000007 15.450000000000001 8.125374102868177 14.750000000000002 0.85494233693477406 32.500000000000007 55.500000000000007 0.95222124542124542 11.65 7.5403774076715573 1.0259252950752953 7.0500000000000007 29.500000000000004 13.979857431065533 1.7875136363636368 1.6748579801151233 5.4219604853889924 6.4500000000000011 4.7500000000000009 69.500000000000014 1.18685007757489 14.850000000000003 49.500000000000007 0.92170949308755767 12.932835152942593 5.0500000000000007 13.16990388361171 84.500000000000014 43.500000000000007 12.350000000000003 0.65125822033716785 1.3605451857666144 1.6259923015873017 25.720285714285719 18.500000000000004 2.5000000000000004 8.5500000000000025 77.500000000000014 1.0000000180025095e-35 1.1287708901884341 13.036193712795823 11.250000000000002
decision_type=2 2 2 2 2 2 2 2 2 2 2 2 2 2 2 2 2 2 2 2 2 2 2 2 2 2 2 2 2 2 2 2 2 2 2 2 2 2 2 2 2 2 2 2 2 2 2 2 2 2 2 2 2 2 2 2 2 2 2 2 2 2
left_child=1 6 3 -2 5 11 36 16 10 31 19 12 42 20 61 26 -5 -14 59 22 21 47 -4 -18 50 27 -8 -26 29 30 -15 -7 -33 34 55 -36 -1 -38 -13 46 -41 -29 43 -3 45 -28 -30 51 49 -49 -12 -9 -53 -54 -55 58 57 -57 -34 60 -16 -6
right_child=2 4 8 7 14 9 15 13 -10 -11 24 38 17 28 18 -17 23 -19 -20 -21 -22 -23 -24 -25 25 -27 44 41 39 -31 -32 32 33 -35 35 -37 37 -39 -40 40 -42 -43 -44 -45 -46 -47 -48 48 -50 -51 -52 52 53 54 -56 56 -58 -59 -60 -61 -62 -63
leaf_value=0.1310490771519813 -0.017658593016955323 0.024677987784194083 0.10054955608617074 0.08785972883219674 0.092997387348849062 0.031168472422515626 0.10442279614614787 -0.013935696952067457 -0.05037714777140459 -7.5426712902688982e-05 0.02910229490931426 0.065456404566882287 0.10376540093954256 0.016872203545682678 0.03042770731737697 0.1214228695448431 0.032037334263284145 0.068447545198222867 0.032473423489486196 -0.036866859190611355 -0.023868441159289145 0.10127238407687594 -0.052948054748794139 0.11191881744423582 -0.052957900673201289 -0.02980808556627659 -0.0026979861836449082 0.0020383389784775514 0.17506205496864446 0.0070560141001610168 0.18665391628628411 0.0923404936044806 0.10958443899438326 0.14561642816549122 0.16686762434542102 0.053812209353958168 0.11732246788027319 0.12971737324038482 0.10376001050172341 -0.041942405345314508 0.09655913720014675 0.11450487797342622 0.02088812451021263 0.070898446618812755 0.10190619912631201 0.076527070440051373 0.061827411893487741 -0.0087113003673847181 0.17638939218658534 0.16200262408740784 0.13539685763156056 0.11042445452838151 -0.028045781756063672 0.022916678331934615 0.14758951277455379 0.067933519404498197 -0.0028714850488328982 -0.033882232182549869 0.030680342179383337 0.10682717733997688 0.10064725224412457 0.12146078971459129
leaf_weight=6810.7504138797522 651.78637266159058 74.947893857955933 13.93425812199712 116.08792360126972 127.41295386105776 179.80095923691988 755.88197134435177 143.47591609507799 5862.2011423669755 146.83254482597113 28.345145545899868 77.055852927267551 183.44977651536465 8.1117193475365621 63.575464658439159 772.44915151596069 193.47072103619576 389.25550914555788 52.010057762265205 940.35198122262955 158.86662965267897 18.941048569977283 8.5455792695283872 20.778180845081806 7.5481966212391844 91.725956875830889 23.126300305128098 10.548521634191276 6.8364808335900298 108.9714430719614 6.4820337668061248 72.336496666073799 23.603208169341087 9.3818342313170415 12.297827258706091 24.826764084398746 1175.7417712509632 1342.202957034111 311.72821444272995 14.810540512204172 6.4268807619810095 17.639234308153391 95.511366978287697 155.84739208221436 58.294899560511112 49.786725305020809 86.868938520550728 17.700008057057865 5.0963172912597647 4.4882417917251578 8.3412614166736585 9.5947869196534139 30.395959049463272 23.189847968518738 6.8182287216186515 49.262719959020615 68.667962342500687 9.2607405036687833 28.683520667254925 155.62713070213795 129.55905462056398 322.02688837051392
leaf_count=7470 9042 461 126 751 356 1606 1710 1891 107294 1532 319 326 606 77 371 1282 1696 1772 357 15436 2226 155 125 98 105 1368 123 138 54 1217 42 418 132 24 58 169 1760 1646 892 158 49 187 692 810 146 157 641 238 51 34 95 105 396 295 69 368 548 94 190 611 451 690
internal_value=0 0.115836 -0.0362447 0.00940404 0.0744781 0.0634958 0.126234 0.027273 -0.0469516 0.037461 -0.0291254 0.0761224 0.0674245 0.0124336 0.099169 0.109941 0.0567624 0.0797855 0.0831448 -0.0350161 -0.00137799 0.0123647 0.0420008 0.0398563 0.00539722 -0.00849983 0.0999251 0.0459846 0.0366834 0.0173591 0.0933806 0.0489966 0.0597111 0.0492082 0.0449441 0.0917447 0.129131 0.123937 0.0962 0.0573806 0 0.07275 0.0456964 0.0559278 0.0739165 0.051361 0.0703198 0.00531029 0.0549514 0.0261683 0.0537084 -0.00103377 0.025322 0.0115612 0.0518062 0.0351899 0.0222227 0.0517066 0.0665358 0.0906755 0.0775862 0.113425
internal_weight=0 13751.2 8628.38 1639.2 2762.96 1912.75 10988.2 987.412 6989.18 624.955 1126.98 1287.8 899.012 657.075 850.212 1659.54 330.337 572.705 400.772 962.832 418.567 259.7 22.4798 214.249 164.148 127.462 887.09 35.736 238.508 123.565 14.5938 478.122 298.321 225.985 216.603 37.1246 9328.7 2517.94 388.784 114.943 21.2374 28.1878 326.307 230.795 131.208 72.913 93.7054 240.759 27.2846 22.1882 36.6864 213.475 69.9988 60.404 30.0081 179.478 127.191 58.5235 52.2867 348.762 193.135 449.44
internal_count=172306 27828 144478 19285 13534 10698 14294 10243 125193 5139 17899 5559 4341 7698 2836 3418 2545 2378 1790 15687 5460 3234 251 1794 2212 1798 2136 430 2238 1336 119 3607 2001 1583 1559 227 10876 3406 1218 902 207 325 1963 1271 426 280 695 3079 323 272 414 2756 865 760 364 1332 1010 462 322 1433 822 1046
is_linear=0
shrinkage=0.05


Tree=8
num_leaves=63
num_cat=0
split_feature=11 11 11 8 8 11 11 11 11 10 11 8 8 6 11 8 10 6 8 10 6 8 10 8 10 8 6 10 11 6 11 10 6 6 1 3 8 5 10 1 3 9 5 1 5 1 11 10 5 4 11 3 9 11 7 3 1 7 9 9 8 9
split_gain=42681.6 2104.94 1695.85 315.681 314.415 186.5 170.101 160.923 158.177 110.444 107.304 100.504 91.6507 99.1854 84.25 67.9064 65.2457 60.9993 60.8768 49.194 54.7106 47.4226 47.4106 46.2388 45.8251 45.2068 44.7974 67.4491 66.2957 40.2136 39.7933 68.2511 38.9772 38.1982 37.646 54.4198 44.307 36.7807 36.6946 34.5381 44.6559 33.7192 32.9658 45.9931 32.6009 32.5144 31.696 38.4222 36.1442 47.8547 31.5227 30.7886 32.7875 30.0592 29.4767 29.9064 29.4244 29.1921 28.9653 28.7224 48.6536 38.0136
threshold=0.55758333333333354 0.48675000000000007 0.61241666666666683 8.3500000000000032 9.5500000000000025 0.51541666666666686 0.58475000000000021 0.45141666666666674 0.52658333333333351 76.500000000000014 0.64391666666666691 12.250000000000002 11.550000000000002 49.500000000000007 0.5740833333333335 5.3500000000000005 30.500000000000004 42.500000000000007 15.15 25.500000000000004 53.500000000000007 6.9500000000000011 78.500000000000014 14.850000000000003 49.500000000000007 4.7500000000000009 40.500000000000007 57.500000000000007 0.59291666666666687 56.500000000000007 0.57958333333333356 47.500000000000007 31.500000000000004 50.500000000000007 1.3366775104427739 12.766315898521109 11.250000000000002 1.5000000000000002 71.500000000000014 1.4286441558441563 13.036193712795823 76.500000000000014 1.5000000000000002 0.74699383753501414 1.0000000180025095e-35 0.42326878306878313 0.57775000000000021 68.500000000000014 2.5000000000000004 3.5000000000000004 0.54508333333333348 13.454450677262638 49.500000000000007 0.53641666666666687 15.500000000000002 13.312089675447274 0.41668115942028994 11.500000000000002 82.500000000000014 69.500000000000014 11.750000000000002 53.500000000000007
decision_type=2 2 2 2 2 2 2 2 2 2 2 2 2 2 2 2 2 2 2 2 2 2 2 2 2 2 2 2 2 2 2 2 2 2 2 2 2 2 2 2 2 2 2 2 2 2 2 2 2 2 2 2 2 2 2 2 2 2 2 2 2 2
left_child=1 7 4 5 14 9 19 -1 29 25 11 -4 13 45 21 -9 37 24 26 -6 23 -2 50 30 -7 33 27 28 39 -5 34 -32 38 -3 35 -21 -37 -13 -18 40 -8 42 43 -30 -20 -10 47 48 49 -36 56 52 -26 -15 -54 -56 -19 -53 -47 61 -61 -38
right_child=2 3 10 8 6 17 18 15 12 -11 -12 16 -14 53 -16 -17 32 22 44 20 -22 -23 -24 -25 51 -27 -28 -29 41 -31 31 -33 -34 -35 46 36 59 -39 -40 -41 -42 -43 -44 -45 -46 58 -48 -49 -50 -51 -52 57 54 -55 55 -57 -58 -59 -60 60 -62 -63
leaf_value=0.11947779034919587 -0.018423209920109734 0.06684705819310581 -0.043774104241951384 0.10171812925493889 0.1308787740335185 0.082040498778712181 -0.010611915467438967 0.086656930297152768 -0.00029297890679782368 0.021414171603680743 -0.050940312522856163 0.17959786603405264 0.08906192395314444 0.044670863486567472 -0.027782539111013208 0.10882798551038411 0.040343892979621147 -0.055065471224229889 0.10005356631059557 -0.0070386744850798174 0.0085868937667052808 0.022532931770627356 -0.021559910326204926 0.10287677121799062 0.12530777703082996 0.085869692267721828 -0.01623666243909631 -0.0087797717577448794 0.11174959123498461 0.070986564350749889 0.097279323790467609 -0.018158499413348763 -0.024530841399808892 0.0013927436364964182 -0.019446670592715098 0.022649350106658583 0.030687790872235068 -0.0059939451072507218 -0.035854249808741599 0.19860864613385709 0.13184624912314288 -0.034516777746869419 0.08691986606193175 -0.054227036266740559 0.017039936389736689 0.073266468028429274 0.17024710819844263 0.11375619311332484 -0.020921970678470479 0.10987722244507254 -0.0056881790678595286 0.085932471575194347 0.055747200779760357 -0.0082577483013555573 0.029762031104459324 -0.055790994641915614 0.041442068256954415 -0.027953204671921389 -0.00069742228475951377 0.11631646020008311 -0.04103070512966206 0.10750690290482297
leaf_weight=9235.9435946941376 122.10017435252666 98.870883874595165 805.31226320937276 830.13107994943857 15.645806781947611 74.02356480807066 9.0012009963393265 461.20257334411144 17.215504840016365 99.238686680793762 5302.2614781521261 6.7340856045484525 280.14444680511951 43.314100034534931 578.82082845270634 1444.4672147780657 50.677718549966812 8.149741053581236 22.985174246132374 47.186987087130547 104.76659756153822 167.37011433392763 64.164335586130619 36.529834412038326 11.788164667785166 460.1328169927001 253.9512811973691 128.4163503870368 5.919953245669606 124.70453484356403 16.766684785485268 52.948406986892223 262.21556629985571 28.977344624698162 10.141662649810312 70.537155888974667 22.248283684253693 4.2869743928313255 22.786478895694017 7.7453062310814849 13.74834234267473 20.705211658030748 21.042571511119604 13.498835664242504 24.705759391188622 298.26894222199917 8.6557845026254636 29.990919671952724 15.604498863220213 23.486519172787666 56.474469341337681 6.8906879946589461 137.81547359377146 69.842925064265728 106.46651437133551 11.169583238661287 172.35585591942072 28.635495901107788 13.709115438163279 7.9693616628646877 12.41654212027788 61.238871909677982
leaf_count=10293 1564 397 14070 1957 77 391 95 1114 133 578 102068 69 999 237 8919 2345 668 85 202 379 1008 1856 674 170 58 1419 3584 1814 66 398 127 545 4192 180 73 630 149 63 352 51 115 290 221 169 264 1499 44 163 110 120 618 53 927 635 788 112 1223 297 99 54 108 348
internal_value=0 0.106675 -0.0356457 0.0698072 0.00552463 0.0519381 0.0238275 0.116741 0.0843436 0.0703002 -0.0479327 -0.0340825 0.0666509 0.0524296 -0.0167685 0.10347 -0.0115505 0.0333094 0.00349058 0.043604 0.0409463 0.00523974 0.0164993 0.0490852 0.0467235 0.0785376 -0.0019214 0.0145744 0.0473216 0.0977176 0.0438642 0.00963259 -0.0155067 0.0520633 0.0515537 0.0404933 0.0533785 0.107552 0.0166248 0.10745 0.0754619 0.0171363 0.0437119 -0.00305845 0.0572795 0.0663108 0.079309 0.0691082 0.0416334 0.0707852 0.0268299 0.038048 0.0438617 0.0119796 0.0400361 0.0215558 0.037029 -0.0055443 0.0700011 0.0741558 0.0205037 0.0871566
internal_weight=0 14184.1 8380.42 3042.48 1926.15 1365.15 1057.85 11141.6 1677.33 687.22 6454.27 1152.01 722.495 442.351 868.291 1905.67 346.701 677.934 521.72 536.134 520.488 289.47 301.144 415.722 376.789 587.981 474.029 220.078 91.6614 954.836 379.192 69.7151 335.68 127.848 309.477 221.597 174.41 11.0211 73.4642 30.4948 22.7495 61.1666 40.4614 19.4188 47.6909 329.194 87.8794 79.2236 49.2327 33.6282 236.98 302.766 267.24 113.157 255.452 117.636 180.506 35.5262 311.978 103.873 20.3859 83.4872
internal_count=172306 27509 144797 13757 23315 7800 10976 13752 5957 2574 121482 19414 3602 2603 12339 3459 5344 5226 6871 4105 4028 3420 2600 3020 2626 1996 6405 2821 1007 2355 2850 672 5212 577 2178 1668 1289 132 1020 261 210 746 456 235 466 1731 510 466 303 193 1926 2235 1885 872 1827 900 1308 350 1598 659 162 497
is_linear=0
shrinkage=0.05


Tree=9
num_leaves=63
num_cat=0
split_feature=12 12 12 8 12 12 12 8 8 12 8 8 3 6 3 8 6 12 6 6 2 8 6 3 3 6 1 2 8 8 1 7 6 7 6 8 1 6 1 2 0 3 9 2 8 2 9 2 2 3 8 4 3 8 9 7 9 8 9 6 8 1
split_gain=37119.7 1989.67 1568.46 253.962 228.426 174.695 155.429 155.224 142.253 126.412 84.486 66.9836 66.104 58.0319 57.6656 55.5768 55.3689 51.2692 49.6315 45.6562 43.9943 43.2495 42.4156 42.2843 39.5424 38.3617 33.5251 41.7238 33.1062 32.8278 28.7388 34.5139 28.7205 28.9691 28.316 34.6139 27.7278 38.9239 28.8961 26.3179 40.2678 44.343 37.3348 25.8523 27.3793 46.8387 34.2827 25.1956 24.8433 24.5796 24.4982 24.587 24.2723 24.0228 31.1203 23.7413 31.7596 23.5539 24.1921 23.5125 28.1673 23.3613
threshold=7.2848102876857732 6.3349755174535272 7.898222290587591 9.0500000000000025 6.9013188757673847 8.357147379770419 5.6571700605766138 7.0500000000000007 9.2500000000000018 7.4925034417655452 12.450000000000001 11.250000000000002 13.065225374564525 53.500000000000007 12.766315898521109 6.9500000000000011 53.500000000000007 6.5445444016498415 35.500000000000007 49.500000000000007 0.41685446652345154 15.450000000000001 54.500000000000007 13.288382406865727 13.30254518545709 37.500000000000007 0.90685223922902514 0.86595160765160772 11.250000000000002 14.750000000000002 0.98527429897688534 12.500000000000002 51.500000000000007 13.500000000000002 25.500000000000004 14.65 0.94060569906975144 36.500000000000007 1.3801311249137338 0.41685446652345154 13.48846119332689 13.036193712795823 74.500000000000014 1.3414516039516042 12.350000000000003 1.3928633050551811 71.500000000000014 0.43310199929971999 1.3879142951625096 12.796971693193582 7.0500000000000007 2.5000000000000004 13.728301426562949 4.7500000000000009 69.500000000000014 12.500000000000002 87.500000000000014 13.050000000000002 84.500000000000014 43.500000000000007 11.250000000000002 1.0989505494505496
decision_type=2 2 2 2 2 2 2 2 2 2 2 2 2 2 2 2 2 2 2 2 2 2 2 2 2 2 2 2 2 2 2 2 2 2 2 2 2 2 2 2 2 2 2 2 2 2 2 2 2 2 2 2 2 2 2 2 2 2 2 2 2 2
left_child=1 6 3 -2 7 10 -1 22 13 18 20 17 19 39 34 32 61 -9 -5 21 28 43 52 25 -18 26 27 -19 -4 57 31 -24 -8 -34 35 -12 -14 38 -38 -6 41 -41 -43 -11 59 -46 -47 -16 -15 -33 51 -42 53 55 -55 56 -3 58 -20 -45 -61 -10
right_child=2 4 5 9 8 -7 15 11 16 12 14 -13 36 48 47 -17 24 23 29 -21 -22 -23 30 -25 -26 -27 -28 -29 -30 -31 -32 49 33 -35 -36 -37 37 -39 -40 40 50 42 -44 44 45 46 -48 -49 -50 -51 -52 -53 -54 54 -56 -57 -58 -59 -60 60 -62 -63
leaf_value=0.11205729439870671 -0.016469693658518882 -0.049101613971372464 -0.006169756174422592 0.072874427632681496 -0.041989644437249653 -0.050132275362882464 0.095456005474554073 0.091447179083147284 0.060438530110461491 -0.01289049707836586 -0.051228473479940764 0.101750879985684 0.020940701110198721 0.012580246103271416 0.11065802013255316 0.10506190279447536 0.015676215549033683 0.084377908199668478 0.037934560822204005 -0.02481011283912659 -0.039100775813650138 0.077172206874934271 -0.020379546004407958 0.089169595532813797 0.093869754556948168 0.046730341204421391 0.087425396333298155 -0.011202846064223171 0.12684351886681908 0.089771673070827285 -0.0020624877227055725 -0.002548687350049263 0.091366408936302781 0.061637084920713694 -0.040185461810198275 0.13573370498672441 0.12030621161765249 0.019736757438327097 0.013414037611442898 -0.020966039628240684 -0.023306530771334412 0.055398902078222581 0.1288788121498097 -0.011256063005287864 0.18017912922943471 -0.0014685055660690577 0.087983703752428616 0.0056447460141006607 -0.037941876222521237 0.080862576996921079 0.043531819448165671 0.026247096646140045 0.092431984293321834 0.049489811602878749 0.080477606013128367 0.050875198016286975 0.049237421434727181 -0.015419868303348927 -0.054655858680542013 0.087198000364874073 -0.051917189877865866 0.082204970138855638
leaf_weight=8307.5798287540674 633.1618665009737 15.108980305492876 16.725910313427452 127.98469945043325 10.237500913441179 5220.0282425098121 1034.7742088735104 385.56839153915644 274.5831086114049 115.95265328884125 4.5519915334880334 382.45308890938759 182.19203865155578 77.953165270388126 5.7882208079099646 1608.3814201503992 85.8399802967906 23.501846969127655 168.13059560209513 137.35989715903997 854.20543900504708 22.215195149183273 14.67217233777046 173.43276088684797 19.91361391544342 248.28655882179737 154.52676797658205 21.920786328613758 6.3563852794468394 23.489715315401554 48.250480771064758 10.740653865039347 192.3692519441247 147.46697814762592 122.255520388484 5.1590885519981384 26.81840144097805 33.987733542919159 8.4414546787738782 11.602665968239306 30.097398176789284 45.90380197763443 28.329344548285007 70.100620198994875 5.8339696303009978 29.721128605306149 16.550048351287842 200.55698035284877 35.22845271974802 46.634470522403717 194.92735515534878 144.23749108612537 54.508472576737404 161.79193378984928 166.6571843996644 152.28433315455914 17.724153205752373 27.667180001735687 7.235007941722869 14.041682962328197 4.7757829949259749 232.01057430356741
leaf_count=8856 9042 100 226 751 70 104594 1774 840 1177 1556 77 737 1662 766 37 2235 656 71 1409 1996 15239 167 96 416 67 1110 465 105 38 98 330 79 377 369 2103 56 173 326 77 121 288 251 132 968 47 336 150 2823 413 189 1340 1260 126 653 622 734 87 209 78 170 70 916
internal_value=0 0.0985865 -0.0349896 0.00840934 0.0642281 -0.0461553 0.108533 0.0742393 0.0467496 0.0238202 -0.0290705 0.083867 0.011 0.0289468 -0.00782229 0.0987133 0.0635532 0.077062 0.047953 -0.00120997 -0.037257 0.0103879 0.0547863 0.0681188 0.0305222 0.0599445 0.0762966 0.0382179 0.0306328 0.0338244 0.0277054 0.0476856 0.0912743 0.0785024 -0.0336299 0.0479581 0.0312401 0.0581968 0.0949672 0.0367561 0.0385474 0.0694372 0.0836437 0.00456732 0.0189559 0.0477025 0.0305392 0.00866688 -0.00312054 0.0651837 0.0313366 0.017655 0.0605064 0.0570908 0.0652481 0.042563 0.00382077 0.027286 0.0340571 0.00201989 0.0515391 0.0704313
internal_weight=0 14559.5 8091.29 1655.66 3268.93 6435.63 11290.6 2078.06 1190.86 1022.5 1215.6 1389.69 667.991 578.517 338.312 2982.99 612.347 1007.24 354.507 416.551 877.288 279.191 688.373 621.669 105.754 448.236 199.949 45.4226 23.0823 226.522 120.298 72.0473 1374.61 339.836 131.967 9.71108 251.44 69.2476 35.2599 465.336 455.098 85.8358 74.2331 256.976 141.023 52.1051 46.2712 206.345 113.182 57.3751 369.262 174.335 568.075 513.567 328.449 185.117 32.8331 203.033 175.366 88.9181 18.8175 506.594
internal_count=172306 27828 144478 19285 14217 125193 13611 6760 7457 10243 20599 3744 7698 4641 5096 4755 2816 3007 2545 5460 15503 3464 3016 2167 723 1751 641 176 264 1794 694 364 2520 746 2236 133 2238 576 250 3462 3392 504 383 3297 1741 533 486 2860 1179 268 2888 1548 2322 2196 1275 921 187 1696 1487 1208 240 2093
is_linear=0
shrinkage=0.05


Tree=10
num_leaves=63
num_cat=0
split_feature=11 11 11 8 10 11 11 11 11 8 6 11 8 6 11 1 8 10 10 2 8 8 6 2 10 6 10 6 10 7 8 8 6 6 12 11 2 8 10 3 6 8 11 11 1 2 8 8 7 11 7 6 7 8 6 1 5 6 8 8 4 5
split_gain=33095 1705.91 1651.91 292.12 272.04 162.877 155.091 121.651 115.517 87.5998 87.2442 81.0788 66.4639 65.2474 64.4851 61.1646 58.6462 57.1592 55.7235 54.8884 51.9074 51.7705 51.4186 50.1174 49.3638 47.2061 47.0844 44.4062 42.7307 38.8346 37.1221 33.1166 31.7046 31.3453 31.1458 30.4126 30.2815 29.584 29.0083 28.7854 27.8799 42.9326 46.6055 27.8364 27.7057 32.8571 31.4525 26.5279 25.8289 26.2027 27.7812 30.8611 25.788 25.7006 41.1836 25.2099 25.0338 24.947 26.3073 24.3018 24.2977 23.9011
threshold=0.55275000000000019 0.61991666666666689 0.48125000000000012 11.15 61.500000000000007 0.58475000000000021 0.58308333333333351 0.45141666666666674 0.5192500000000001 10.450000000000001 51.500000000000007 0.65558333333333352 4.8500000000000005 32.500000000000007 0.51541666666666686 1.3333919413919415 7.4500000000000011 64.500000000000014 49.500000000000007 1.4700005291005294 15.750000000000002 13.850000000000003 38.500000000000007 1.6322006046863191 66.500000000000014 35.500000000000007 84.500000000000014 53.500000000000007 37.500000000000007 17.500000000000004 8.8500000000000032 5.9500000000000011 35.500000000000007 36.500000000000007 7.6707902545301501 0.51541666666666686 0.98922216462342527 10.750000000000002 62.500000000000007 12.766315898521109 30.500000000000004 14.850000000000003 0.6375833333333335 0.41608333333333342 0.907095641085789 0.95506164866879162 6.5500000000000007 4.0500000000000007 24.500000000000004 0.56641666666666679 12.500000000000002 26.500000000000004 13.500000000000002 6.9500000000000011 30.500000000000004 0.68579267097785623 3.5000000000000004 58.500000000000007 4.7500000000000009 10.950000000000001 5.5000000000000009 1.0000000180025095e-35
decision_type=2 2 2 2 2 2 2 2 2 2 2 2 2 2 2 2 2 2 2 2 2 2 2 2 2 2 2 2 2 2 2 2 2 2 2 2 2 2 2 2 2 2 2 2 2 2 2 2 2 2 2 2 2 2 2 2 2 2 2 2 2 2
left_child=2 3 7 6 10 18 15 43 16 23 14 20 38 24 47 31 19 22 -5 44 40 -15 -8 26 29 37 -10 -11 -12 36 35 -2 -21 -22 -26 39 -7 -16 -9 52 41 -3 -43 -1 45 -6 -46 -4 49 50 51 -33 -30 54 -17 61 -23 58 -25 -55 -52 -35
right_child=1 11 4 5 8 13 17 12 9 27 28 -13 -14 21 25 53 -18 -19 -20 32 33 56 -24 57 34 -27 -28 -29 30 -31 -32 48 -34 55 -36 -37 -38 -39 -40 -41 -42 42 -44 -45 46 -47 -48 -49 -50 -51 60 -53 -54 59 -56 -57 -58 -59 -60 -61 -62 -63
leaf_value=0.1059773065560224 -0.029966387911529186 -0.027827746742196111 0.052999225297610822 0.073698441325248887 0.026743540547516112 0.020177725034611245 0.016150551239446139 0.081738730196725409 0.018292612572723035 0.074311386878846225 0.081493773168491143 -0.051228782841928971 0.094753036624862785 -0.020407023927938802 0.068478767033311988 0.068713019669566319 0.073132133022536502 -0.037714272387900427 0.03495135949279321 0.099257047229872483 0.049644087900350603 0.030933765244690877 -0.026220349803289019 -0.0094534666159363737 0.082181235312172335 0.054528718357274124 -0.027664420796199064 0.0010845981719998807 0.051783400885865777 -0.006656378916486622 0.061713261096618677 0.15391130663962796 0.046957129681250882 0.11344989997995539 -0.033124122340025784 0.0023641856553252329 0.10160825246238446 0.098973726441184212 0.051224373203363385 0.064857351037494779 -0.042865587728306606 -0.052700755235747632 0.15744754845566189 0.099512861719405224 0.019842894167122191 0.076897720665438096 -0.065030224854221177 0.09003737061230549 0.10215614005807001 -0.011070219322850329 0.011790187970122382 0.030618324543029742 -0.032983753371727188 0.041362165587424393 -0.024342562383976973 -0.041468911420378653 -0.039971657731816129 -0.021007557405202687 0.067427641086693899 -0.056574771342667689 -0.040815183262185667 -0.022724868640010609
leaf_weight=7314.9501289576292 99.576642330735922 191.46939369663596 52.430685929954052 143.39859172701836 110.94548191875219 15.836079012602566 117.26828871294856 197.94563482701778 298.61237115412951 126.05209035426378 112.93839433789253 4457.3821133375168 1345.9895810186863 220.22712985053658 198.19095518440008 15.915313817560671 351.9035379961133 461.82137966901064 266.36385433003306 55.935755856335163 24.962068520486355 95.108208522200584 183.20409648865461 12.709378756582735 7.2125950306653968 345.19204091280699 68.35407766699791 24.938277192413807 17.810058116912842 16.490129604935646 182.31827522814274 5.5621041730046263 61.878515683114529 5.8931957148015481 29.142378892749548 65.621294416487217 42.979821473360062 137.14552545547485 131.74544450640678 68.491274900734425 940.19574722647667 4.2722453847527486 6.5250662490725517 2242.5044218599796 59.772026889026165 46.630487844347954 13.241020470857618 872.82899883389473 6.2410784885287276 228.4775159098208 114.58946675807238 52.880178041756153 17.831996604800224 157.33854119479656 46.052852384746075 34.808595575392246 14.175979126244782 11.306683950126169 82.273519560694695 6.4731192588806143 27.036758556962013 6.8089807778596878
leaf_count=7558 1392 3622 179 735 566 181 1749 384 2240 426 318 94055 2024 3205 828 140 945 7867 1749 156 342 1073 2930 111 80 1564 651 144 56 188 648 31 265 85 427 508 381 314 355 218 18242 52 84 2743 305 188 77 1731 58 2799 1134 512 90 1260 554 618 184 105 431 57 295 121
internal_value=0 -0.0332117 0.0930387 0.00237918 0.0624703 0.0258425 -0.0107327 0.102277 0.0447585 0.0290956 0.0737943 -0.0481041 0.0898076 0.0047454 0.0793275 0.00524277 0.0587069 -0.0266683 0.048538 0.0441056 -0.0366328 -0.006437 -0.00966734 0.0184935 0.0377656 0.0675857 0.00971347 0.0622587 0.0546634 0.0608491 0.0460218 -0.00396908 0.0718936 0.00433335 -0.00994844 0.0291132 0.0798396 0.0809913 0.0695795 0.045903 -0.039236 -0.0223271 0.0741173 0.104462 0.0298613 0.0416564 0.00431475 0.0879499 0.00197895 0.000484879 0.0137047 0.0426807 0.00926022 0.0270591 -0.000290296 -0.0194221 0.0216623 0.0487222 0.0570887 0.0374295 0.00169071 0.0404558
internal_weight=0 8045.69 14628.5 2373.37 3395.35 850.935 1522.44 11233.1 1324.55 624.246 2070.8 5672.32 1675.68 441.172 1605.79 760.144 700.307 762.294 409.762 348.403 1214.94 329.511 300.472 473.256 111.661 680.529 366.966 150.99 465.011 75.306 352.073 534.364 117.814 72.4728 36.355 169.755 58.8159 335.336 329.691 104.133 1142.46 202.267 10.7973 9557.45 230.589 157.576 73.013 925.26 434.787 428.546 200.069 58.4423 35.6421 225.78 61.9682 47.5108 109.284 106.29 94.9829 163.812 141.626 12.7022
internal_count=172330 146202 26128 28981 13064 8203 20778 13064 6610 4108 6454 117221 2763 5719 4616 8232 2502 12546 2484 1557 23166 4462 4679 3538 1257 2706 2891 570 1838 750 1520 6221 421 1166 507 872 562 1142 739 364 22000 3758 136 10301 1136 754 382 1910 4829 4771 1972 543 146 2011 694 824 1257 647 542 1317 1429 206
is_linear=0
shrinkage=0.05


Tree=11
num_leaves=63
num_cat=0
split_feature=11 11 11 8 10 11 11 11 11 11 11 8 8 8 10 1 8 10 8 6 9 2 8 6 6 10 2 10 6 6 1 1 6 9 1 11 3 1 0 6 8 0 8 11 7 10 6 8 0 3 9 11 0 10 7 7 0 7 1 2 3 8
split_gain=29389.2 1652.49 1584.45 260.571 232.837 143.969 139.805 125.969 99.3599 83.0412 78.518 75.0142 74.1882 60.0044 55.1272 53.9905 52.4281 51.8205 50.5793 47.2437 56.3699 46.3629 46.0027 44.2103 44.1245 50.2357 42.9895 42.5383 39.1125 38.0701 59.9036 49.4885 38.0295 35.3444 34.7381 33.1368 33.6239 33.1724 33.0219 32.6135 30.727 30.1986 29.3472 28.7044 27.731 26.3524 26.0117 25.8989 30.5166 44.5745 38.2492 29.1819 25.517 25.2186 25.185 37.0244 24.9932 36.3218 24.6613 24.0732 24.3715 34.1273
threshold=0.55275000000000019 0.61991666666666689 0.48125000000000012 11.15 61.500000000000007 0.58308333333333351 0.58958333333333346 0.45141666666666674 0.5192500000000001 0.65558333333333352 0.51541666666666686 10.450000000000001 8.9500000000000011 4.8500000000000005 64.500000000000014 1.3333919413919415 11.950000000000001 48.500000000000007 7.4500000000000011 38.500000000000007 60.500000000000007 1.4700005291005294 13.950000000000001 53.500000000000007 36.500000000000007 26.500000000000004 1.6322006046863191 84.500000000000014 57.500000000000007 31.500000000000004 1.3603062057531565 1.4220750000000002 58.500000000000007 57.500000000000007 0.29890344416154752 0.5704166666666669 13.133232919246 1.6748579801151233 25.384564285714287 35.500000000000007 5.9500000000000011 14.375780772686435 4.0500000000000007 0.41608333333333342 18.500000000000004 68.500000000000014 35.500000000000007 8.1500000000000004 28.206272442680781 13.16990388361171 83.500000000000014 0.59741666666666682 15.834450000000002 62.500000000000007 16.500000000000004 14.500000000000002 20.252657142857146 12.500000000000002 1.8718231582231584 0.85494233693477406 12.932835152942593 12.350000000000003
decision_type=2 2 2 2 2 2 2 2 2 2 2 2 2 2 2 2 2 2 2 2 2 2 2 2 2 2 2 2 2 2 2 2 2 2 2 2 2 2 2 2 2 2 2 2 2 2 2 2 2 2 2 2 2 2 2 2 2 2 2 2 2 2
left_child=2 3 7 5 10 15 17 43 18 16 23 26 28 53 19 40 -3 59 21 41 33 54 29 42 25 -18 27 -10 -12 30 -8 -32 -13 -21 -19 37 44 45 -33 -14 -2 -7 -4 -1 -37 -36 -23 -43 49 -49 -50 -51 -53 -9 55 -6 57 -17 -40 -5 61 -61
right_child=1 9 4 6 8 14 22 13 11 -11 12 32 39 -15 -16 56 24 34 -20 20 -22 46 -24 -25 -26 -27 -28 -29 -30 -31 31 38 -34 -35 35 36 -38 -39 58 -41 -42 47 -44 -45 -46 -47 -48 48 50 51 -52 52 -54 -55 -56 -57 -58 -59 -60 60 -62 -63
leaf_value=0.10017087262354905 -0.029221843256148985 -0.044077262585684153 0.045362939519847212 0.025167913018057764 0.022985956719482292 -0.031099719806279725 -0.012608372662365844 0.076023077340453493 0.017149553790525223 -0.051031904028759692 0.044655688634135514 0.065185074976258778 0.08295809271430557 0.088508927900741413 -0.037066285193555322 0.071526328038317641 0.19548594844396858 0.1316509266385068 0.067541904569304256 -0.0081640347282434991 -0.032158040228441209 0.090094014555889057 0.026654993379877853 0.056211995383644825 -0.033792036199438741 -0.0045579681501697984 0.044839056207613227 -0.026854702073662667 -0.0080509959679262461 -0.020351117627954902 0.21494681470443885 -0.052778214647395842 -0.01996855592490681 0.18337772299674068 0.035306062755784129 0.020373220393257469 -0.01993449655967593 -0.023494036655650152 0.01922272429539823 0.058335570098661339 0.0018660923059243093 -0.010761417526606226 0.083105928223560943 0.093644061740714671 0.1099303334832441 0.081967313935695452 0.043511780300713461 -0.0088852379799390577 0.15565886255191319 0.15720823765847525 -0.011117507971427396 0.12987364339056384 -0.051154105843319857 0.047823679492235531 -0.00080065035075006395 0.074223498552545772 0.033360096950809319 -0.03284047642845344 0.17418468018985039 0.0063926756669893366 0.1013555003981943 0.078862522520290093
leaf_weight=7350.8904341310263 97.074975781142712 742.02034329622984 55.547345794737339 30.46665620803833 128.17076172679663 27.08582429215312 38.342785988003016 202.08041587471962 302.49312093108892 4255.9400719255209 301.52481478452682 141.35939663648605 224.86695861071348 1368.2848326563835 446.78612436726689 10.839214511215685 3.1063675731420508 8.1988895349204522 361.71828402578831 4.4938722103834134 169.62857148051262 58.483027249574661 126.64561764523387 222.66467364132404 283.14134588465095 147.69019171595573 109.57977329194546 66.933995045721531 39.639422297477722 203.24853038415313 5.8076092936098602 5.5503312759101382 14.310004524886606 4.9541296288371086 78.545391321182251 99.944462910294533 53.987736776471138 15.513845726847647 5.2721048258244974 346.17640247195959 435.34453954175115 28.319024976342916 938.37179818749428 2263.2987632155418 9.4152781255543214 50.085340335965157 63.405937351286411 31.108638800680637 11.330222189426424 8.406104791909458 4.821098629385232 3.1774388514459124 4.6618369780480862 134.00416503846645 57.505283571779728 48.892314419150352 184.65222637355328 34.820189528167248 5.114745270460844 23.594667300581932 52.51265012472868 53.321867994964123
leaf_count=7558 1392 15123 190 203 627 436 517 384 2240 94055 1635 481 582 2024 7867 94 37 36 945 65 2811 156 1384 612 5464 2542 647 651 311 3061 43 77 89 54 440 825 499 94 60 1293 4829 465 1831 2743 63 242 265 440 123 88 71 46 80 355 313 196 1541 376 41 150 238 230
internal_value=0 -0.032572 0.0873351 0.00223362 0.0578315 -0.0103184 0.0240991 0.0964096 0.0415966 -0.0477785 0.0681441 0.0271598 0.0570174 0.0838431 -0.0259548 0.00494467 -0.0359963 0.0422932 0.0543424 -0.00927121 -0.025499 0.0409189 0.00189328 0.0764775 -0.0221596 -0.000277165 0.0173387 0.00915808 0.0385166 -0.0100019 0.0248972 0.091015 0.0573174 0.0926173 0.0305011 0.0277459 0.0122733 0.0452245 0.0444829 0.0680531 -0.00379714 0.0151265 0.0810064 0.0986359 0.0282227 0.0535631 0.0659587 0.0288354 0.0465606 0.0260673 0.105807 0.0929495 0.0223025 0.0648118 0.0278635 0.0371963 0.025168 -0.00785311 0.09694 0.0655101 0.0749409 0.056734
internal_weight=0 7804.97 14800.2 2373.07 3481.64 1507.5 865.569 11318.6 1352.85 5431.9 2128.79 634.676 912.208 1704.37 744.773 762.731 1175.96 475.587 718.176 297.987 179.077 356.457 389.982 1216.58 433.938 150.797 479.007 369.427 341.164 263.336 60.0876 21.7448 155.669 9.448 315.691 307.492 163.347 144.145 15.9372 571.043 532.42 118.91 993.919 9614.19 109.36 128.631 121.889 91.8244 63.5053 47.354 16.1513 16.2454 7.83928 336.085 234.568 177.063 230.312 45.6594 10.3869 159.896 129.429 76.9165
internal_count=172330 146202 26128 28981 13064 20778 8203 13064 6610 117221 6454 4108 3821 2763 12546 8232 23166 3020 2502 4679 2930 1557 5183 2633 8043 2579 3538 2891 1946 3799 738 221 570 119 2199 2163 1387 776 178 1875 6221 1749 2021 10301 888 682 421 1313 848 654 194 214 126 739 1136 823 2011 470 101 821 618 380
is_linear=0
shrinkage=0.05


Tree=12
num_leaves=63
num_cat=0
split_feature=11 11 11 8 10 11 11 11 11 11 11 8 8 8 6 10 8 1 10 6 9 6 8 10 8 10 6 8 6 5 6 6 11 8 10 0 2 6 1 10 2 7 0 8 0 9 1 2 1 2 9 2 8 8 1 8 8 8 2 11 9 9
split_gain=26251.8 1599.72 1533.67 232.838 201.719 133.816 130.875 121.728 88.9168 85.0508 74.3088 67.5774 60.5295 58.6015 53.2649 52.9222 51.9783 47.7208 44.3149 43.2433 49.2534 41.9556 40.2678 38.5067 38.3656 36.2118 34.6826 34.5774 34.5526 36.1152 33.9593 29.8326 29.8303 28.515 28.4995 27.6035 27.4631 28.8817 27.4993 27.3608 26.9504 29.7598 26.8781 26.587 26.1988 25.4663 24.8567 45.1421 27.1044 24.0345 31.4492 26.1457 23.6339 22.9741 23.6745 39.2796 22.874 22.8438 28.0528 22.7383 23.8013 32.0866
threshold=0.55275000000000019 0.61991666666666689 0.48125000000000012 11.15 63.500000000000007 0.58308333333333351 0.45141666666666674 0.58475000000000021 0.5192500000000001 0.65558333333333352 0.51541666666666686 9.0500000000000025 10.450000000000001 6.8500000000000005 33.500000000000007 64.500000000000014 11.950000000000001 1.3333919413919415 75.500000000000014 38.500000000000007 60.500000000000007 37.500000000000007 6.3500000000000005 49.500000000000007 7.4500000000000011 26.500000000000004 42.500000000000007 13.850000000000003 57.500000000000007 1.0000000180025095e-35 35.500000000000007 53.500000000000007 0.41608333333333342 5.9500000000000011 62.500000000000007 13.48846119332689 1.4700005291005294 35.500000000000007 0.907095641085789 64.500000000000014 0.98922216462342527 18.500000000000004 14.375780772686435 6.5500000000000007 22.755310344827588 57.500000000000007 0.60953113553113558 0.83851908939014208 0.80003516483516501 1.4115138026224985 70.500000000000014 1.2701603799639518 6.1500000000000012 8.9500000000000011 1.4062890000000003 6.6500000000000012 7.5500000000000007 13.15 0.7500003256003257 0.56641666666666679 73.500000000000014 74.500000000000014
decision_type=2 2 2 2 2 2 2 2 2 2 2 2 2 2 2 2 2 2 2 2 2 2 2 2 2 2 2 2 2 2 2 2 2 2 2 2 2 2 2 2 2 2 2 2 2 2 2 2 2 2 2 2 2 2 2 2 2 2 2 2 2 2
left_child=2 3 6 5 10 17 32 23 24 16 22 28 26 34 18 19 -3 33 40 42 45 25 -4 -5 36 -18 49 -16 29 46 -13 -24 -1 -2 -8 -36 38 -38 -6 -28 57 -42 -7 -40 -30 -21 -12 -48 -49 51 -51 -10 -34 54 55 -19 -57 -9 -59 60 -35 -62
right_child=1 9 4 7 8 15 13 14 12 -11 11 30 -14 -15 27 -17 21 53 -20 20 -22 -23 31 -25 -26 -27 39 -29 44 -31 -32 -33 52 59 35 -37 37 -39 43 -41 41 -43 -44 -45 -46 -47 47 48 -50 50 -52 -53 -54 -55 -56 56 -58 58 -60 -61 61 -63
leaf_value=0.095211573373592179 -0.028480825775649449 -0.043611080688971467 0.053294939295337955 0.061282699295122249 0.03947939500402925 -0.030378655452962752 0.075187292998858513 -0.040100762659502361 0.020596981624410111 -0.050838817272425764 0.0074933683958057738 0.076952174489710978 0.051683953305708734 0.086531707881092823 -0.018988149303146518 -0.036414036762466323 0.14825593282643229 -0.033080266488444629 -0.034721945590637356 -0.0078192577489961303 -0.031444086702821561 -0.033795417056172998 0.078783390773862622 0.030151676807977035 0.062366023200660259 -0.0051854366810137591 0.06978716607303774 0.015743870557955966 -0.04743735993312212 0.026806433928004577 0.052871046933934213 0.056934648281261824 0.082929583414291311 3.1084466982830236e-05 0.016222187743265788 0.061387674816963382 0.084399493166483194 0.032836203880377314 0.015945366112303388 -0.0072135165262448078 0.072282229364000902 -0.017546142723424606 0.026595742976851196 -0.064361052263090204 0.029057235228494023 0.1494509339023958 0.14811861978012653 -0.013208222957172777 0.064416884376606545 0.062769859440827871 0.0012295945518928267 -0.046684225893223207 0.093309090146689672 0.04145173997768458 -0.0010057194792637187 0.1614478524378091 0.046930819541445797 0.10726278250640393 -0.026240811154135055 -0.0089625377767687218 0.12516756996376766 0.023838752103892597
leaf_weight=7347.033466219902 94.684768438339233 713.18839897960424 282.68503369390965 155.77298380434513 146.18504049628973 26.363230872899294 467.28903616964817 14.772546350955965 128.29554080218077 4063.3651517629623 20.557322710752487 245.99046210199594 138.64734447747469 999.81252533197403 206.31831964105368 432.41863015294075 3.8402306213974944 9.2452207431197184 21.132968436926603 4.4626473374664766 164.92897149175406 263.54789165779948 846.77700300514698 278.37040482833982 318.11127707362175 158.10091861709952 12.228134296834467 109.53912446647882 20.179125741124153 195.07425472140312 372.15881206840277 195.60383477807045 1037.3221807777882 123.4987810254097 40.522086828947067 217.83794286847115 53.77003201842308 56.089375577867031 54.80568990111351 178.70211328193545 66.635678492486477 10.558315530419348 94.176997888833284 12.586208008229731 24.841191813349724 5.7729117907583714 15.173349685966967 12.379888288676737 109.54830493032932 71.547434240579605 29.470591716468334 16.137368626892567 1235.4977713823318 100.97367168217897 105.69238202273846 7.2491899579763439 11.472591087222098 8.4946207813918573 7.1102769039571276 231.18370508775115 8.7107229605317098 72.603465065360069
leaf_count=7558 1392 15123 850 735 674 436 809 214 951 94055 142 619 504 1350 3095 7867 41 104 310 65 2811 5242 1544 1749 823 2760 73 1219 182 1093 1360 477 1366 1190 123 481 140 242 276 1554 603 119 1313 75 173 54 64 79 505 335 203 126 1377 661 1095 52 99 77 82 2840 69 730
internal_value=0 -0.0319339 0.0823837 0.00209246 0.0537337 -0.00992094 0.0913665 0.0225148 0.0372024 -0.0474507 0.0623208 0.052115 0.0229023 0.0786518 0.00410978 -0.0252648 -0.0353524 0.00467217 0.0312165 -0.00893731 -0.0248034 -0.0214908 0.070137 0.0413447 0.0500064 -0.00142666 0.0137365 -0.00692612 0.0359934 0.0412585 0.062473 0.0746941 0.0936457 -0.00362224 0.0677774 0.0543321 0.0378192 0.0581728 0.027304 -0.00222188 0.0442371 0.0599243 0.0140786 0.000800002 -0.00514771 0.080986 0.0590802 0.0667677 0.0564899 0.0261664 0.0448848 0.013018 0.0885779 0.0234469 0.00978684 0.0506103 0.0921604 0.00414336 0.0463346 0.00177009 0.0139075 0.0348954
internal_weight=0 7574.19 14902.9 2372.14 3557.54 1493.44 11345.3 878.705 1216.58 5202.04 2340.97 1015.9 575.029 1725.46 444.562 728.123 1138.68 765.314 128.704 295.705 175.165 425.489 1325.07 434.143 641.548 161.941 436.381 315.857 397.753 352.733 618.149 1042.38 9619.85 530.681 725.649 258.36 323.436 109.859 213.577 190.93 107.571 77.194 120.54 67.3919 45.0203 10.2356 157.659 137.102 121.928 245.451 101.018 144.433 2272.82 234.633 133.659 27.967 18.7218 30.3774 15.6049 435.997 204.813 81.3142
internal_count=172330 146202 26128 28981 13064 20778 13064 8203 5976 117221 7088 4217 3746 2763 5719 12546 23166 8232 1405 4679 2930 8043 2871 2484 2230 2801 3242 4314 2238 1883 1979 2021 10301 6221 1413 604 1407 382 1025 1627 1095 722 1749 351 355 119 790 648 584 1615 538 1077 2743 2011 1350 255 151 373 159 4829 1989 799
is_linear=0
shrinkage=0.05


Tree=13
num_leaves=63
num_cat=0
split_feature=12 12 12 12 10 12 8 8 12 8 10 12 9 8 3 1 3 7 10 12 8 10 8 10 3 8 10 1 2 12 3 12 2 9 3 10 7 12 7 5 8 0 10 5 0 8 9 8 9 0 1 1 8 7 14 2 10 9 12 8 10 5
split_gain=23524.1 1829.92 1126.98 228.942 228.053 152.656 112.936 93.6914 123.459 79.5166 70.5365 66.0654 64.7712 54.6296 54.3465 59.5831 50.7735 54.1181 50.6816 39.573 38.1586 38.0742 35.9479 35.0468 34.1188 33.6009 33.5164 32.0163 39.2219 31.8422 31.3195 30.71 33.7137 30.0866 27.9208 27.8776 27.8113 26.5571 35.7259 26.5151 28.7237 25.3039 30.8706 25.0462 24.5201 27.477 25.8135 24.1207 23.985 23.809 22.9891 33.9625 22.8559 22.4987 22.4409 22.268 21.5965 21.4645 21.463 21.3267 24.1543 25.1535
threshold=7.3380772174650488 6.4076250969976867 8.1551521770408844 5.8715679782189625 59.500000000000007 6.7615611535901161 10.550000000000002 9.4500000000000011 7.6083644784255631 8.3500000000000032 70.500000000000014 8.5854318732355015 72.500000000000014 14.850000000000003 12.906620650216407 0.89639548792489976 14.120718137569563 11.500000000000002 76.500000000000014 8.3423974567544974 13.65 61.500000000000007 7.4500000000000011 40.500000000000007 13.036193712795823 7.1500000000000012 27.500000000000004 1.269809027777778 1.00094119425548 5.4219604853889924 13.288382406865727 7.7296485340834877 0.87170148164528982 83.500000000000014 13.052920941611289 74.500000000000014 21.500000000000004 7.2243349172721825 21.500000000000004 1.0000000180025095e-35 6.7500000000000009 20.003476207982278 80.500000000000014 1.5000000000000002 23.991700000000005 5.0500000000000007 85.500000000000014 6.1500000000000012 53.500000000000007 8.9639260504201701 1.3500545454545458 1.4062890000000003 14.050000000000002 11.500000000000002 1.0000000180025095e-35 1.0742618889607127 64.500000000000014 59.500000000000007 7.9997734260620472 9.5500000000000025 53.500000000000007 3.5000000000000004
decision_type=2 2 2 2 2 2 2 2 2 2 2 2 2 2 2 2 2 2 2 2 2 2 2 2 2 2 2 2 2 2 2 2 2 2 2 2 2 2 2 2 2 2 2 2 2 2 2 2 2 2 2 2 2 2 2 2 2 2 2 2 2 2
left_child=1 3 4 29 12 9 14 -6 20 18 22 13 24 -4 15 57 17 27 34 35 30 -16 -5 43 26 37 -2 28 31 -1 41 32 33 -14 -3 -15 44 38 -23 40 -20 -9 -43 -8 46 -46 55 -31 -32 -27 59 56 -25 -12 58 -17 -52 -7 -28 60 -47 -62
right_child=2 5 11 10 7 6 23 8 -10 -11 53 -13 16 19 21 36 -18 -19 39 -21 -22 25 -24 52 -26 49 54 -29 -30 47 48 -33 -34 -35 -36 -37 -38 -39 -40 -41 -42 42 -44 -45 45 50 -48 -49 -50 -51 51 -53 -54 -55 -56 -57 -58 -59 -60 -61 61 -63
leaf_value=0.090958844088451285 0.14137971539655741 0.040657778866484591 -0.040168299547148699 0.068133508634066683 -0.031366651138026551 0.025588434077930142 0.087571822395271864 -0.029178168012741437 -0.018734967262057423 0.068673771634035874 0.062107295135520262 -0.050494318630416118 -0.031836920557577683 0.04715056397935518 0.047264635180539333 0.070384954139331546 0.17198356876567869 -0.0090252712109426744 0.06348682382681746 -0.029768000149198955 0.076870827345764225 0.008010856757477541 0.081613780194479763 0.04104676326891743 0.042616526408555719 0.10116781422052146 0.045101879676387721 0.075145150832293547 -0.033242619854868871 0.078409366489671159 -0.0072701106953496413 -0.011274424052967441 0.16612298422316119 0.11071746224195067 0.062285169528268604 -0.052232881744061571 -0.023948166798699141 -0.039698858411311155 0.10865275238593067 -0.010044407587030377 -0.028287935808515314 0.036229047543471928 -0.03004139542916804 0.047482040684395183 -0.0076518897468950096 0.069267544205810813 -0.055953455826976972 0.088878131446243278 0.077595472108772365 0.032971246147361868 0.049973362618988652 0.039390268082808252 0.070384884543070472 0.036274121338640657 -0.0022589276359765722 0.0049950185034649203 0.1343456436458251 -0.028069349989371929 -0.051657742114360673 -0.014359776284178193 0.0053695651941970826 0.081964852015578946
leaf_weight=7254.4657762348652 4.9267934076488009 331.0976065248251 887.1573946736753 914.64658363908529 606.63021117821336 23.36175299435854 101.20645792782307 36.323144480586052 453.74941813200712 717.41785262525082 200.2514206841588 3850.8285780139267 7.5242119356989878 41.252487052232027 373.69619104638696 15.377024695277212 4.271081253886222 323.42207285761833 34.496914982795715 61.415740724653006 33.297294173389673 112.82720832526684 1111.7300011664629 445.93094028532505 239.22510125488043 13.857860393822191 54.688984803855419 31.468244656920433 26.186901394277811 1037.8842132389545 11.116886451840399 13.864987488836048 7.8370961956679812 7.0501646474003792 276.95074896514416 8.3768627569079381 29.035912204533815 25.875509411096573 9.486208647489546 57.351549193263054 11.163361527025698 71.057587344199419 23.172087017446756 65.260165125131607 37.082621805369854 32.333808738738298 14.481870930641888 1236.6977710127831 31.689715042710304 172.14915278553963 14.121373750269415 139.15918877720833 78.956893242895603 148.8692227229476 118.85462707653642 83.556055076420307 17.431716412305832 89.404004048556089 6.2704056799411765 30.197954468429089 66.342046998441219 12.731115993112324
leaf_count=7501 36 1271 19243 1687 10378 165 225 365 7130 1511 419 92957 57 568 1632 109 29 4829 156 1302 194 824 1548 1762 1850 40 511 265 304 1369 69 172 36 54 694 146 254 299 58 347 62 694 257 196 372 202 154 1378 172 940 74 839 230 411 1362 656 89 875 113 210 589 89
internal_value=0 0.0765847 -0.03424 0.085859 -0.00375911 0.0444151 0.0355021 -0.0171808 -0.00413971 0.0569114 0.0719514 -0.0475186 0.0163457 -0.03603 0.0268757 0.015848 0.00245477 0.000667102 0.0450288 -0.00291671 0.027876 0.0362839 0.0755353 0.0518654 0.0301443 0.0239799 0.0139524 0.0340668 0.0132051 0.0893248 0.0183978 0.0468711 0.0829555 0.0370657 0.0505254 0.0302039 0.0233672 0.00617048 0.0159395 0.0125181 0.040927 0.00616967 0.0198649 0.0719233 0.026351 0.0329097 0.00609001 0.0841071 0.0554737 0.0381305 0.0377427 0.050122 0.0454821 0.0511196 0.0103566 0.0152698 0.0970205 -0.0168959 0.0349988 0.0227586 0.0328686 0.0178528
internal_weight=0 15336.9 6961.66 11904.5 2112.63 3432.34 2003.86 1267.04 660.406 1428.48 2375.5 4849.03 845.591 998.202 1312.51 604.616 421.625 417.354 711.06 111.045 206.657 707.892 2026.38 691.354 423.966 334.196 184.741 93.9316 62.4634 9529.05 173.359 36.2765 22.4115 14.5744 608.048 49.6293 491.851 148.189 122.313 103.012 45.6603 130.553 94.2297 166.467 462.815 349.4 113.415 2274.58 42.8066 186.007 312.317 170.712 524.888 349.121 179.814 98.9331 31.5531 112.766 60.9594 141.605 111.407 79.0732
internal_count=172330 29237 143093 14313 28877 14924 10883 19259 8881 4041 4065 114216 9618 21259 8470 4677 5746 5717 2530 2016 1751 3793 3235 2413 3872 2161 2022 888 623 10248 1557 319 147 111 1965 714 3637 1181 882 565 218 1316 951 421 3383 2464 919 2747 241 980 2092 1002 1992 830 1986 765 163 1040 624 1090 880 678
is_linear=0
shrinkage=0.05


Tree=14
num_leaves=63
num_cat=0
split_feature=11 11 11 11 8 8 11 11 8 11 6 8 10 6 8 6 10 6 2 10 10 6 10 6 8 7 10 6 0 8 10 10 6 11 12 6 11 11 0 7 0 5 2 8 8 10 2 6 8 8 8 12 10 11 6 0 7 8 12 4 0 2
split_gain=21276.3 1863.75 1060.85 230.28 159.608 150.098 141.422 96.8692 89.9896 88.884 55.8248 54.8601 53.5174 57.2212 52.0865 51.7108 50.3039 48.2485 46.5525 43.588 42.0026 40.5494 40.0814 42.814 39.6885 34.4343 28.5943 28.4636 26.755 26.269 26.1145 25.1637 27.1026 24.6252 24.2087 24.1813 23.0482 23.015 37.7128 24.6506 30.2555 23.9297 26.3696 22.8424 22.6163 22.2794 24.8013 21.8319 21.4177 21.3542 23.5908 20.7045 20.157 39.8424 20.0537 51.4027 20.0464 19.8403 19.201 26.5995 18.0423 26.5255
threshold=0.56425000000000014 0.48125000000000012 0.61991666666666689 0.5192500000000001 12.350000000000003 8.9500000000000011 0.44291666666666679 0.58308333333333351 8.4500000000000011 0.65558333333333352 37.500000000000007 4.8500000000000005 64.500000000000014 38.500000000000007 11.950000000000001 35.500000000000007 75.500000000000014 42.500000000000007 1.1478748463274202 81.500000000000014 53.500000000000007 37.500000000000007 76.500000000000014 34.500000000000007 13.950000000000001 9.5000000000000018 24.500000000000004 50.500000000000007 10.000347826086958 13.950000000000001 82.500000000000014 61.500000000000007 61.500000000000007 0.55758333333333354 7.5403774076715573 24.500000000000004 0.3970833333333334 0.54758333333333353 15.202428571428573 9.5000000000000018 12.289459907834102 2.5000000000000004 0.65000803957946829 3.7500000000000004 10.050000000000002 79.500000000000014 1.0333428827444959 56.500000000000007 10.65 6.9500000000000011 7.1500000000000012 6.7615611535901161 45.500000000000007 0.56841666666666679 24.500000000000004 25.384564285714287 16.500000000000004 4.8500000000000005 7.1632533030289345 1.5000000000000002 27.214117176870751 1.2066063899572854
decision_type=2 2 2 2 2 2 2 2 2 2 2 2 2 2 2 2 2 2 2 2 2 2 2 2 2 2 2 2 2 2 2 2 2 2 2 2 2 2 2 2 2 2 2 2 2 2 2 2 2 2 2 2 2 2 2 2 2 2 2 2 2 2
left_child=1 6 4 8 7 17 36 18 22 14 34 30 13 25 -4 16 28 33 -2 37 -17 26 27 -24 31 -9 -16 51 -6 -22 -8 -12 60 -5 48 -35 -1 38 41 -39 56 -19 -43 -29 -13 -31 -47 -10 -7 -20 -51 -3 53 -52 55 -28 -41 -53 59 -40 61 -33
right_child=2 3 9 5 15 10 11 12 47 -11 24 44 -14 -15 21 20 -18 19 49 -21 29 -23 23 -25 -26 -27 54 43 -30 45 -32 32 -34 35 -36 -37 -38 39 58 40 -42 42 -44 -45 -46 46 -48 -49 -50 50 52 57 -54 -55 -56 -57 -58 -59 -60 -61 -62 -63
leaf_value=0.087802415917635504 -0.010967902954458432 0.057528823709045752 -0.042734535599930241 0.030383744939728105 -0.032624871216033927 0.04485753212778279 0.060078056647162731 0.14428221387342194 0.068828807533217781 -0.050464970066716956 0.037113251422521545 0.07292357719273336 -0.033157202471571716 -0.024490632930142114 0.15758518272513475 0.029729884267106089 -0.028486008800042657 -0.057339236116543069 -0.0076836919800643867 -0.035792350343794403 -0.023579320156372201 -0.032542992452891301 0.055392705652140745 0.0015493131158912498 0.066253803173843565 0.010983920287241123 -0.02086776414892327 -0.0078929429099539872 0.057648565254180176 0.0025271336321001665 0.01177276803434796 0.011352674761081085 -0.046582886484121594 0.093838010301667371 -0.0018734503829581355 -0.0189838043076581 0.082351442593646712 0.093909761206290909 -0.043935337323939776 -0.016594740977036334 -0.027623450299967378 0.083739017345034694 -0.036693958519117824 0.039785791328325062 0.086337157952049631 0.13713447898166081 0.0027717673544219289 0.047202109372659007 0.066832812994503971 0.11496292590540121 0.12808383109194904 -0.016226257384964204 0.015430837474784487 0.019100009773725939 -0.010094502879169524 0.13967846879896975 0.10946061286952669 0.042856878512855391 0.088885343988440918 0.029656600673238082 -0.0092709300377193625 0.055979309046386518
leaf_weight=5991.0668015629053 257.65899854898453 630.49575065076351 663.16059302911162 438.82545778900385 8.5484378151595575 182.38592849671841 460.09031264483929 4.9166461415588847 891.54732459783554 3706.3202338069677 335.84521835297346 1366.8121253401041 474.61280051991343 214.80385025963187 2.7210716083645812 142.24733181670308 21.522203292697668 23.504395574331284 64.450336813926697 60.929906036704779 100.44104513898492 249.20002993568778 59.422534637153149 97.768874138593674 81.716872781515121 150.38922335579991 12.451468463987114 28.40703096985817 149.96365242451429 64.010764639824629 30.126516178250313 86.859817765653133 16.460990853607655 5.2148117795586577 17.051287353038788 44.101712983101606 2986.4892943352461 5.2728715240955344 13.13959228992462 5.400506414473055 79.641751728951931 8.3470105677843112 9.6902576088905317 204.58080945163965 420.60235378146172 7.076450549066065 6.7435308359563351 137.27416798472404 295.25868564099073 6.9487478397786608 12.498039394617079 16.787318646907806 197.92850518226624 25.637332208454609 134.8035847954452 8.1450552158057672 7.2081823982298374 87.019339859485626 12.235850386321543 162.88488926738501 40.19285649061203 54.345342144370079
leaf_count=6186 3126 1549 15123 2723 89 755 855 49 1635 94055 1468 2001 8953 3642 26 1152 255 219 860 703 1279 5242 212 528 225 2125 212 150 1055 658 90 525 136 40 115 506 3442 52 100 67 920 56 83 680 490 55 75 334 769 65 51 91 1754 196 2459 104 74 288 90 1039 232 242
internal_value=0 0.0726111 -0.0342018 0.0439216 -0.0027082 0.0316353 0.0831626 -0.0113219 0.0552519 -0.0467958 0.0438492 0.0720105 -0.0220419 -0.00776953 -0.0340839 0.0215404 0.0429839 0.0161551 0.00469412 0.00298466 0.00947044 -0.0199804 0.0454517 0.0219576 0.0337661 0.0153262 -0.000142142 0.0492619 0.0527312 -0.00667463 0.0571226 0.0287709 0.0145739 0.0266176 0.0563735 -0.00678691 0.0859906 0.0102268 0.018869 -0.0100847 -0.0161782 -0.0241431 0.0189169 0.0339502 0.0760874 0.0150791 0.0724216 0.0659529 0.0584633 0.0178347 0.0246235 0.054108 0.0218955 0.0551894 -0.00303568 0.042748 0.0553699 0.0332476 0.0283943 0.024113 0.0201737 0.0285909
internal_weight=0 15395 6687.2 4139.82 1910.4 1986.51 11255.2 1409.84 2153.3 4776.8 1110.12 2277.63 844.723 370.11 1070.48 500.553 180.034 876.397 565.122 388.255 320.519 407.321 1124.48 157.191 615.421 155.306 158.121 967.29 158.512 178.272 490.217 533.704 197.859 488.142 494.696 49.3165 8977.56 327.325 229.802 97.5233 92.2504 41.5417 18.0373 232.988 1787.41 77.8307 13.82 1028.82 477.645 307.463 243.013 734.302 236.064 38.1354 155.4 20.5965 12.6087 103.807 188.26 176.024 181.398 141.205
internal_count=172330 29670 142660 16606 25439 11139 13064 20821 5467 117221 4467 3436 14769 5816 23166 4618 1399 6672 6052 3403 3219 8043 3498 740 2828 2174 2801 2758 1144 2067 945 2603 1135 3269 1639 546 9628 2700 1587 1113 1061 358 139 830 2491 788 130 1969 1524 2926 2066 1928 2001 247 2775 316 141 379 1229 1139 999 767
is_linear=0
shrinkage=0.05


Tree=15
num_leaves=63
num_cat=0
split_feature=11 11 11 11 10 11 10 11 11 10 9 6 10 6 6 2 10 10 4 6 6 9 3 6 6 2 10 12 0 13 0 12 13 11 12 9 3 3 11 3 2 0 4 11 12 10 9 10 2 0 2 11 2 12 2 6 9 6 0 2 9 6
split_gain=19346 1688.84 1101.89 178.504 148.04 140.29 94.3876 83.7967 76.6565 65.6214 51.0696 51.7029 49.9597 42.0815 36.8111 40.0536 35.679 34.2295 41.9095 31.4832 31.3029 28.6746 28.6418 28.1747 26.9331 27.1918 27.1125 26.9625 24.6262 24.3222 24.1699 29.4707 37.3846 26.389 23.9116 23.7779 23.6897 23.251 35.2918 22.7119 22.3527 22.0051 22.511 28.6798 29.0831 28.4429 55.0088 27.6087 22.8171 21.8465 21.4424 21.245 49.6065 21.094 24.87 20.8543 26.8769 20.2631 23.8773 34.7652 31.3733 29.165
threshold=0.56208333333333349 0.48125000000000012 0.61991666666666689 0.52658333333333351 56.500000000000007 0.42541666666666672 58.500000000000007 0.58308333333333351 0.64191666666666691 39.500000000000007 68.500000000000014 32.500000000000007 53.500000000000007 56.500000000000007 29.500000000000004 1.5344354166666669 58.500000000000007 27.500000000000004 1.0000000180025095e-35 33.500000000000007 39.500000000000007 45.500000000000007 13.576644918865666 41.500000000000007 42.500000000000007 1.4931853204665706 74.500000000000014 6.6027716251858601 9.1647900000000018 1.0000000180025095e-35 25.384564285714287 7.4188640192288284 1.0000000180025095e-35 0.58791666666666687 7.7296485340834877 96.500000000000014 13.119678008098044 13.092111810030188 0.59741666666666682 12.906620650216407 1.1237818007798654 15.202428571428573 3.5000000000000004 0.58308333333333351 7.3380772174650488 44.500000000000007 76.500000000000014 43.500000000000007 0.80671306612735194 23.876200000000004 1.0389064069440013 0.57775000000000021 0.94956121105406832 7.8083478394196755 1.6408658035065879 33.500000000000007 70.500000000000014 24.500000000000004 20.379000000000005 0.99951466192135574 63.500000000000007 26.500000000000004
decision_type=2 2 2 2 2 2 2 2 2 2 2 2 2 2 2 2 2 2 2 2 2 2 2 2 2 2 2 2 2 2 2 2 2 2 2 2 2 2 2 2 2 2 2 2 2 2 2 2 2 2 2 2 2 2 2 2 2 2 2 2 2 2
left_child=1 5 4 6 10 -1 20 21 16 -5 17 14 -7 22 15 -12 -4 -2 -19 53 -3 -6 55 39 25 36 -26 -27 -14 37 33 -32 -33 51 -24 41 40 -16 -39 -20 -8 -13 47 44 -44 -46 -47 -43 -45 -17 -49 -25 -53 54 57 -11 -57 -9 59 -59 -61 -60
right_child=2 3 8 9 7 12 24 19 -10 13 11 35 28 -15 29 49 -18 18 23 -21 -22 -23 34 30 26 27 -28 -29 -30 -31 31 32 -34 -35 -36 -37 -38 38 -40 -41 -42 42 43 48 45 46 -48 50 -50 -51 -52 52 -54 -55 -56 56 -58 58 61 60 -62 -63
leaf_value=0.083512647499038958 0.11060071944243388 0.066084499234603841 -0.012117507550875421 0.055880915731352156 0.048943888235745955 0.076797464752816735 0.0043615247029491506 -0.034108864879504618 -0.04925107713976732 0.039634366059408559 -0.016576156491066096 -0.027796980685043899 0.027315700896076642 0.0026582941808433059 0.0087671539111468921 0 -0.038119513280776354 0.093394269246684952 0.017915172479135256 -0.02852839330155062 0.051419624902987154 0.00038454273866401524 -0.012317605717356815 -0.01860168041023022 0.038378702827522038 0.071137775862696581 0.012629670740340972 0.032256140511228319 0.065737396078685714 0.12861570300305059 -0.028026081879199555 0.027720893151395233 0.16146036607138842 -0.054556139530522067 0.060758618032506873 -0.053501770135568442 0.049686695159071245 0.15819939287650109 -0.011006100809201695 0.060753035718823678 0.040189458522748037 0.056008789396564777 -0.033794827793799123 0.057153548169080554 -0.0062806714570946111 -0.028085725960284733 0.13937266842324994 -0.042738898812313478 -0.036207746495731725 0.091058502446013323 0.023915595714281031 0.14443274838968623 -0.031850679275116305 -0.020488498087156581 -0.026383893160009567 0.032453306897974397 0.011816304562448969 0.0086633123860187216 0.13668214265868167 0.22266729505338012 0.061580691895010475 -0.0043726488057743446
leaf_weight=7673.6244425326586 13.738237649202345 731.74602055549622 186.35508012771606 199.27429573610425 32.306185394525528 1912.3549483716488 77.172786168754101 10.478741534054278 3920.7547553628683 409.83909104019403 45.64639201015234 59.960574202239513 43.55381652712822 181.06925975903869 18.044986937195066 10.273921921849253 458.02331474423409 23.332059003412724 63.360108070075512 567.56806263327599 740.99729178845882 495.1681658513844 67.4079320281744 24.383573979139328 327.70293508470058 159.91719119250774 149.72656621783972 62.942181885242462 1508.1999596208334 12.707222644239662 12.367411628365515 19.004513964056972 7.2065462917089453 25.323868781328201 13.319114644080399 23.189136117696762 206.67454074323177 8.3064068369567376 4.7621098160743704 61.418335128575563 100.87172242254019 40.472283463925123 16.747025359421968 7.1128421239554873 15.395756036043165 7.3433988578617599 14.230497341603039 18.141035087406635 67.950098782777786 18.437352981418371 35.515832927078009 7.805524177849291 7.9266660884022713 109.62440455332398 29.226682513952255 462.54713997989893 241.04085865244269 9.5143451169133204 4.1014307513833037 5.6477812677621824 6.8462793193757534 28.217981908470392
leaf_count=8172 64 1418 3674 724 175 2442 301 164 103266 1969 529 861 97 1498 182 95 10028 149 437 10255 1799 5225 547 183 1127 334 739 216 2349 81 92 201 48 333 105 378 688 71 70 431 311 390 155 103 140 77 124 271 1046 121 462 50 70 1923 451 2413 1835 146 55 48 103 420
internal_value=0 0.0696068 -0.0330901 0.0423034 -0.00202608 0.0797358 0.05046 -0.0119722 -0.0466217 0.0290475 0.0166832 0.00589845 0.0713657 0.0251518 0.0339792 0.0124412 -0.0306105 0.0338646 0.0296213 -0.0224756 0.0587134 0.00337684 0.0285578 0.0230581 0.0392483 0.046251 0.0303184 0.0601983 0.064664 0.0703009 0.0037803 0.0351591 0.0651556 -0.0146675 -0.000138682 -0.0049356 0.0381451 0.0459883 0.0965466 0.0390726 0.0246992 -0.000919064 0.00629767 -0.00725593 0.0205617 0.0453444 0.0822753 0.0248816 -0.0272302 0.0586451 0.00124955 0.0104617 0.0556563 -0.00557693 0.0117572 0.0306427 0.0253931 0.0290494 0.0413635 0.0814573 0.135985 0.0137398
internal_weight=0 15270 6553.94 4132.25 1988.8 11137.7 2557.75 1298.7 4565.13 1574.5 690.104 424.237 3464.11 1375.22 118.178 74.3577 644.378 265.867 252.129 771.226 1472.74 527.474 1194.15 228.797 1085.01 607.578 477.43 222.859 1551.75 43.8207 104.018 38.5785 26.2111 65.4396 80.727 306.058 384.719 31.1135 13.0685 124.778 178.045 282.869 222.909 128.78 53.7167 36.9697 21.5739 94.1292 75.0629 28.7113 53.6569 40.1158 15.7322 203.658 94.0332 1113.43 703.588 64.8066 54.3278 22.0084 12.4941 32.3194
internal_count=172231 29084 143147 16024 26179 13060 6933 18965 116968 9091 7214 5156 4888 8367 1149 745 13702 2058 1994 13565 3217 5400 6869 1845 3716 1850 1866 550 2446 404 977 341 249 636 652 4007 1300 323 141 868 612 3629 2768 1645 496 341 201 1123 1149 216 733 303 120 3310 1387 6217 4248 936 772 297 151 475
is_linear=0
shrinkage=0.05


Tree=16
num_leaves=63
num_cat=0
split_feature=12 12 12 8 12 12 10 12 10 8 12 8 10 3 1 6 7 8 8 8 6 6 10 4 9 10 9 6 10 12 6 3 9 12 3 1 8 10 9 10 8 1 1 10 6 9 10 1 9 3 10 2 4 6 10 12 10 2 2 1 3 2
split_gain=17436.6 1565.7 1221.77 166.817 155.877 121.997 111.82 102.572 81.2129 51.6687 50.687 55.1641 50.1626 47.9358 43.2275 46.9493 43.0748 40.9096 35.9713 35.3231 42.8054 34.9302 35.4897 35.7776 40.8605 33.4727 32.5288 32.4725 31.4776 31.3255 32.932 28.4533 31.182 28.4073 28.3174 27.9269 26.1066 25.9475 30.5877 27.176 25.5155 31.4804 25.4567 25.455 25.3018 25.1946 24.9288 35.5549 24.5965 25.2058 24.053 25.4423 50.7706 23.6345 23.4758 23.4045 22.2557 21.6455 32.464 28.5883 27.6522 37.0517
threshold=7.2848102876857732 6.1680155107828378 8.1551521770408844 8.1500000000000004 6.9422842501157573 7.6083644784255631 57.500000000000007 5.4219604853889924 55.500000000000007 12.450000000000001 8.5854318732355015 14.850000000000003 35.500000000000007 12.796971693193582 0.52502307692307704 41.500000000000007 17.500000000000004 6.5500000000000007 10.050000000000002 11.65 41.500000000000007 33.500000000000007 79.500000000000014 4.5000000000000009 72.500000000000014 81.500000000000014 82.500000000000014 64.500000000000014 28.500000000000004 8.3423974567544974 30.500000000000004 13.394186904387835 69.500000000000014 7.7892424078518889 13.036193712795823 1.4512646084074656 2.6500000000000008 71.500000000000014 57.500000000000007 62.500000000000007 9.2500000000000018 1.3500545454545458 0.59526425954997397 51.500000000000007 50.500000000000007 69.500000000000014 72.500000000000014 0.90685223922902514 61.500000000000007 12.848968733569032 32.500000000000007 1.030439761156035 3.5000000000000004 58.500000000000007 53.500000000000007 5.7655959259307785 68.500000000000014 0.80057179894179908 0.75601098152936397 0.84036806722689095 12.766315898521109 1.5481927600441889
decision_type=2 2 2 2 2 2 2 2 2 2 2 2 2 2 2 2 2 2 2 2 2 2 2 2 2 2 2 2 2 2 2 2 2 2 2 2 2 2 2 2 2 2 2 2 2 2 2 2 2 2 2 2 2 2 2 2 2 2 2 2 2 2
left_child=1 7 3 33 6 19 12 -1 14 27 11 50 -3 40 43 35 26 54 25 20 -5 22 23 46 37 -15 44 28 -6 30 -13 56 -33 -2 -23 42 -30 38 -25 -40 41 -8 -16 45 -14 -7 -10 -48 -18 -50 51 52 -4 -43 -9 -56 -22 58 -44 -59 -61 -62
right_child=2 4 10 5 9 8 13 17 21 -11 -12 29 16 18 15 -17 48 -19 -20 -21 31 34 -24 24 -26 -27 -28 -29 36 -31 -32 32 -34 -35 -36 -37 -38 -39 39 -41 -42 53 57 -45 -46 -47 47 -49 49 -51 -52 -53 -54 -55 55 -57 -58 59 -60 60 61 -63
leaf_value=0.080983313709002969 -0.016671391344494742 0.071101211517289084 -0.050311269371998882 0.028562381918131666 0.069838997917268678 0.074776369361240408 0.0045788399156049047 0.070971667067802252 -0.024214473996700271 0.050411940467582107 -0.049678328535598414 0.10074393625667184 0.06182019936803318 0.044030557270757775 -0.05513503971283721 -0.012691007523620608 0.04381018541723021 0.0755629522493967 0.064862047528419883 0.036680148888366626 0.0014649487547259516 -0.033016829420399456 -0.034811249918822812 0.0057295421261676117 -0.0081640531973903845 0.014150266620264383 0.025810156787840755 -0.045147589405703181 -0.030939726376811444 -0.027665538990276739 0.0040324528057626994 0.062473980824186738 -0.038357270240797318 -0.040294393648725814 -0.0085528467389113308 -0.013926679157243252 0.022952555396994916 0.0066205189638758131 0.066592875305049481 0.18167241618755056 0.041252666356353669 0.041106858625913262 0.019422095240065992 0.12258487833092811 0.043721421811183138 -0.012948799122750832 -0.052637927367311904 0.092934295064302355 -0.030741693320110442 0.028743465648943457 -0.041881871490904748 -0.050866670433185303 0.22092980426086709 -0.01576877216626742 0.067268984008519161 0.050730138608517307 -0.037817839232590675 -0.0070012806273853897 0.19427262138958568 0.0098706758834328293 0.054535837060902995 0.17351235899106354
leaf_weight=6927.0555169135332 374.38966005295515 428.83813055604696 3.1711427569389325 218.97975851967931 35.174569077789783 19.069978360086679 197.69743234664202 818.321936622262 52.749301381409168 193.62212508916855 3349.6438481509686 11.434973280876873 831.37319172918797 646.78484202176332 6.9164595268666735 143.33552338555455 130.83790492266417 1932.5777925401926 176.00095266103745 275.64708515256643 93.934296865016222 261.47569136694074 43.586050532758236 6.4889229089021709 22.030357606709003 110.35685707628727 87.988664448261261 17.457477029412985 22.864973530173302 56.790395110845566 37.711225554347038 27.687791883945465 10.446957010775803 193.94350215792656 217.32981954142451 33.424547109752893 932.94822247326374 9.7977476716041547 9.674726929515602 11.748541615903376 178.34836260974407 147.01995903253555 5.2318529672920686 12.066667441278694 256.13581988215446 14.090164091438053 6.2519926093518761 12.149606730788944 26.918496571481228 51.955235101282597 787.13467939198017 5.4213741421699524 3.5465150214731693 20.664374507963657 437.40741036832333 431.80315686762333 58.179207291454077 28.532132428139448 5.493943314999342 27.479369185864925 46.413775950670242 7.6328666470944873
leaf_count=7439 5598 724 59 1775 114 114 1012 1086 760 593 92731 112 1563 1948 80 2097 330 2363 350 1600 1017 5099 788 79 358 501 311 184 218 1328 598 174 93 4042 3208 405 5707 149 100 131 501 539 61 91 648 165 101 176 138 170 19048 122 53 126 585 813 751 322 44 355 441 43
internal_value=0 0.0668805 -0.0310643 -0.00131803 0.0421594 0.00656911 0.0477903 0.0774105 -0.00453489 0.0267368 -0.0468359 -0.036308 0.0561137 0.0375602 0.0149021 0.00809825 0.0514654 0.0705704 0.044445 0.022836 0.013492 -0.0149474 0.00417956 0.0172181 0.0457231 0.0396844 0.0551961 0.0221816 0.0233772 -0.00235157 0.026795 -0.0038339 0.0346926 -0.0247472 -0.0219272 0.0266196 0.021655 0.0772749 0.101785 0.130486 0.0257293 0.0181292 0.037274 0.0604756 0.0575665 0.0374236 -0.00667592 0.0431883 0.0305134 0.00836548 -0.0408015 0.0286129 0.0932943 0.0340628 0.0648458 0.0590654 -0.0135418 0.0426482 0.110413 0.0359046 0.050972 0.0717203
internal_weight=0 15040.2 6511.03 2256.18 4492.99 1687.85 3290.92 10547.2 1002.97 1202.07 4254.85 905.21 1814.05 1476.87 349.687 304.46 1385.21 3620.11 933.143 684.875 409.228 653.283 174.477 130.891 59.7403 757.142 1175.5 1008.45 990.988 105.937 49.1462 190.248 38.1347 568.333 478.806 161.125 955.813 37.7099 27.9122 21.4233 543.73 365.382 127.7 45.2268 1087.51 33.1601 71.1509 18.4016 209.712 78.8737 799.274 12.139 6.71766 167.684 1687.53 869.211 152.114 120.784 10.7258 110.058 81.526 54.0466
internal_count=172231 27963 144268 30217 15677 20577 8861 12286 15167 6816 114051 21320 3884 4977 4218 3848 3160 4847 2799 5410 3810 10949 2642 1854 817 2449 2522 6223 6039 2038 710 2035 267 9640 8307 1751 5925 459 310 231 2178 1677 1346 370 2211 279 1037 277 638 308 19282 234 112 665 2484 1398 1768 1266 105 1161 839 484
is_linear=0
shrinkage=0.05


Tree=17
num_leaves=63
num_cat=0
split_feature=11 11 11 11 8 11 8 8 11 11 10 8 8 8 8 10 10 12 12 2 10 0 2 4 9 7 12 13 0 8 7 5 10 11 12 7 2 0 12 11 9 5 2 11 0 10 2 11 5 9 8 9 10 10 2 9 8 2 1 2 9 8
split_gain=15980.6 1831.96 831.495 226.154 127.362 115.683 114.213 104.173 68.4971 66.064 53.0628 50.4093 46.6049 42.9447 41.9556 38.321 35.6816 51.8415 32.3143 32.3464 29.5179 29.2553 35.5827 29.9727 32.6688 28.2976 28.1067 27.1138 27.8687 30.3793 25.5798 25.5788 25.0952 25.0909 24.3085 24.0286 23.8765 39.2838 30.7391 23.1714 22.8598 25.1651 28.1858 21.9656 23.5951 21.8371 21.8155 21.4706 21.3883 24.4156 22.8008 21.3145 21.2934 36.905 27.3197 27.1158 21.2809 21.1433 36.4563 21.0644 20.6964 20.0022
threshold=0.56841666666666679 0.47441666666666676 0.62258333333333349 0.52658333333333351 8.1500000000000004 0.41608333333333342 8.3500000000000032 8.9500000000000011 0.65558333333333352 0.59741666666666682 70.500000000000014 6.8500000000000005 14.850000000000003 13.65 16.750000000000004 53.500000000000007 58.500000000000007 7.3659974430280668 7.3934085905420694 1.8654600000000003 53.500000000000007 15.202428571428573 0.64093959750566909 1.5000000000000002 74.500000000000014 9.5000000000000018 5.7655959259307785 1.0000000180025095e-35 25.384564285714287 9.6500000000000004 8.5000000000000018 1.0000000180025095e-35 39.500000000000007 0.58958333333333346 7.3121864652896775 14.500000000000002 2.1763329365079369 25.384564285714287 7.4188640192288284 0.50741666666666685 66.500000000000014 1.0000000180025095e-35 0.45820781544736661 0.50291666666666679 9.596680000000001 36.500000000000007 1.1188992887356735 0.58791666666666687 1.5000000000000002 54.500000000000007 12.250000000000002 67.500000000000014 61.500000000000007 57.500000000000007 0.90482785114045627 72.500000000000014 8.8500000000000032 1.4778059120258276 0.84036806722689095 1.609792120181406 55.500000000000007 14.050000000000002
decision_type=2 2 2 2 2 2 2 2 2 2 2 2 2 2 2 2 2 2 2 2 2 2 2 2 2 2 2 2 2 2 2 2 2 2 2 2 2 2 2 2 2 2 2 2 2 2 2 2 2 2 2 2 2 2 2 2 2 2 2 2 2 2
left_child=1 5 4 6 33 -1 10 34 12 13 43 20 -4 16 32 21 17 -6 19 35 -7 -11 -23 31 -25 30 -22 -19 29 -29 47 -24 -9 36 56 57 -2 -38 -39 -8 -36 -42 -43 59 -45 -14 -32 -20 -41 50 -50 -30 53 54 -44 -54 -5 58 -18 -3 -37 -15
right_child=2 3 8 7 9 11 39 14 -10 15 -12 -13 45 61 -16 -17 18 27 25 -21 26 22 23 24 -26 -27 -28 28 51 -31 46 -33 -34 -35 40 60 37 38 -40 48 41 42 52 44 -46 -47 -48 -49 49 -51 -52 -53 55 -55 -56 -57 -58 -59 -60 -61 -62 -63
leaf_value=0.078447085185241239 -0.021631421384940806 0.042068609457939006 -0.038294145992375669 0.015693535456988476 -0.039697942581665535 0.068015535730132401 0.061277983677542815 0.049690943633411734 -0.049734079489214579 -0.031408924949032392 0.020192463201844136 0.073329767039173044 0.068098618230715877 0.069536277681987349 0.10218673591139048 -0.018629059794220651 0.10937709135550396 0.019330383541673393 -0.04270645861107554 -0.043460817691910625 0.064030994464339838 0.15351679773022345 0.15612218910920392 0.031036558523991304 -0.02008518690811301 -0.019166769065840444 0.046483966851493363 0.12398741940461154 0.17287062970140274 0.0026601637831662056 0.014704437271930014 0.011868048488367061 0.029128443953372482 -0.04084192656257854 -0.043573357931477111 0.049390012255565136 -0.052857011808985645 0.018321208580627212 0.1938596128057482 0.056651904459703917 -0.02689246534121071 0.097554049207945415 -0.038531172264386848 -0.01543010176737831 0.035686544832304594 -0.010307141748132818 0.12828365469594602 0.052961529108266993 -0.0087372608066359301 0.047294840360734523 0.048825842094384016 0.063402269614365264 0.047069607046215232 0.15202869580512046 0.075031255362823152 -0.053937632447664079 -0.045904282511006124 0.1027381152852101 -0.024473008086905768 0.061335041143355633 -0.054543173162528227 0.025851316662050039
leaf_weight=6864.0391938835382 187.48984484001994 554.1752455830574 790.66119073703885 628.64212516322732 31.996825538575649 877.71688084304333 882.73972913622856 179.06631462275982 3226.6181627139449 35.518293298780918 373.130356118083 1778.9068607985973 9.6589946225285512 35.213252399116755 22.07166314125061 416.66235496848822 8.3470781967043894 188.23406018316746 15.599130883812906 13.689364761114119 454.51346045732498 4.6762957051396361 6.495899844914673 66.664278190582991 58.561403166502714 230.80814330652356 469.49324265122414 6.604886099696162 7.6714394986629513 22.797165032476187 8.5308628566563147 5.9374070204794407 899.20262417942286 222.4479997754097 34.816675629466772 9.1030324921011943 6.6536663807928589 5.3360153511166555 4.7407105751335621 329.88334737718105 43.24590227752924 10.326841380447148 12.354191858321434 23.677661009132862 415.52502804249525 97.937370374798775 8.5637596733868104 9.2443312928080541 45.852391995489597 173.08218397200108 27.311054974794388 11.379469733685253 9.7334694005548972 5.6999966129660598 9.0938662253320199 20.234454922378063 14.207655414938925 18.480932258069515 12.617250591516493 193.95615464448929 9.8713042587041837 105.55718190968037
leaf_count=7500 2992 1280 19567 4660 272 1178 1443 559 93933 561 1589 2178 129 207 39 7583 67 1806 172 112 617 42 60 736 889 3207 883 70 37 193 111 82 4107 4797 417 61 95 56 54 740 550 95 144 124 1461 1827 73 128 158 441 55 92 114 55 87 280 108 109 123 346 115 665
internal_value=0 0.0627989 -0.0340157 0.0375997 -0.00540286 0.0746392 0.0460905 0.0240217 -0.04633 0.002126 0.0366738 0.0673361 -0.0340927 0.0119522 0.0339627 -0.0103328 0.00622505 0.0198855 -0.00440627 0.0253159 0.0614117 0.00907448 0.0192268 0.0145205 0.00709279 -0.012289 0.0551267 0.0279748 0.0613456 0.0304125 0.0254 0.0882783 0.0325522 -0.0292104 0.0101379 0.0415643 -0.0165025 0.0404645 0.10249 0.0561563 -0.00829056 0.00279168 0.0219115 0.0418468 0.0329166 -0.00316548 0.0723093 -0.00683803 0.048291 0.0370516 0.0127194 0.108417 0.00800098 0.0400659 0.00951142 -0.0209171 0.0143175 0.0637664 0.0288491 0.0470777 -0.00442105 0.0368561
internal_weight=0 15352.7 5900.37 4908.03 1775.49 10444.7 3019.33 1888.7 4124.88 1348.83 1560.46 3580.63 898.258 754.309 1100.34 594.516 613.539 268.684 344.855 72.109 1801.72 177.854 142.335 137.659 125.226 272.746 924.007 236.687 48.453 29.4021 41.9381 12.4333 1078.27 426.668 788.355 58.4196 204.22 16.7304 10.0767 1458.87 145.505 110.689 67.4428 1187.33 439.203 107.596 17.0946 24.8435 576.129 246.246 73.1634 19.0509 57.116 27.1481 21.4481 29.9679 642.85 39.4453 20.9643 748.131 18.9743 140.77
internal_count=172231 31208 141023 18852 25567 12356 7637 11215 115456 17573 4800 4856 21523 7620 4705 9953 6748 2470 4278 587 2678 2370 1809 1767 1625 3691 1500 2198 392 263 484 142 4666 7994 6510 475 3197 205 110 2837 1742 1325 775 3211 1585 1956 184 300 1394 654 213 129 680 286 231 394 4768 299 190 1626 176 872
is_linear=0
shrinkage=0.05


Tree=18
num_leaves=63
num_cat=0
split_feature=11 11 11 11 10 11 10 11 11 11 6 10 6 7 2 0 2 6 7 0 10 10 2 5 10 2 6 7 2 0 12 10 0 0 4 3 2 12 6 11 10 2 12 11 11 6 10 12 0 10 4 0 5 10 7 12 2 12 4 11 10 2
split_gain=14563.4 1808.38 812.698 248.278 104.881 86.5393 70.3214 70.1073 53.237 51.7087 54.2451 49.926 44.7203 38.5137 34.8886 38.608 38.2697 33.7463 33.3486 48.4292 33.2189 33 30.0124 40.2989 27.8657 27.7447 27.5917 27.0514 27.0419 26.837 31.3725 26.4207 26.4155 32.7271 25.9127 35.4442 25.8168 25.1032 24.6213 25.3303 24.472 20.1466 19.951 21.5824 24.7974 25.3178 32.5589 33.6903 49.6623 29.9057 28.8615 21.3815 31.2552 21.0482 20.7091 20.577 25.2687 26.3267 19.6578 19.1208 19.0341 18.9729
threshold=0.56841666666666679 0.46708333333333346 0.62258333333333349 0.50741666666666685 57.500000000000007 0.41608333333333342 39.500000000000007 0.65558333333333352 0.58308333333333351 0.53325000000000011 53.500000000000007 54.500000000000007 32.500000000000007 9.5000000000000018 1.0118117942903659 23.876200000000004 1.043890530769223 59.500000000000007 11.500000000000002 15.097000000000001 30.500000000000004 44.500000000000007 0.78181625966625978 2.5000000000000004 53.500000000000007 2.7667425000000008 29.500000000000004 10.500000000000002 1.1023909465020576 20.571560439560443 7.5403774076715573 12.500000000000002 14.220675000000002 27.717223393607281 3.5000000000000004 13.119678008098044 1.0259252950752953 7.6707902545301501 24.500000000000004 0.62608333333333355 58.500000000000007 1.9006818768533056 8.125374102868177 0.57591666666666685 0.58958333333333346 45.500000000000007 52.500000000000007 8.0147730865314397 16.175911764705884 51.500000000000007 2.5000000000000004 19.740946952874417 1.5000000000000002 27.500000000000004 13.500000000000002 7.8636658350122941 1.5657665242165244 7.7508508972800936 1.0000000180025095e-35 0.53958333333333353 36.500000000000007 2.2452118614718617
decision_type=2 2 2 2 2 2 2 2 2 2 2 2 2 2 2 2 2 2 2 2 2 2 2 2 2 2 2 2 2 2 2 2 2 2 2 2 2 2 2 2 2 2 2 2 2 2 2 2 2 2 2 2 2 2 2 2 2 2 2 2 2 2
left_child=1 5 4 11 12 -1 -5 20 29 27 14 -3 26 37 15 21 -16 18 -13 -20 -4 -11 23 59 -7 58 36 -8 34 -6 -31 -14 -30 -34 35 -29 -2 -10 39 -22 -35 -42 43 54 60 46 47 49 -49 55 51 -47 -53 -52 -33 56 57 -46 -24 -12 -45 -62
right_child=2 3 7 6 8 24 9 -9 13 10 22 17 31 -15 16 -17 -18 -19 19 -21 38 -23 25 -25 -26 -27 -28 28 32 30 -32 42 33 40 -36 -37 -38 -39 -40 -41 41 -43 -44 44 45 50 -48 48 -50 -51 53 52 -54 -55 -56 -57 -58 -59 -60 -61 61 -63
leaf_value=0.076111674081845285 -0.02019249461877658 0.056042511712601217 0.040918293675485266 0.046663661515439284 -0.013532850711424389 0.070145574150485945 0.04353562505537753 -0.049544616925912187 0.054402907937065773 -0.044605878339502469 0.075822840865691507 0.053074231722701259 0.10768807679872863 -0.025864891093771804 0.076106931944559933 -0.060923830898809185 0.025737476975005294 0.014624370341419167 0.0042671341173605819 0.042606360529995231 0.11058518982608373 0.017335977207831636 0.04090654260046904 0.08829364008277589 0.060553954479198105 0.086342531322673777 0.056993920288219459 -0.036413409608212766 -0.017419046913061467 0.0092466942616823179 0.098754848875674178 0.013400066715370286 0.046965251376845867 0.038959364933827678 0.029408204270423025 0.015681696577232753 0.031637459704521462 -0.0076090790518736672 -0.036564477910520275 -0.011044426859695727 0.0084201255102640035 -0.066016196619314071 -0.029098640253353 -0.018822748069287243 0.0076472748591977936 -0.027342778719840435 -0.03053721961857081 -0.012103099413635439 0.19454530837724829 0.13192743119271397 0.072018201485263875 0.14709316074887119 -0.014058381105212767 -0.036511761071513216 -0.04014396779494165 -0.033585263105924919 -0.03491625529155451 0.1119827714137272 -0.020147055970084194 -0.024398171645920251 0.028587710369372743 0.11352724198575559
leaf_weight=6724.4511728584766 33.525427591055632 1200.7242314368486 14.623196948319672 401.08599006384611 161.71965532377362 1789.5865379571915 349.02649796009064 3080.6974365822971 23.572429038584232 22.819318540394306 5.8185650333762196 533.78797847777605 5.7930281087756148 678.40132278576493 39.854858107864857 18.231452442705631 719.82416759803891 106.77044197916985 101.84341165423393 437.84617704153061 4.8001843243837348 339.93501484021544 14.088277462869881 18.987233936786652 1348.7145350426435 6.7938589230179778 67.394022352993488 43.227247022092342 22.763891294598579 180.64779032021761 10.272631138563154 29.210351031273603 301.23867716640234 70.195828013122082 192.37081572413445 132.23508006706834 83.425966415554285 52.1669448800385 817.65437278524041 33.578142169862986 62.845829986035824 10.518951736390589 48.73598849400878 20.011654686182737 12.579904202371837 7.8903299681842354 25.8252346329391 4.7886275760829431 7.0916012264788151 5.2543569989502421 4.6053672581911078 6.8548711687326414 5.1822301670908928 81.686653543263674 46.570984158664942 19.095753498375416 10.123001560568808 11.770221740007399 179.36241970583797 24.080474458634853 113.89942502975464 6.9467512853443614
leaf_count=7500 391 2042 243 1250 1959 2230 1076 93933 264 159 36 1062 30 13223 205 146 3919 341 328 1046 92 2425 120 135 1949 46 559 221 113 1763 111 197 1003 210 782 606 680 845 20465 723 300 61 853 174 146 129 393 66 66 57 50 82 80 1330 472 272 126 107 1660 237 1087 55
internal_value=0 0.0602019 -0.0333995 0.0368112 -0.00518811 0.072904 0.027176 -0.0459996 -0.0145891 0.024136 0.0175838 0.0488478 0.0106107 -0.0220874 0.0222005 0.00982897 0.0283962 0.0415199 0.0441887 0.0353829 -0.0334461 0.0134145 -0.00353459 0.0315208 0.0660271 -0.0121292 0.0315016 0.0318179 0.0269117 0.00143388 0.0141381 0.00246903 0.0349009 0.037593 0.0167361 0.00280553 0.0167325 0.0116713 -0.0347269 0.00428636 0.0178732 -0.00225974 0.00113354 0.00466477 0.0100016 -0.00117238 0.0173262 0.0348979 0.111427 0.019194 -0.0180308 0.0359645 0.0777578 -0.030585 -0.0194488 0.00781801 0.030928 0.0585366 -0.0156561 -0.00454004 0.0261101 0.0336016
internal_weight=0 15219 5716.4 5356.28 1765.04 9862.75 2975.3 3951.35 1106.78 2574.22 1389.8 2380.97 658.262 754.141 1140.66 380.986 759.679 1180.25 1073.48 539.69 870.656 362.754 249.131 48.8863 3138.3 200.245 184.345 1184.42 835.396 352.64 190.92 473.916 467.563 444.799 367.833 175.462 116.951 75.7394 856.033 38.3783 143.561 73.3648 468.123 419.387 343.606 202.748 96.5287 70.7035 11.8802 58.8232 106.219 19.9274 12.0371 86.292 75.7813 53.5689 34.4731 24.3501 193.451 29.899 140.858 120.846
internal_count=172231 31208 141023 19529 25567 11679 14710 115456 18165 13460 9088 4819 7402 14332 6854 2730 4124 2777 2436 1374 21523 2584 2234 408 4179 1826 1630 4372 3296 3833 1874 5772 1687 1574 1609 827 1071 1109 21280 815 571 361 5742 4889 4220 2904 1233 840 132 708 1671 291 162 1380 669 651 379 253 1780 273 1316 1142
is_linear=0
shrinkage=0.05


Tree=19
num_leaves=63
num_cat=0
split_feature=11 11 11 11 8 8 11 8 11 11 10 8 8 0 10 11 6 6 6 0 6 1 11 1 9 8 8 10 1 6 15 6 7 9 1 10 3 8 3 1 6 10 9 7 6 0 11 8 7 6 12 8 9 1 1 11 9 3 9 9 14 12
split_gain=13295.3 1618.78 984.103 194.257 141.28 99.4203 91.5619 90.6043 84.2847 71.7305 55.3912 46.2981 43.5116 34.7495 37.1245 34.6829 32.5557 31.5013 31.4191 35.5646 30.8603 30.9639 29.235 36.0357 33.0268 29.5159 25.7322 24.7362 22.7413 22.6041 23.4356 37.7264 27.8716 31.7904 50.7247 22.5936 22.4803 29.6263 22.3619 22.3253 22.1064 33.8397 27.7912 22.0533 20.2969 20.2139 19.5939 19.3051 26.6102 19.264 21.8995 22.979 28.1614 30.8129 19.233 18.7861 31.6837 23.0126 48.4975 25.4346 21.8225 18.6423
threshold=0.56208333333333349 0.46708333333333346 0.62258333333333349 0.50741666666666685 9.9500000000000011 8.9500000000000011 0.41608333333333342 8.3500000000000032 0.59291666666666687 0.65558333333333352 60.500000000000007 14.850000000000003 5.3500000000000005 14.814345679526747 46.500000000000007 0.53325000000000011 33.500000000000007 31.500000000000004 36.500000000000007 25.384564285714287 60.500000000000007 1.2500636363636366 0.60591666666666688 0.80626762260128038 68.500000000000014 7.3500000000000005 16.650000000000002 68.500000000000014 1.494085452847806 25.500000000000004 1.0000000180025095e-35 42.500000000000007 19.500000000000004 69.500000000000014 1.0989505494505496 82.500000000000014 13.23195639524312 10.350000000000003 13.728301426562949 0.47038306343861908 37.500000000000007 25.500000000000004 48.500000000000007 23.500000000000004 34.500000000000007 16.80231105565586 0.54241666666666677 16.550000000000004 12.500000000000002 36.500000000000007 7.8812358841197492 7.9500000000000011 62.500000000000007 1.5876737855790539 0.5441943654586654 0.58791666666666687 66.500000000000014 13.036193712795823 78.500000000000014 73.500000000000014 1.0000000180025095e-35 7.2243349172721825
decision_type=2 2 2 2 2 2 2 2 2 2 2 2 2 2 2 2 2 2 2 2 2 2 2 2 2 2 2 2 2 2 2 2 2 2 2 2 2 2 2 2 2 2 2 2 2 2 2 2 2 2 2 2 2 2 2 2 2 2 2 2 2 2
left_child=1 6 4 7 10 17 -1 20 40 11 22 -4 -8 -10 28 -7 -17 -5 19 47 21 35 23 24 -2 -25 -21 39 -15 -27 32 -32 44 43 -35 -3 -16 -38 -20 -19 54 -42 -43 -34 -31 -23 -29 -13 -49 50 51 -12 -53 55 -6 60 -57 58 59 -58 -54 -44
right_child=2 3 9 5 8 15 12 -9 13 -11 49 18 -14 14 36 16 -18 27 38 26 -22 45 -24 25 -26 29 -28 46 -30 30 31 -33 33 34 -36 -37 37 -39 -40 -41 41 42 61 -45 -46 -47 -48 48 -50 -51 -52 52 53 -55 -56 56 57 -59 -60 -61 -62 -63
leaf_value=0.074004992016606319 0.044733852767453647 0.036397374719230623 -0.037189859309155582 0.030091839114342208 -0.012454755195432474 0.043974379756138583 0.055173363784942725 0.057388635612449501 -0.032027368247526757 -0.049355122725654767 -0.021732091060772035 -0.040009552330243059 0.067779959874933099 0.042213728523976264 -0.012902314697604101 0.043171177723361813 0.021213559613451657 -0.015900365054670677 -0.03201722618643308 0.12698707423943553 0.0097985438282695066 0.0074227566182265645 -0.033627799308250238 -0.012128921958865373 -0.035406413204518532 -0.05463376524946395 -0.010947859341399744 0.0096714483992433806 -0.02715503962294695 0.053888099724518662 0.1529132114912666 0.0019031322051602352 -0.017736574633379975 0.23070884431313476 0.019456249695946726 0.0037516842317705749 0.13553226155380702 0.010210219992959098 0.085024629167446561 0.020850700904127474 0.081006471379637235 0.047299317651906966 -0.060187031715249667 0.099640915712530989 -0.0066232816189648706 0.053640333299041512 -0.015555516746285025 -0.051050202078221689 0.11799345196756639 -0.03253069779100317 -0.041002457414068293 -0.041829793647558344 0.073941781895728198 -0.05345158213955882 0.036443970007878065 -0.049932330038397962 0.058991330911797549 0.23583885701656315 -0.05048701863059013 0.24873724322305071 -0.015533120256078179 0.0069657724439397056
leaf_weight=6573.8943100571632 15.843247447162865 773.10847328603268 739.99358401075006 324.67758039757609 21.713358864188194 681.52307472378016 1040.0454030632973 1041.8211786001921 102.40383174270391 2941.4200962819159 81.405050490051508 15.458081658929588 2058.4912441968918 68.887818567454815 267.73025138303638 252.44303019344807 515.98627043515444 44.368793927133083 58.654808092862368 11.980860132724048 92.727509438991547 25.46967688202858 52.436103858053684 47.905846744775772 65.637641232460737 6.6033491864800444 4.5850361324846736 236.65519352629781 14.092419531196354 19.724901895970106 10.399263821542265 6.9400613941252223 10.447872929275041 6.2106451056897622 5.3064523264765739 57.29566952586174 5.2091129757463923 43.659375309944153 4.2702889516949645 562.90657889842987 17.53960233554244 43.516678288578987 10.600895226001738 6.3112602010369292 45.632028210908175 395.3855854421854 113.90093193203211 3.771113954484461 5.6856161616742611 395.79695550352335 53.494719471782446 15.38543977588415 12.167898558080196 8.254768103361128 243.0336156077683 3.1969614066183594 3.4724046327173692 3.3590137287974349 4.1066620759665966 3.8776599280536175 15.114451736211777 294.06178070604801
leaf_count=7500 166 1819 19567 1574 187 1648 1573 1656 1803 93933 1355 273 2606 733 4261 820 2385 336 1271 128 307 68 1050 717 1045 76 56 1506 166 180 83 87 114 62 72 224 90 721 94 3072 67 248 80 56 591 745 1245 64 70 7463 1243 206 117 129 1462 60 59 44 80 56 180 2582
internal_value=0 0.0586243 -0.0305989 0.0358819 -0.00252213 0.0267738 0.0706576 0.0463098 0.00922315 -0.0456632 -0.0173218 -0.0327924 0.063552 -0.00605552 0.000594367 0.0357467 0.0284382 0.0166236 -0.00157111 0.0321157 0.0377144 0.0397782 0.000225921 0.00744482 -0.0197268 0.0208578 0.0886734 0.0120504 0.0303542 0.0343395 0.0397232 0.0931157 0.0296937 0.0711106 0.134811 0.0341517 -0.007197 0.0239205 -0.0238728 0.0181552 0.0213951 0.0134 0.00995766 0.0264984 0.0116173 0.0508576 0.00145847 -0.00549387 0.050231 -0.0260904 -0.0135506 -0.00372856 0.0174599 0.0346339 0.0324114 0.0508795 0.0904832 0.121249 0.0854698 0.161761 0.0243143 0.00459377
internal_weight=0 14790.7 5817.3 5118.27 2031.48 2732.46 9672.43 2385.81 1132.45 3785.82 899.031 844.399 3098.54 501.983 399.579 1449.95 768.429 1282.51 104.406 41.4807 1343.99 1251.26 299.399 246.963 81.4809 165.482 16.5659 957.831 82.9802 117.576 110.972 17.3393 93.6332 28.2762 11.5171 830.404 316.599 48.8685 62.9251 607.275 630.466 365.719 348.179 16.7591 65.3569 420.855 350.556 24.9148 9.45673 599.632 203.835 150.34 68.9353 53.5498 264.747 45.2951 18.0127 14.8157 11.4567 7.35006 27.2824 304.663
internal_count=172231 29084 143147 17405 27691 12586 11679 4819 12400 115456 15291 21523 4179 7774 5971 4853 3205 7733 1956 591 3163 2856 4299 3249 1211 2038 184 6159 899 1321 1245 170 1075 304 134 2043 5072 811 1365 3408 4626 2977 2910 170 771 813 2751 407 134 10992 3529 2286 931 725 1649 596 299 239 195 115 297 2662
is_linear=0
shrinkage=0.05


Tree=20
num_leaves=63
num_cat=0
split_feature=11 12 11 12 8 11 8 11 11 8 8 6 10 8 8 1 8 6 2 10 10 8 0 8 1 7 2 8 10 10 1 11 6 6 7 1 10 1 2 11 8 6 11 12 9 6 10 7 0 1 2 6 6 12 12 0 2 10 9 7 7 10
split_gain=12269.7 1579.7 923.772 181.06 152.68 94.3163 80.445 78.131 77.412 66.0666 58.7886 52.856 51.3041 50.997 50.6305 37.3112 36.8702 33.8913 32.5085 32.4365 29.8027 28.6202 54.1694 28.5521 28.4688 27.6955 27.1491 26.1098 41.9575 25.5462 24.697 31.9314 28.6199 24.1183 24.1068 23.6758 37.2672 23.5994 24.1863 22.4954 25.5388 29.4898 22.1185 21.5656 23.4784 21.5192 21.5137 21.1532 21.1045 21.0999 32.6362 21.0256 20.9998 22.9918 20.8109 30.4122 20.3483 20.0056 19.9328 19.6267 27.4752 23.0013
threshold=0.56208333333333349 6.0762464689341531 0.62258333333333349 6.6027716251858601 13.15 0.42541666666666672 11.65 0.59441666666666682 0.65458333333333352 7.4500000000000011 11.950000000000001 36.500000000000007 61.500000000000007 8.3500000000000032 5.7500000000000009 0.91885015744545795 5.0500000000000007 45.500000000000007 1.6322006046863191 24.500000000000004 54.500000000000007 13.250000000000002 17.064663316582919 7.9500000000000011 2.1167355409596795 23.500000000000004 0.97048495849297589 14.950000000000001 48.500000000000007 75.500000000000014 1.1287708901884341 0.5704166666666669 53.500000000000007 43.500000000000007 16.500000000000004 0.37352136321195151 61.500000000000007 2.1501343750000004 2.1763329365079369 0.52658333333333351 8.6500000000000004 40.500000000000007 0.54241666666666677 7.2243349172721825 82.500000000000014 56.500000000000007 61.500000000000007 5.5000000000000009 22.185200000000005 1.3270467548076927 1.7071392061885484 33.500000000000007 55.500000000000007 8.1551521770408844 8.4800615238300789 18.960900000000006 1.4236231493506495 94.500000000000014 45.500000000000007 9.5000000000000018 8.5000000000000018 55.500000000000007
decision_type=2 2 2 2 2 2 2 2 2 2 2 2 2 2 2 2 2 2 2 2 2 2 2 2 2 2 2 2 2 2 2 2 2 2 2 2 2 2 2 2 2 2 2 2 2 2 2 2 2 2 2 2 2 2 2 2 2 2 2 2 2 2
left_child=1 5 4 9 7 -1 12 13 10 20 -4 27 39 15 46 -2 -14 25 43 -6 -3 22 -21 -9 -20 26 35 28 54 49 31 -23 37 -28 -34 36 -15 38 -32 -5 41 -41 -8 44 58 -11 -7 -10 -24 51 -51 -29 53 59 55 -12 -57 -22 -18 60 -25 -61
right_child=2 3 8 6 19 14 42 23 47 45 11 -13 16 17 -16 -17 18 -19 24 21 57 30 48 52 -26 -27 33 29 -30 -31 32 -33 34 -35 -36 -37 -38 -39 -40 40 -42 -43 -44 -45 -46 -47 -48 -49 -50 50 -52 -53 -54 -55 -56 56 -58 -59 -60 61 -62 -63
leaf_value=0.071708527258283347 -0.037305840105518094 0.045494610090708772 -0.042731738654069394 0.03560670863888301 0.093574000875796121 0.05645386047860558 0.050820922009577177 -0.042203840822533818 0.084320517278160867 0.05492775097126476 0.22174881757724402 -0.03094294653595217 -0.0067286066625806707 0.10410554774508947 0.065676679706522287 -0.0029912756274772033 -0.015704542026333819 -0.0081226189266946705 0.044935810611131721 0.17588092436227099 0.030018936937884051 0.053986711066855521 0.069268207561677633 -0.012905373126949471 -0.0059240877085007639 0.097241469727423271 0.017663441207265415 -0.0020597741588786567 -0.022246384488175702 -0.051732246731759413 0.042941328775253938 -0.00066510771243080908 -0.045113352747365137 0.072982580105027547 0.067503109480603743 -0.0144353866934195 -0.053050331728581201 -0.025809143010779464 0.12659205423464623 0.026170452254880596 0.030950175313743451 -0.0063662990926382891 0.030638719490767071 -0.0056892331134347166 -0.038063803206536739 0.035696659638431716 0.039972542931180674 -0.049463675414451652 -0.055392377242138503 0.20511586491068889 0.043683564656000012 0.10669920652823557 -0.039364549587278662 -0.038243156854261287 -0.048925234052078485 -0.049765081080839685 0.11021646052849084 -0.021129355618263644 0.021689504727537678 0.010158274492309679 0.1084245635766668 -0.01959138049239503
leaf_weight=6953.4682213366032 137.77154333889484 435.70171317458153 480.62790332734585 595.08090298622847 16.107328727841377 556.50410106778145 339.65527412295341 158.99967683106661 2.8437564074993125 1102.0067037791014 3.5364856868982306 198.04977913200855 184.42125759273767 10.77395895496011 1531.9939076453447 187.08004263788462 38.19575984030962 245.0067784525454 157.85578117519617 8.3771253898739833 605.91307111084461 31.058678351342678 7.5975422300398332 9.9737746268510818 33.087191306054592 9.9841137602925283 259.3550666756928 15.397410057485105 66.487034276127815 5.8698678165674201 104.56246127188206 186.72094786539674 18.150681387633089 21.324574310332537 6.3057056777179232 109.56007935106754 5.6523764841258517 11.122484836727379 9.4461533650755864 145.98894705623388 353.30085640400648 132.65151217952371 230.17431791871786 128.52555988356471 18.527341693639755 170.35283316671848 314.02614103257656 2823.9342064857483 5.9491578713059425 5.277889743447302 7.9147490598261356 6.0962670631706706 90.479162622243166 70.955536413937807 2.7602020353078833 3.2218565791845304 4.7888213805854321 19.5572669506073 491.33046293631196 96.253953598439693 8.5343327708542347 198.44747719541192
leaf_count=8172 2434 842 13591 1588 65 813 689 3777 88 1800 53 4995 1449 67 1973 2697 175 2754 692 57 1656 112 59 175 174 54 2076 229 1536 105 715 1907 219 177 54 1192 81 88 49 817 1473 1027 795 1121 147 369 564 94370 66 47 83 82 1880 1613 65 67 82 85 2503 1375 127 3896
internal_value=0 0.0564846 -0.0303285 0.0343364 -0.00327793 0.0687517 0.025872 -0.010147 -0.0454341 0.044666 -0.031678 -0.0150207 0.0216644 -0.00134122 0.0601891 -0.0175667 0.0135511 0.00661884 0.0178683 0.0241574 0.0354322 0.0212491 0.0766934 -0.0238463 0.036098 0.0152993 0.0132518 0.0109281 -0.00545593 0.043624 0.0179067 0.00712732 0.0335514 0.0219086 -0.0157167 -0.00599677 0.0497312 0.0432254 0.0500209 0.0286144 0.0220174 0.0106661 0.0426842 0.0127116 0.0170362 0.0523599 0.0505196 -0.0493243 0.0141512 0.0600069 0.1097 0.0289073 -0.0176787 -0.0125493 0.0718359 0.101304 0.0454359 0.0284085 0.0189803 -0.00670219 0.0430548 -0.00985758
internal_weight=0 14538.3 5652.36 5182.33 2025.55 9355.99 2848.8 1620.15 3626.81 2333.53 800.028 319.4 2278.97 986.509 2402.52 324.852 1051.94 661.657 867.522 405.398 1061.17 389.291 21.9238 633.644 190.943 416.65 406.666 121.351 80.7944 40.5562 367.367 217.78 149.587 280.68 24.4564 125.986 16.4263 125.131 114.009 1227.02 631.941 278.64 569.83 676.579 548.054 1272.36 870.53 2826.78 13.5467 34.6863 13.1926 21.4937 474.644 384.165 14.3074 11.5472 8.01068 625.47 529.526 313.21 18.5081 294.701
internal_count=172083 28924 143159 17402 27766 11522 12650 24375 115393 4752 20935 7344 11166 11532 3350 5131 6261 6401 4812 3391 2583 3326 182 12843 866 3647 3593 2349 1803 546 3144 2019 1125 2253 273 1340 148 852 764 4905 3317 1844 1484 3946 2825 2169 1377 94458 125 441 130 311 9066 7186 267 202 149 1741 2678 5573 302 5271
is_linear=0
shrinkage=0.05


Tree=21
num_leaves=63
num_cat=0
split_feature=11 11 11 11 8 11 11 8 8 11 8 6 8 8 8 6 6 6 8 11 7 8 12 0 11 8 0 12 6 12 7 5 8 0 7 11 0 11 0 5 13 0 12 8 15 9 8 0 0 0 9 6 5 9 0 7 5 11 0 3 7 4
split_gain=11234.6 1573.15 897.771 163.191 137.048 103.751 78.8422 77.6982 75.8584 72.8507 57.5932 49.1041 46.5525 45.3887 42.4893 36.3599 30.2752 27.9066 27.8599 24.2062 23.0599 22.5776 28.9488 22.0172 22.002 21.9508 24.8985 21.7385 20.197 21.8901 19.4563 19.2365 18.9951 22.199 18.9342 18.8257 18.6424 30.2594 19.0237 33.2309 38.6628 19.0003 20.9973 19.6122 19.1186 18.6112 23.9158 27.4756 33.4191 21.3829 19.7996 19.6381 30.4646 21.4015 17.6356 34.0513 17.4938 23.1231 18.1433 20.8442 28.5727 18.5934
threshold=0.56208333333333349 0.46708333333333346 0.62258333333333349 0.50741666666666685 13.15 0.42541666666666672 0.65458333333333352 8.4500000000000011 5.7500000000000009 0.59441666666666682 11.950000000000001 36.500000000000007 8.3500000000000032 11.950000000000001 5.3500000000000005 64.500000000000014 45.500000000000007 50.500000000000007 7.9500000000000011 0.5704166666666669 23.500000000000004 14.950000000000001 8.0147730865314397 9.5205254515599353 0.53325000000000011 3.6500000000000008 12.00087272727273 7.4188640192288284 55.500000000000007 8.1551521770408844 5.5000000000000009 3.5000000000000004 12.15 17.974411764705888 19.500000000000004 0.52658333333333351 21.669600000000006 0.58308333333333351 22.001600000000003 2.5000000000000004 1.0000000180025095e-35 26.292360426929395 7.3934085905420694 5.8500000000000005 1.0000000180025095e-35 63.500000000000007 13.250000000000002 27.108880555555558 28.432350000000003 18.868902061825278 81.500000000000014 41.500000000000007 1.5000000000000002 55.500000000000007 15.834450000000002 18.500000000000004 3.5000000000000004 0.58475000000000021 17.064663316582919 12.883457341899176 19.500000000000004 2.5000000000000004
decision_type=2 2 2 2 2 2 2 2 2 2 2 2 2 2 2 2 2 2 2 2 2 2 2 2 2 2 2 2 2 2 2 2 2 2 2 2 2 2 2 2 2 2 2 2 2 2 2 2 2 2 2 2 2 2 2 2 2 2 2 2 2 2
left_child=1 5 4 7 9 -1 10 17 27 12 -4 21 36 15 -7 35 20 54 -11 -6 -14 22 -12 -21 -15 34 -27 -5 29 -20 -8 -23 33 -24 -19 -10 -2 38 39 40 -38 42 -40 -44 -43 51 49 50 -49 -47 -48 53 -53 -25 55 -3 58 -58 -18 -60 61 -61
right_child=2 3 6 8 19 14 30 -9 13 18 11 -13 16 24 -16 -17 56 25 28 23 -22 31 32 45 -26 26 -28 -29 -30 -31 -32 -33 -34 -35 -36 -37 37 -39 41 -41 -42 44 43 -45 -46 46 47 48 -50 -51 -52 52 -54 -55 -56 -57 57 -59 59 60 -62 -63
leaf_value=0.069950042564089307 -0.029217072050756084 0.033730730943157088 -0.04228101208969616 0.0060256396057624898 0.051473574673640499 0.048164027590283029 0.074203841175919202 0.052450996616577296 0.030901655180332183 -0.041710668526662505 0.11376008815834725 -0.030264937368841279 0.012464491320243666 0.053672606716947006 0.062414270727354199 -0.03116271140735943 -0.034764107961692166 -0.026279057950987381 -0.006416880974836516 -0.042484454145304079 0.086892022444033101 0.052222743952436403 -0.04821766708602606 0.046839216384904181 0.031892869262605539 -0.022117678251257357 0.031471980956271177 -0.053770094086111747 -0.038779249529617914 -0.037649597026021345 -0.049285594721598824 -0.051952615920435499 -0.020658819893396439 0.13802569207868368 0.038968714608520749 0.020559023521402667 0.034955356025952268 -0.042598775914306164 -0.054225379656532846 -0.0521882177167328 0.21741732732056704 0.026207508139269461 0.097844677363486537 -0.026952024956974463 -0.053595763235879272 0.16535379884392848 0.020721374865536216 0.17219383643124353 0.042604284955964508 0.033791602783760706 -0.055760255521180573 0.016767771332426261 -0.044955121992638125 0 0.042272437983484623 -0.021022016941746408 0.041318442884668183 -0.05234404574801152 -0.021073942545201656 -0.055582547089565941 0.11258614026432662 0.019805712891915572
leaf_weight=6776.3546604961157 157.50230121985078 251.48174035549164 461.94005902670324 378.64138607308269 61.772287271916866 773.56537243723869 3.076979409903287 998.57657019793987 736.01960717886686 152.98973808437586 4.6961807683110228 192.5067800283432 410.28982522338629 201.65157632529736 1658.6425838768482 29.452827412635088 68.194701630622149 38.380907699465752 311.31935272365808 14.530920971184967 10.609104443341492 37.13398027792573 2.4684730507433406 50.478419974446297 279.42241748422384 23.358487069606781 273.44003601372242 15.724416516721247 87.334270007908344 68.533859204500914 2695.672627357766 4.9015536829829207 69.165802638977766 4.0989088639616966 15.505064055323599 1111.4864022247493 8.8983203656971472 40.24116189032793 26.152595676481724 5.158548727631568 4.3095783554017535 56.346939478069544 5.1805921755731088 7.6254077814519405 8.5284800231456739 6.1077265404164773 97.739107772707939 5.9641498178243628 29.688385158777237 6.5077902637422085 9.1385452263057214 47.817594606429338 34.139686539769173 47.264995686709881 754.84308367967606 31.824664384126663 32.221421752125025 8.1459445804357511 73.470807891339064 9.9006134606897813 7.01949768513441 44.501770559698343
leaf_count=8172 2761 596 13591 2555 199 1239 88 1603 2197 3777 78 4995 3593 373 2203 202 882 167 5573 177 54 466 63 381 875 85 681 219 1880 1613 94370 80 1577 85 49 6062 124 838 355 77 40 642 71 108 115 39 882 36 271 62 106 441 396 401 1543 103 270 136 811 116 65 474
internal_value=0 0.0543954 -0.0297001 0.0322322 -0.00314928 0.0667649 -0.0450957 0.0418016 0.0239288 -0.00975144 -0.0310353 -0.0145181 -0.00128854 0.0273237 0.0578862 0.0238029 0.00625193 0.0341377 -0.0231727 0.022599 0.0143726 0.0101986 -0.00527291 0.0174662 0.0410419 0.0218991 0.0272315 0.00361572 -0.0170837 -0.0120735 -0.0491402 0.0398622 -0.0128603 0.0675995 -0.00737474 0.0246835 -0.0169588 -0.00503176 0.00732306 0.0540886 0.0960526 -0.000944935 -0.0285493 0.0235133 0.0155733 0.0200947 0.0327887 0.0268564 0.0648436 0.0986794 0.0140891 0.00909526 -0.00890571 0.0242338 0.0382646 0.0275573 -0.00776712 0.0222116 -0.0137586 -0.00308431 0.0183523 0.00591736
internal_weight=0 14348.4 5491.29 5139.81 2015.62 9208.56 3475.66 2387.41 2752.4 1604.47 776.912 314.972 984.298 2358.03 2432.21 1876.96 664.354 1388.83 620.177 411.15 420.899 122.465 80.4294 349.377 481.074 350.684 296.799 394.366 467.187 379.853 2698.75 42.0355 75.7332 6.56738 53.886 1847.51 319.944 162.442 122.2 18.3664 13.2079 103.834 38.9586 12.806 64.8754 334.846 155.146 142.53 35.6525 12.6155 106.878 179.701 81.9573 97.7434 1038.15 283.306 243.455 40.3674 203.087 134.893 61.4219 54.4024
internal_count=172083 28924 143159 17310 27766 11614 115393 4827 12483 24375 20935 7344 11532 9709 3442 8461 6401 3224 12843 3391 3647 2349 1803 3192 1248 982 766 2774 9066 7186 94458 546 1725 148 216 8259 5131 2370 1532 241 164 1291 534 179 757 3015 1396 1295 307 101 988 1619 837 782 2242 699 2754 406 2348 1466 655 590
is_linear=0
shrinkage=0.05


Tree=22
num_leaves=63
num_cat=0
split_feature=11 11 11 12 8 8 11 11 11 8 8 6 10 8 8 10 6 12 0 2 8 6 10 8 10 0 6 11 12 2 8 11 2 4 2 10 0 6 8 2 12 9 6 10 6 10 11 10 11 11 8 6 12 7 12 12 2 7 8 11 6 8
split_gain=10297.9 1567.11 871.775 190.537 123.126 80.7733 80.2877 69.3205 67.7645 65.828 56.417 45.6943 44.4347 42.5779 34.6211 31.6088 30.4322 34.4276 29.6721 27.8265 27.1679 27.1428 27.0566 24.6288 23.6742 24.8814 37.6332 26.6586 25.3696 26.6392 21.3749 21.2892 21.0678 20.6655 20.5728 28.2903 31.48 22.4988 20.0191 23.556 23.1736 21.9875 20.0057 21.0233 19.416 21.0693 22.1495 23.4291 19.345 18.744 21.6952 25.7012 18.5344 18.7131 21.9247 25.408 20.3204 18.0544 17.9584 18.8117 22.5916 24
threshold=0.56208333333333349 0.45941666666666675 0.62258333333333349 6.6027716251858601 13.15 7.4500000000000011 0.65458333333333352 0.41608333333333342 0.59441666666666682 11.65 11.950000000000001 36.500000000000007 61.500000000000007 8.3500000000000032 5.3500000000000005 51.500000000000007 60.500000000000007 7.2243349172721825 14.001314285714288 1.2066063899572854 7.9500000000000011 45.500000000000007 24.500000000000004 5.9500000000000011 23.500000000000004 25.384564285714287 24.500000000000004 0.64291666666666691 8.2147505098127613 1.6322006046863191 10.450000000000001 0.5704166666666669 1.5415966666666669 1.5000000000000002 0.97048495849297589 62.500000000000007 11.643736521472713 43.500000000000007 5.0500000000000007 1.6861543143573219 7.1632533030289345 73.500000000000014 31.500000000000004 33.500000000000007 55.500000000000007 64.500000000000014 0.60591666666666688 63.500000000000007 0.54241666666666677 0.52658333333333351 8.6500000000000004 40.500000000000007 7.4925034417655452 10.500000000000002 7.2848102876857732 7.1278355496958072 1.2313048855906001 5.5000000000000009 10.050000000000002 0.55758333333333354 37.500000000000007 10.65
decision_type=2 2 2 2 2 2 2 2 2 2 2 2 2 2 2 2 2 2 2 2 2 2 2 2 2 2 2 2 2 2 2 2 2 2 2 2 2 2 2 2 2 2 2 2 2 2 2 2 2 2 2 2 2 2 2 2 2 2 2 2 2 2
left_child=1 7 4 5 8 15 10 -1 13 12 -4 24 49 19 -9 -3 17 38 -17 -2 -10 34 -6 -19 -12 -26 -27 28 29 32 42 -24 -28 -25 35 36 -15 -36 40 -40 41 -14 -7 -44 45 46 47 -22 -11 -5 51 52 53 -51 55 56 -55 -8 -52 60 61 -60
right_child=2 3 6 9 22 30 57 14 20 48 11 -13 16 21 -16 18 -18 23 -20 -21 44 -23 31 33 25 26 27 -29 -30 -31 -32 -33 -34 -35 37 -37 -38 -39 39 -41 -42 -43 43 -45 -46 -47 -48 -49 -50 50 58 -53 -54 54 -56 -57 -58 -59 59 -61 -62 -63
leaf_value=0.068762945070260525 -0.031381738533580991 0.04304019673992409 -0.041822341508888958 0.031919734194557833 0.082774870828226169 0.056849731581797062 0.065923680838554974 0.050742378770816748 -0.041210274907202547 0.045641648148829948 0.15194419952458205 -0.029585108145766183 -0.025388050326456496 0.060824630639541147 0.06317772369112655 0.00064300358381584079 -0.020752285944657826 -0.047841363356026859 0.029791728832712819 -0.0016409133422792613 0.013053936322975621 -0.0074525177247453545 0.046167168773702506 -0.0408595525392371 -0.011026863800679028 0.12999491967247886 0.024908399630552316 -0.051696240945528708 0.16428533074545801 -0.052696894466559813 0.057914054594440947 0.013654186358801612 0.16720848392064147 0.011858528076137239 0.016691331450306737 -0.030070824810076835 -0.0070151607987948856 0.067529353258796415 0.016471623160501072 0.038687998247686123 0.071552286048699204 0.014262232898299929 0.062659392533975011 0.03707438870036496 -0.038187667481095082 -0.023541723135117799 -0.015172999405822131 0.13377023795814696 0.026927233010917841 0.081821177620848506 0.039411702922792578 -0.0067221609086080443 0.091558670424659094 -0.028800729232271872 -0.043165169543570581 0.055799666555810513 0.024023971601279951 -0.049106732980552376 -0.010405698730025554 0.059879598152489756 -0.0066959565539286801 0.048320522497907047
leaf_weight=6076.7573808431625 156.13921159505844 428.67648619413376 444.11035555787385 602.51119321584702 17.039678063243628 262.45303390920162 3.2967239990830413 871.66807350516319 147.25226628407836 342.30093759298325 2.7551533356308928 187.22185613401234 65.230292171239853 26.396816171705723 1611.6084211170673 99.87898726016283 67.630443185567856 30.731764290481806 713.7373046875 159.14726605638862 80.270762585103512 241.90948022156954 59.2726766243577 22.687672931700945 76.620381820946932 8.4991374462842924 10.047355808317667 10.843170184642075 3.5290190391242495 7.722296316176652 494.59764774143696 340.3325840048492 3.4888649918138972 100.58410777524114 271.72101815789938 55.461902130395174 47.8767817504704 23.672115869820118 542.69852972775698 153.69682024419308 10.791274186223744 75.005511038005352 93.734913557767868 600.84466391801834 84.331031393259764 186.22647188231349 105.15020298585296 4.1483743973076335 235.55557478964329 10.807510688900946 172.62908494472504 133.32254777848721 9.302594315260647 28.303856275975704 14.958714950829743 35.822176218032837 50.471677087247372 2573.3095287978649 25.016402915120125 22.502066038548946 85.562867909669876 55.868673980236053
leaf_count=7498 2864 803 13591 1588 65 403 88 1323 3777 689 18 4995 439 195 2107 305 586 412 1810 2267 1166 2754 192 203 1629 90 158 250 36 132 723 3134 36 774 2108 710 454 180 2635 611 84 517 134 1168 1880 4048 1919 53 795 41 765 1027 71 161 141 192 211 94370 95 99 376 138
internal_value=0 0.0524334 -0.0290689 0.0318346 -0.00302811 0.0414067 -0.0447498 0.0658789 -0.00937152 0.0229214 -0.0303841 -0.0140115 0.0191489 -0.00124821 0.058817 0.0320312 0.0116587 0.0138544 0.0262201 -0.0163906 -0.0224989 0.00590296 0.0211595 -0.0078659 0.00956098 0.00614782 0.0360379 0.0131849 0.0418614 0.0206303 0.049424 0.0184996 0.0629092 0.0020902 0.0135143 -0.00304769 0.0170772 0.0208038 0.0178081 0.0213869 0.00126952 -0.00415031 0.0450255 0.0405429 -0.0164922 -0.0116015 0.000108081 0.0191964 0.0380276 0.0255644 0.019612 0.00921187 0.0234343 0.0188218 0.0134688 0.0209361 0.00496834 -0.0489551 0.027733 0.0170214 0.0111649 0.0301053
internal_weight=0 14147.9 5337.79 5587.92 2006.35 2693.92 3331.44 8560.03 1589.7 2893.99 754.838 310.727 2316.14 982.325 2483.28 1242.29 1069.06 1001.43 813.616 315.286 607.379 667.038 416.645 154.004 123.505 120.75 44.1298 35.6307 24.7875 21.2585 1451.63 399.605 13.5362 123.272 425.129 129.736 74.2736 295.393 847.422 696.395 151.027 140.236 957.033 694.58 460.127 375.796 189.569 84.4191 577.857 1247.08 644.568 282.989 149.667 140.364 129.556 114.598 78.7755 2576.61 361.579 188.95 166.448 80.8851
internal_count=172083 28924 143159 17996 27766 5346 115393 10928 24375 12650 20935 7344 11166 11532 3430 2918 6261 5675 2115 5131 12843 6401 3391 1389 2349 2331 702 612 362 326 2428 3326 194 977 3647 1359 649 2288 4286 3246 1040 956 1705 1302 9066 7186 3138 1219 1484 4905 3317 1844 817 746 705 564 372 94458 1473 708 609 233
is_linear=0
shrinkage=0.05


Tree=23
num_leaves=63
num_cat=0
split_feature=11 12 11 11 10 11 8 8 12 8 8 10 8 11 12 8 8 10 8 12 0 10 2 6 8 10 9 9 5 9 8 0 12 8 12 2 11 7 2 10 12 7 10 9 9 7 2 6 15 6 2 0 0 6 12 11 0 7 9 10 2 8
split_gain=9448.57 1734.26 650.173 181.335 122.127 107.217 69.943 60.6352 60.162 63.3212 49.6869 45.9439 42.149 49.6831 38.7943 32.0867 30.4469 28.7605 26.6716 39.4695 32.4695 25.5533 25.238 24.6541 24.6051 37.9151 22.6647 22.6083 22.5914 22.1261 22.0079 21.6419 21.6089 31.9355 32.6005 38.0343 21.5447 21.4173 36.8908 21.201 21.0969 28.179 27.5025 20.8982 29.0067 20.2262 20.212 20.1667 19.0316 19.0211 18.8756 18.5049 18.3939 18.3628 17.6544 25.1431 49.7947 41.5486 21.889 27.1298 29.1557 31.2612
threshold=0.5704166666666669 6.0762464689341531 0.64191666666666691 0.50741666666666685 59.500000000000007 0.42541666666666672 11.65 8.4500000000000011 7.6707902545301501 14.750000000000002 5.7500000000000009 63.500000000000007 12.65 0.60591666666666688 7.2243349172721825 8.9500000000000011 5.9500000000000011 52.500000000000007 11.550000000000002 7.3380772174650488 28.558364285714291 53.500000000000007 0.64093959750566909 36.500000000000007 12.450000000000001 68.500000000000014 70.500000000000014 64.500000000000014 2.5000000000000004 72.500000000000014 16.750000000000004 28.558364285714291 7.6707902545301501 11.350000000000003 8.0307562432662873 0.80671306612735194 0.54241666666666677 15.500000000000002 1.4505435879532655 61.500000000000007 8.8895248237472604 5.5000000000000009 25.500000000000004 88.500000000000014 85.500000000000014 13.500000000000002 1.2116613112583237 62.500000000000007 1.0000000180025095e-35 46.500000000000007 0.91745231616456124 26.962540033712603 18.960900000000006 58.500000000000007 7.9147380664574873 0.61508333333333354 27.078857142857146 18.500000000000004 79.500000000000014 67.500000000000014 1.5869664399092973 10.250000000000002
decision_type=2 2 2 2 2 2 2 2 2 2 2 2 2 2 2 2 2 2 2 2 2 2 2 2 2 2 2 2 2 2 2 2 2 2 2 2 2 2 2 2 2 2 2 2 2 2 2 2 2 2 2 2 2 2 2 2 2 2 2 2 2 2
left_child=1 5 4 7 12 -1 11 17 9 18 39 47 13 26 23 -10 -16 -3 19 28 24 -14 -18 37 25 -20 32 -27 49 -22 36 43 -2 34 35 -34 -8 45 -39 -7 42 -42 -4 44 -25 -13 -37 -5 -28 -6 -41 -40 -35 -33 55 58 -57 -58 -17 -60 61 -61
right_child=2 3 40 6 8 10 30 -9 15 -11 -12 14 21 -15 16 54 22 -19 20 -21 29 -23 -24 31 -26 27 48 -29 -30 -31 -32 53 33 52 -36 46 -38 38 51 50 41 -43 -44 -45 -46 -47 -48 -49 -50 -51 -52 -53 -54 -55 -56 56 57 -59 59 60 -62 -63
leaf_value=0.066870395686943848 0.005880441195563019 0.040530300098706784 0.08539391489935616 0.023229656761078323 0.043540946721316337 0.050590083597166435 0.041744999990767244 0.047742461158065568 -0.04073941407824571 0.085278247562458109 0.059877172311724118 0.022738722230969646 0.025734978006998439 -0.025847974734500213 -0.04538005566897612 -0.021854015664980592 -0.034332826717195279 0.026069612717082011 -0.011423834006305143 -0.023335783817227864 -0.056671542689751719 -0.0076586874162901334 0.0087908719739658355 0.011894023481786 0.0079439284612247904 0.063208913222832827 -0.0088028378957662086 0.18056573019014682 0.088360563641344814 0.059920311178988918 0.08326180814738704 -0.0024780681161047035 0.17221458762503111 -0.040475105144186285 -0.022564011440920864 -0.0043771521507056281 0.023606954157531293 -0.026178331209622003 0.059854250164591109 0.0070979648659074404 0.1270709229354243 -0.050254074474419999 -0.040900754150502566 -0.057050920410357156 0.09786247257212205 0.055255187803899958 0.11056213992553438 -0.0068729685229029936 0.03306012766969757 -0.053771241220977595 0.0397552909971483 -0.0032544389622267359 0.06260329111319296 -0.051662834395591134 -0.026718294848108427 -0.051737776725102214 0.051349082867867192 0.25600451959921011 -0.03090145430865664 0.20286708397363373 -0.049564010490413257 0.005991149737844057
leaf_weight=6408.6600534319878 71.439925041049719 561.30543382465839 4.2201945018023244 1338.1548336781561 11.883541241288187 536.47812327742577 320.82991576194763 977.31864853203297 301.76096414960921 18.946607828140259 1450.1560885459185 172.95552371442318 255.08676811680198 180.34956566430628 47.008742969483137 143.31733952462673 43.341444626450539 900.52991319447756 8.8741003461182135 234.02392445877194 19.573164924979213 73.548346623778343 154.76165054738522 346.0195766761899 35.574440483003855 9.7744352035224455 193.83496460691094 7.461722206324338 12.315966010093687 5.0046958550810805 22.092419624328613 99.423114381730556 11.233037799596788 12.024801783263685 6.3444450050592414 7.9690462015569192 339.60098388046026 49.623057946562767 29.431313991546631 54.140752777457237 2.1349768154323092 1976.9504743590951 753.7267818339169 10.427812248468397 10.021835893392561 66.747453168034554 7.1036549508571625 57.744655538350344 31.446366485208273 8.5354541987180692 253.18804208934307 18.89205476641655 6.6224218159914008 23.431590769439936 380.24494084902108 8.9534185901284218 11.395887188613413 3.1364832557737836 9.1581859365105647 5.3660818599164468 2.9606111757457247 3.2893453389406204
leaf_count=8172 610 1047 97 5952 114 813 661 1597 8215 95 1973 711 2313 4252 704 2301 433 2275 86 3781 212 953 1366 2031 284 77 2628 52 108 41 36 641 85 125 87 96 1251 330 112 120 52 76050 26931 99 59 271 67 369 393 110 444 98 65 206 9240 184 206 49 155 79 60 59
internal_value=0 0.0495858 -0.0312689 0.027851 -0.0103269 0.0635449 0.0199226 0.0380884 -0.0203483 -0.00350286 0.0542497 0.0159998 0.00418606 -0.00455144 0.00820687 -0.027547 -0.00924872 0.0316279 -0.00830469 -0.0161282 0.0158215 0.0182462 -0.000631164 0.0133872 0.0352096 0.0719955 0.0064747 0.115051 0.0351612 -0.0325812 0.0340954 0.00619983 0.0237567 0.0484952 0.0782418 0.102737 0.0324308 0.0237834 0.00401952 0.0445666 -0.0473229 -0.0500538 -0.0401798 0.0122942 0.0143547 0.0318333 0.049835 0.0219804 -0.00292505 0.00255547 0.0340226 0.0351228 -0.00346221 -0.0119339 -0.0205214 -0.00792522 0.0402977 0.0973087 -0.014878 0.032883 0.0834325 0.129542
internal_weight=0 14292.3 4835.59 5589.66 2098.55 8702.62 3150.51 2439.15 1241.55 371.968 2293.96 2467.98 857.003 528.368 1072.09 869.583 245.112 1461.84 353.021 266.759 86.2626 328.635 198.103 826.973 61.6847 26.1103 348.019 17.2362 32.735 24.5779 682.523 489.324 122.737 51.2974 32.6502 26.3057 660.431 337.649 97.9464 843.807 2737.03 1979.09 757.947 366.469 356.041 239.703 15.0727 1395.9 225.281 20.419 307.329 48.3234 18.6472 122.855 567.822 187.577 23.4858 14.5324 164.092 20.7742 11.616 8.65543
internal_count=172083 31771 140312 20249 37182 11522 15330 4919 25508 4960 3350 13382 11674 8408 7061 20548 2503 3322 4865 4113 752 3266 1799 4558 499 215 4156 129 332 253 1948 3036 1135 525 335 248 1912 1522 540 1377 103130 76102 27028 2189 2090 982 163 6321 3021 224 564 210 190 847 12333 3093 439 255 2654 353 198 138
is_linear=0
shrinkage=0.05


Tree=24
num_leaves=63
num_cat=0
split_feature=11 11 11 11 8 11 11 8 11 8 8 8 6 10 8 8 6 1 11 0 7 10 1 10 10 11 8 0 12 6 7 6 11 5 1 2 1 7 1 2 8 1 10 0 0 6 0 10 10 9 5 9 8 2 0 9 13 12 10 1 6 11
split_gain=8682.54 1552.02 820.34 167.044 103.085 83.077 76.1247 72.8999 59.2629 58.1786 55.38 43.191 43.0039 34.7274 34.6331 33.3576 30.0639 29.8759 32.3709 27.0239 27.4962 26.1324 25.9913 27.5561 31.21 29.0068 36.5506 25.516 25.1022 28.5114 31.7308 24.9553 34.6648 30.0274 26.2928 24.1173 31.6984 23.0028 22.8361 35.7761 34.3131 30.7399 25.7863 27.9494 30.1668 23.7661 22.7645 22.0896 21.2443 21.1105 20.9985 30.4727 20.23 38.6305 22.3861 19.775 20.7692 30.9527 19.4958 19.3619 22.9013 21.6017
threshold=0.56208333333333349 0.45941666666666675 0.62258333333333349 0.50741666666666685 13.15 0.65458333333333352 0.41608333333333342 8.4500000000000011 0.58308333333333351 5.7500000000000009 11.950000000000001 7.9500000000000011 36.500000000000007 52.500000000000007 6.1500000000000012 11.950000000000001 64.500000000000014 1.2422462175505655 0.54508333333333348 14.595813332421093 16.500000000000004 37.500000000000007 0.80626762260128038 62.500000000000007 57.500000000000007 0.57775000000000021 9.8500000000000032 13.137664499178983 8.1551521770408844 54.500000000000007 9.5000000000000018 36.500000000000007 0.55275000000000019 1.5000000000000002 1.5000659340659344 1.7875136363636368 2.1983307697593415 8.5000000000000018 0.60019888175916558 0.80671306612735194 14.250000000000002 0.88805044400044408 77.500000000000014 14.375780772686435 25.384564285714287 29.500000000000004 28.558364285714291 24.500000000000004 59.500000000000007 69.500000000000014 1.5000000000000002 82.500000000000014 13.250000000000002 0.95506164866879162 20.539571428571431 76.500000000000014 1.0000000180025095e-35 7.7892424078518889 98.500000000000014 1.1287708901884341 53.500000000000007 0.5704166666666669
decision_type=2 2 2 2 2 2 2 2 2 2 2 2 2 2 2 2 2 2 2 2 2 2 2 2 2 2 2 2 2 2 2 2 2 2 2 2 2 2 2 2 2 2 2 2 2 2 2 2 2 2 2 2 2 2 2 2 2 2 2 2 2 2
left_child=1 6 4 7 8 10 -1 13 22 17 -4 -10 38 -3 -8 16 35 18 21 20 27 -5 23 24 25 -2 -27 -15 29 30 37 32 34 -33 -19 46 -37 -13 -12 40 -40 -41 43 -43 45 -45 -11 -6 55 -26 51 -39 53 -49 -55 56 -32 -58 -24 61 -61 -54
right_child=2 3 5 9 47 -7 14 -9 11 15 12 28 -14 19 -16 -17 -18 31 -20 -21 -22 -23 58 -25 49 26 -28 -29 -30 -31 48 33 -34 -35 -36 36 -38 50 39 41 -42 42 -44 44 -46 -47 -48 52 -50 -51 -52 -53 59 54 -56 -57 57 -59 -60 60 -62 -63
leaf_value=0.065962784149538448 -0.028053792065673922 0.039658460263844841 -0.040954546423347525 0.069517185317191962 0.073304836167066373 -0.048582801003827038 0.04868906009343496 0.047220356232510398 -0.037528856906449248 0.020815366232096552 -0.051641454567066619 0.0054561793610341941 -0.028365807540922196 0.024454516821773402 0.06083706236613369 0.034597163558739853 -0.030463380873282365 0.065029157209648455 -0.043067697545361494 0.028819574832280509 -0.033620344734516416 -0.0032149557389935003 0.0099810300208423158 -0.030455622551085332 0.099597442514932258 -0.052771554949055492 0.07561294053544948 -0.034074956261616482 -0.03734168357564982 -0.029915955266751223 0.0088666757607146676 0.030850977641826399 0.12674941976023166 -0.035061106252235977 -0.0067830646929880369 0.040404707232161136 -0.0019795040343955298 0.027903214957964315 0.001769400757139035 -0.052166974667394374 0.2102848322654273 0.14941120694189294 -0.038248734951098595 -0.052656213467770802 0.058955522106564531 0.033715793071190915 0.0043885679277506822 0.13596501212860024 -0.016139042987755672 0.0078845083266361367 0.0096592194907137319 0.19828982675409995 0.041190915961221965 0.067911813922384379 -0.055713832036606008 -0.012261087321852876 0.10731505493071376 -0.010167619149610211 -0.054789393899551259 0.035442960642984779 -0.016689134869496091 -0.0021890803173105415
leaf_weight=5727.7122886776924 60.872331887483597 658.39501738548279 413.31375567056239 13.042636610567568 17.925568126142025 2350.4658569376916 1087.8741906285286 1112.274999037385 206.07145829871297 1326.2999901100993 13.204434195533393 19.73978690430522 178.29378937929869 138.08754922449589 1301.0631279051304 489.9173598960042 28.951338350772858 24.316172786056995 50.950049344450235 827.58500723540783 32.785430029034615 204.07013463228941 476.57671600207686 107.05836290866137 12.539434723556043 7.9534609317779568 17.548260502517223 21.367150150239468 80.700669076293707 113.79612062871456 86.571030754595995 38.544990338385105 10.66601589694619 31.144006166607141 26.398580320179462 264.14751159027219 52.67507066577673 4.6881003119051474 3.5863631218671781 16.705563668161631 4.4275386296212673 4.8438280262053004 14.585922371596096 15.729338005185129 33.129925571382046 15.884093370288609 251.81146631389856 9.9644683152437228 228.58500296249986 12.751418091356753 6.1147801615297785 6.2061822637915611 33.648283816874027 7.4706734977662546 6.9742284491658211 81.007119335234165 14.375843811780216 9.0050504803657514 11.788889318704603 132.93003601580858 24.827218640595675 190.69051310047507
leaf_count=7498 619 1206 13591 45 65 94458 1673 1796 5375 5974 328 282 4995 361 1757 1248 202 97 658 1949 124 1310 4333 1524 94 122 105 77 2008 2373 1026 233 59 241 131 882 220 55 86 377 52 88 340 313 461 304 1183 56 4536 178 84 62 112 48 78 1225 104 118 152 852 273 1907
internal_value=0 0.0488554 -0.027813 0.0286134 -0.00279979 -0.0440422 0.0628286 0.0372832 -0.0087328 0.0200099 -0.0290768 -0.0175742 -0.0127092 0.0306918 0.0553095 0.0229341 0.0199598 0.002312 -0.00723951 0.0248947 0.00796609 0.00116126 0.00197527 -0.0123362 0.00500265 -0.00926361 0.0353274 0.0165637 -0.0112431 -0.00753401 -0.00193583 0.0218754 0.0450972 0.0013152 0.0276105 0.0207344 0.0333437 0.0425342 0.0101171 0.0176924 0.118759 0.00950439 0.0218508 0.0345566 0.0256694 -0.00913167 0.0181978 0.0190474 -0.00585219 0.0537667 0.0849892 0.126343 0.0166251 0.0607287 0.00790695 0.00643739 0.0202576 0.0620036 0.00839637 0.0137794 0.0272016 0.0043106
internal_weight=0 13720.1 5052.55 5603.43 1988.38 3064.17 8116.65 2790.5 1563.95 2812.94 713.705 856.861 300.391 1678.22 2388.94 2413.8 1923.89 399.133 268.063 1019.83 192.24 217.113 707.089 218.723 111.665 86.3741 25.5017 159.455 650.79 570.089 456.293 131.07 61.3808 69.689 50.7148 1894.93 316.823 36.7488 122.097 108.893 8.0139 100.879 84.1731 69.5872 64.7434 31.6134 1578.11 424.431 419.544 25.2909 17.0091 10.8943 406.505 24.4094 14.4449 190.959 109.952 23.3809 488.366 382.096 157.757 224.339
internal_count=172083 28924 143159 17996 27766 115393 10928 5513 24375 12483 20935 17248 7344 3717 3430 9709 8461 2774 2013 2511 562 1355 7127 2642 1118 846 227 438 11873 9865 7492 761 287 474 228 8259 1102 483 2349 2021 138 1883 1506 1166 1078 617 7157 3391 7009 272 201 117 3326 182 126 2473 1248 222 4485 3144 1125 2019
is_linear=0
shrinkage=0.05


Tree=25
num_leaves=63
num_cat=0
split_feature=11 11 11 11 11 8 11 8 8 8 8 10 10 6 9 11 6 10 1 6 11 5 7 6 7 6 2 11 10 7 10 2 9 6 6 8 9 2 2 8 8 6 6 10 11 10 1 11 2 7 6 9 7 6 10 10 10 2 1 1 10 2
split_gain=7780.83 1679.34 664.28 151.511 120.372 108.4 83.3041 67.3692 53.9805 50.3831 39.4688 35.208 33.2005 33.8415 32.9569 35.2577 31.9929 34.8813 33.7251 29.8401 30.7079 28.0321 27.1255 30.823 34.9537 27.0537 37.7566 26.8348 25.5107 25.4476 25.2586 23.5403 23.504 31.6975 27.781 25.1449 23.4969 22.7769 21.6611 26.7517 21.5544 21.2438 23.4191 61.6797 38.342 29.8623 20.4339 20.3102 19.6345 36.7439 19.1744 18.8184 18.6717 20.0301 18.7322 18.5406 18.4851 22.9855 21.9317 22.7812 20.6411 18.2859
threshold=0.5740833333333335 0.46708333333333346 0.64191666666666691 0.50741666666666685 0.42541666666666672 12.250000000000002 0.60975000000000013 9.1500000000000004 5.3500000000000005 9.8500000000000032 8.3500000000000032 53.500000000000007 73.500000000000014 58.500000000000007 53.500000000000007 0.53958333333333353 42.500000000000007 74.500000000000014 0.89122500696184914 45.500000000000007 0.53008333333333346 3.5000000000000004 19.500000000000004 38.500000000000007 9.5000000000000018 32.500000000000007 1.00094119425548 0.62258333333333349 36.500000000000007 19.500000000000004 39.500000000000007 1.9728751927437644 77.500000000000014 34.500000000000007 32.500000000000007 6.7500000000000009 62.500000000000007 0.67806279849183093 0.58998237594160308 11.750000000000002 6.1500000000000012 54.500000000000007 48.500000000000007 65.500000000000014 0.59291666666666687 88.500000000000014 0.60953113553113558 0.45141666666666674 0.97500904977375569 14.500000000000002 43.500000000000007 78.500000000000014 21.500000000000004 50.500000000000007 45.500000000000007 52.500000000000007 57.500000000000007 1.097964199940846 1.1907715939974006 1.14290737833595 54.500000000000007 2.1763329365079369
decision_type=2 2 2 2 2 2 2 2 2 2 2 2 2 2 2 2 2 2 2 2 2 2 2 2 2 2 2 2 2 2 2 2 2 2 2 2 2 2 2 2 2 2 2 2 2 2 2 2 2 2 2 2 2 2 2 2 2 2 2 2 2 2
left_child=1 4 5 9 -1 6 10 12 47 16 61 36 13 -5 -14 32 18 31 29 50 46 30 23 24 -12 26 -13 41 -24 -3 -22 -18 33 34 35 -16 -7 -19 39 -32 -15 42 -27 44 -44 -45 -21 -6 49 -42 -9 55 53 -30 -54 -38 60 -58 59 -59 -26 -2
right_child=2 3 -4 7 8 11 -8 19 -10 -11 22 25 14 40 15 -17 17 37 -20 20 21 -23 28 -25 56 27 -28 -29 52 -31 38 -33 -34 -35 -36 -37 51 -39 -40 -41 48 -43 43 45 -46 -47 -48 -49 -50 -51 -52 -53 54 -55 -56 -57 57 58 -60 -61 -62 -63
leaf_value=0.064108303814968001 -0.025854952794575111 0.0275062944715911 -0.046905428310387513 0.018168497041281831 0.045524111295993826 0.00042996855967934581 -0.032310311702517219 0.028023775617610172 0.05601789497811463 0.048056386516496068 0.071184093160317416 -0.031450636007265234 -0.042403810739791686 -0.045570188189687034 -0.010097558163355223 -0.011661707027534083 0.029882594205948455 0.048296787382070494 0.043359034304940751 -0.0043022286584714934 0.031250028524628166 0.04008619789933511 -0.055915130358122678 -0.015348624281418905 0.0083108203422046847 -4.668323556938976e-05 0.038049618555204605 -0.034114351254875934 0.034868886654914583 -0.028418962313312302 -0.021477482680419775 -0.0082349783226798989 -0.023619285630670478 0.0093741020063675615 0.11004151648679782 0.066330151732630599 0.036435305529131212 -0.013096208343830887 -0.0083773688137516542 0.079820761482828739 0.086549870544843227 -0.026770789195717015 0.015864603162570014 -0.053943559983538385 0.18716332874763067 0.10764312971086015 0.037648876722316919 0.02808708316218413 -0.012587642284921 -0.036488100618468217 0.050977675188166351 0.0053767281971769075 0.064141312957493299 0.10686857478648558 -0.018995838655298268 0.10442513660126602 -0.038630147793960241 0.026829945635248254 -0.011545420892244161 0.16541940405815139 0.071440769958072123 0.022813796364285377
leaf_weight=6046.4159536808729 239.04021628946066 314.86813569068909 2507.2914372999221 1066.893920365721 503.42229773104191 81.767303224653006 489.71336731500924 1029.6909864321351 1552.2674448490143 560.77372744679451 21.659763712435961 25.942156936973333 42.919358942657709 31.265960741788149 18.644127488136292 188.46366101503372 661.1102045327425 18.013943687081337 669.10311783850193 33.99119871109724 62.79668190702796 58.441273495554924 8.2667184509336931 237.90984678268433 54.704209603369236 100.23354975134134 77.646151747554541 78.080599777400494 35.14845372736454 21.578843653202057 10.800901100039484 42.891548290848732 27.977066360414028 107.12820901349187 16.494109444320202 24.961693078279495 129.20791618525982 90.661941461265087 252.21148407459259 15.966209426522253 15.777370039373638 49.8553606569767 5.2198217883706119 12.449613206088545 9.0368421897292119 3.5938082300126544 189.90538987517357 253.87178713083267 60.845613528043032 9.6803192719817144 100.5917599722743 47.807952839881182 9.5673420913517457 13.520506605505942 22.460451047867537 10.920911353081463 41.004491060972214 17.168674405664209 40.882155645638704 3.5388370230793944 16.977565109729767 20.808721300214529
leaf_count=8204 5343 706 103299 5806 791 667 14216 3356 2214 882 198 398 335 301 105 2151 1463 59 1228 105 219 279 97 3917 534 1258 847 2034 421 71 86 116 208 673 48 80 1224 337 1511 50 83 736 39 196 119 44 437 488 457 96 316 611 69 179 327 100 741 249 554 42 150 365
internal_value=0 0.0460873 -0.0299971 0.025274 0.0603947 -0.00772901 -0.0161364 0.0184427 0.0506681 0.0349346 -0.006007 0.00919537 0.0110539 0.0153613 -0.000895347 0.00374483 0.0308824 0.0234823 0.0368553 0.0252239 0.0164265 0.0081106 0.00190076 -0.00324799 0.0114197 -0.000979735 0.0205825 -0.00964533 0.0270411 0.0238972 0.00261824 0.0275523 0.0186433 0.0257535 0.0548027 0.0335899 0.0228685 -0.00283879 -0.00381761 0.0388316 -0.0100638 0.000931318 0.0115624 0.0500038 0.125341 -0.016995 0.0312586 0.0396897 0.00277949 0.0396092 0.0300754 0.0325991 0.0356598 0.0551514 0.00580561 0.0418404 0.00392672 -0.00964784 0.00959797 0.0514358 0.0234113 -0.021931
internal_weight=0 14100.4 4411.42 5744.45 8355.98 1904.13 1272.37 3365.45 2309.56 2379 782.658 631.762 1611.05 1184.46 426.588 383.669 1818.23 812.678 1005.55 1754.4 624.113 400.217 522.809 433.846 195.936 362.058 103.588 258.47 88.9635 336.447 341.775 704.002 195.205 167.228 60.0999 43.6058 269.704 108.676 278.979 26.7671 117.569 180.389 130.534 30.3001 14.2567 16.0434 223.897 757.294 86.3033 25.4577 1130.28 187.937 80.6968 48.669 32.0278 140.129 174.276 102.594 61.5897 20.7075 71.6818 259.849
internal_count=172235 33261 138974 21564 11697 35675 27402 16702 3493 4862 13186 8273 10343 6743 3600 3265 3980 1975 2005 6359 2687 2145 7478 6385 2468 5671 1245 4426 1093 777 1866 1579 1114 906 233 185 2602 396 1647 136 937 2392 1656 398 158 240 542 1279 636 179 3672 1935 996 600 396 1324 2270 1586 845 291 684 5708
is_linear=0
shrinkage=0.05


Tree=26
num_leaves=63
num_cat=0
split_feature=11 11 11 11 8 11 11 8 8 8 8 10 12 8 10 9 12 12 11 12 9 8 9 9 4 3 0 11 9 2 2 10 4 12 7 2 10 14 2 1 4 11 12 7 0 12 8 10 8 2 10 10 1 1 4 12 0 12 12 1 11 11
split_gain=7149.7 1664.43 650.025 181.683 99.161 88.3655 79.065 61.3096 59.3131 38.1533 36.4825 36.163 37.9579 35.5988 31.1463 25.475 24.6455 26.2822 23.8526 23.7936 29.5813 27.2976 23.7138 26.0105 21.7289 25.4772 21.5229 21.0887 20.3545 20.0177 45.7565 30.4736 25.8116 19.2172 25.5406 18.9928 18.9155 18.7963 42.0526 34.1112 59.4776 24.8775 22.3266 19.0268 18.6328 18.4765 18.3198 17.935 17.8587 17.6033 17.3621 19.1645 17.1492 17.1388 17.0593 21.0244 32.28 20.3554 56.9613 20.8339 28.8738 44.7249
threshold=0.5740833333333335 0.45941666666666675 0.64191666666666691 0.50291666666666679 12.250000000000002 0.40675000000000011 0.60975000000000013 4.8500000000000005 9.1500000000000004 5.8500000000000005 7.5500000000000007 80.500000000000014 6.9807089536512175 10.15 53.500000000000007 53.500000000000007 8.1551521770408844 8.1402320704348394 0.45141666666666674 7.650477975332346 77.500000000000014 14.750000000000002 78.500000000000014 54.500000000000007 1.5000000000000002 13.863050110598605 25.397248691358499 0.53325000000000011 62.500000000000007 1.0642961374072486 1.0065526360544221 90.500000000000014 3.5000000000000004 8.8895248237472604 5.5000000000000009 1.6017378231292521 17.500000000000004 1.0000000180025095e-35 1.3126439229024947 1.2222844444444447 4.5000000000000009 0.58958333333333346 7.6083644784255631 14.500000000000002 21.669600000000006 8.1102401796651886 13.15 35.500000000000007 13.750000000000002 1.4700005291005294 37.500000000000007 44.500000000000007 2.1983307697593415 1.2422462175505655 3.5000000000000004 7.9997734260620472 15.548138386783288 7.4925034417655452 7.4694714165427092 1.2422462175505655 0.58791666666666687 0.59291666666666687
decision_type=2 2 2 2 2 2 2 2 2 2 2 2 2 2 2 2 2 2 2 2 2 2 2 2 2 2 2 2 2 2 2 2 2 2 2 2 2 2 2 2 2 2 2 2 2 2 2 2 2 2 2 2 2 2 2 2 2 2 2 2 2 2
left_child=1 5 4 7 6 -1 10 15 11 18 -2 12 50 35 28 -3 17 24 -7 20 21 26 23 -13 -12 37 46 48 45 30 32 -31 -25 -4 -35 47 -29 38 43 40 -40 -41 -42 -26 -43 -6 -16 -9 -10 -20 -5 -52 -30 -33 55 57 -57 58 -39 60 -59 -62
right_child=2 3 33 8 14 9 -8 13 27 -11 16 22 -14 -15 19 -17 -18 -19 49 -21 -22 -23 -24 29 25 -27 -28 36 52 31 -32 53 -34 34 -36 -37 -38 54 39 41 42 44 -44 -45 -46 -47 -48 -49 -50 -51 51 -53 -54 -55 -56 56 -58 59 -60 -61 61 -63
leaf_value=0.064033869931957879 -0.025261252033589244 -0.03477935614539706 -0.039396628968452301 0.043631780709309308 0.010814834038087827 0.04897652516662037 -0.031652868197841362 0.047967007024639026 0.028040078793801316 0.05809245856187413 -0.028575244095888241 -0.036330082810465382 0.0050507734825306705 0.051172453566582454 0.053499344191913059 0.02158979263817146 -0.045242117270647961 0.12250512115325762 0.015994154633220257 -0.00779494512705807 0.11532429384310441 0.064399386490046492 -0.041426771425175195 -0.020879039461370347 -0.032773974603426716 0.12303600960817754 -0.047073973699066324 0.063218328645848074 0.032820628641388704 -0.029577230272071056 0.12166469675461267 -0.01353989830477957 0.040083237794572797 0.11181240743017092 -0.049674467374716459 0.045032641177434829 0.018919821170706022 0.0064322902183001091 0.24736653829476429 0.053077355583866476 0.097793979096794714 0.053906108935778907 -0.05097840332774202 0.012628986144112326 -0.041059829440989473 -0.05397935445368688 -0.020391157648856319 0.029798407875128372 0.052806618391861161 0.050829302227233364 -0.0050234842268755617 0.021335155045230286 -0.056236936229656753 0.048319602434542488 -0.011327680045120922 5.958839951215481e-05 0.2253417912407279 -0.042375378212878748 0.18248211017445273 -0.045298364748828215 0.1269794600182875 0.0016838844266593633
leaf_weight=4916.0161889791489 183.2269956022501 20.852687880396843 669.10750784911215 78.171622529625893 68.798806771636009 1075.2289944887161 475.26320350915194 158.92858961224556 674.85633289813995 1560.7970257997513 53.953822840005159 39.008397895842791 627.29842436686158 482.57713395357132 17.783096335828304 437.3473988994956 28.251308426260948 4.4291431084275237 104.5755812972784 282.01561089046299 7.7607832215726367 18.897245585918427 39.01300973072648 31.830694958567619 37.478256471455097 4.415603667497634 19.503194738179445 24.668368995189667 186.85021033883095 59.220362577587366 10.990157350897787 18.08312264457345 37.821039699018002 2.3423479087650767 1726.4949334356934 398.35877019166946 1092.8929278962314 21.717673335224394 5.1838912107050392 37.429423652589321 6.3772059716284275 7.3242627829313305 4.0006868839263916 59.535108625888824 16.749232284724712 12.991800505667923 15.600322980433701 995.50304627418518 82.31039172410965 56.091632202267647 75.552391543984413 752.01348442584276 5.4383410029113284 28.720017150044441 220.47251072525978 3.6621328704059115 2.7721921540796757 16.72506046667695 5.7530132979154578 23.375586401671171 9.8536086007952672 25.342517480254173
leaf_count=6830 4227 72 26978 194 463 1660 14216 252 1570 2219 844 298 5205 725 140 1096 679 75 216 5060 39 98 452 325 610 57 203 51 1871 502 76 173 304 56 76265 675 4806 201 47 308 58 117 73 910 308 204 131 2036 135 85 263 2866 64 175 3280 73 42 236 45 382 141 473
internal_value=0 0.0445075 -0.0293657 0.02514 -0.00742501 0.0599899 -0.0155845 0.0355579 0.0180641 0.0528776 -0.00575988 0.0115688 0.0145163 0.0392804 0.00865522 0.0190065 0.000242291 0.0025268 0.0462835 -0.000968698 0.0231495 0.0129681 -0.00548252 0.00072474 0.00155093 0.00476436 -0.00540163 0.024289 0.0213649 0.00851035 0.0272795 -0.00573066 0.0121619 -0.046646 -0.0494463 0.0355783 0.0199077 0.00369352 0.0169845 0.0445384 0.110552 0.0276018 0.0400257 -0.00487531 -0.0118565 0.000408377 0.0188627 0.0323079 0.0307456 0.0282108 0.0210651 0.0189224 0.030248 0.0243347 -0.0033124 0.0128198 0.0998495 0.00723047 0.0440108 -0.00616244 0.0114142 0.037164
internal_weight=0 13878.7 4286.88 6166.02 1888.93 7712.71 1253.29 2493.57 3672.45 2796.69 778.029 1797.72 1533.04 2035.37 635.639 458.2 594.802 566.551 1235.9 361.56 79.5446 71.7839 264.687 225.674 562.122 508.168 52.8866 1874.73 274.079 186.665 80.6419 106.024 69.6517 2397.94 1728.84 1552.79 1117.56 503.752 174.078 77.0647 15.5618 61.5029 10.3779 97.0134 24.0735 81.7906 33.3834 1154.43 757.167 160.667 905.737 827.566 192.289 46.8031 329.674 109.202 6.43433 102.767 27.4707 75.2968 51.9212 35.1961
internal_count=172235 33261 138974 22251 35675 11010 27402 4856 17395 4180 13186 10833 8528 3688 8273 1168 8959 8280 1961 5671 611 572 2305 1853 8205 7361 474 6562 2602 1555 705 850 629 103299 76321 2963 4857 7304 2431 911 178 733 131 1520 425 667 271 2288 1705 301 3323 3129 1935 348 4873 1593 115 1478 246 1232 850 614
is_linear=0
shrinkage=0.05


Tree=27
num_leaves=63
num_cat=0
split_feature=11 11 11 11 11 8 11 8 8 8 11 8 6 6 11 6 2 5 7 6 7 0 3 1 1 14 0 7 5 2 11 6 1 6 6 12 8 0 3 6 6 11 2 2 6 7 12 7 3 6 1 2 8 2 6 2 12 2 2 1 7 1
split_gain=6572.92 1646.69 635.414 171.322 92.0279 90.8321 74.8756 56.9172 50.2143 42.7147 39.4953 34.277 31.7474 28.1363 29.1651 26.4149 32.7178 24.4395 23.3264 27.6376 29.1384 24.5639 31.0357 25.5982 38.3402 31.2928 23.0677 28.5154 22.5299 26.6878 24.8324 26.1741 22.5558 42.0508 23.1541 22.3208 21.8882 21.7425 29.1898 22.5388 21.385 20.4677 20.4413 19.9614 20.3532 20.9345 19.8448 22.964 19.4911 42.9426 18.6462 18.1188 17.6523 17.4751 17.4244 17.2573 26.258 17.116 28.8856 26.2865 25.621 18.4842
threshold=0.5740833333333335 0.45941666666666675 0.64191666666666691 0.49775000000000008 0.41608333333333342 12.250000000000002 0.60975000000000013 4.8500000000000005 9.1500000000000004 5.3500000000000005 0.54241666666666677 8.3500000000000032 42.500000000000007 45.500000000000007 0.53008333333333346 32.500000000000007 1.3265744118844121 3.5000000000000004 19.500000000000004 38.500000000000007 9.5000000000000018 27.451888888888892 13.065225374564525 0.90003636363636386 1.2093738189720336 1.0000000180025095e-35 15.005700000000003 21.500000000000004 1.5000000000000002 1.8654600000000003 0.61991666666666689 54.500000000000007 1.439344285714286 54.500000000000007 40.500000000000007 6.5445444016498415 13.450000000000001 17.309825000000004 14.219724768465246 62.500000000000007 44.500000000000007 0.45141666666666674 1.5000172438672441 0.41685446652345154 30.500000000000004 17.500000000000004 8.8895248237472604 5.5000000000000009 12.977266509387183 47.500000000000007 0.90685223922902514 1.9006818768533056 9.8500000000000032 0.84221829210947063 61.500000000000007 2.1763329365079369 7.5175940773221432 0.76679775427487018 0.84816059387249909 0.87777412040084868 15.500000000000002 0.92170949308755767
decision_type=2 2 2 2 2 2 2 2 2 2 2 2 2 2 2 2 2 2 2 2 2 2 2 2 2 2 2 2 2 2 2 2 2 2 2 2 2 2 2 2 2 2 2 2 2 2 2 2 2 2 2 2 2 2 2 2 2 2 2 2 2 2
left_child=1 4 5 7 -1 6 11 35 10 41 43 55 42 -10 53 16 -7 48 19 20 -13 22 -22 -24 25 -25 -20 51 29 32 31 -30 34 -34 -17 -3 40 38 -12 57 -36 54 -9 -5 45 -45 -4 -48 -16 -50 -29 -28 -14 -15 -6 -2 -57 -39 60 -60 -59 -61
right_child=2 3 46 8 9 15 -8 12 13 -11 37 18 52 14 17 28 -18 -19 26 -21 21 -23 23 24 -26 -27 27 50 30 -31 -32 -33 33 -35 36 -37 -38 39 -40 -41 -42 -43 -44 44 -46 -47 47 -49 49 -51 -52 -53 -54 -55 -56 56 -58 58 59 61 -62 -63
leaf_value=0.062430953612327117 -0.024693122211642146 0.021801431014525655 -0.038888861471017382 -0.033652969641016245 0.046428651235690524 0.0027476317059377683 -0.030991644003122393 0.039301820841227728 0.02774596253314017 0.055530775527505086 -0.015952494513752059 0.063586903603399358 0.02665956235708207 0.0033750667796795236 -0.010096555396167535 -0.013594151269797279 0.044613456508113138 0.035901649789337374 -0.029750164951023235 -0.014720173876793542 -0.029580569881894482 0.038325355019301233 -0.0056251058072954952 0.15567028300484412 -0.029767153527154339 0.010295021769040978 0.072700503000029476 0.047155593628033635 0.012994706773944745 -0.038920793794562175 -0.038340120110040787 -0.035123868314236632 0.11469515836702766 -0.055080419228652269 0.055046010195427444 -0.02104768614815547 0.037719729023968064 -0.054681460471416622 0.10781059448532247 -0.04419014328730924 -0.020054704623855672 0.023052417740115336 0.054049117102313908 0.035000670937145796 0.014153097562476081 0.00066171163619034264 0.09620449795246587 -0.049543568421985568 -0.056692317148780938 0.022784212380060839 -0.034196347790371548 -0.021105082032930607 0.044223513410308168 0.03370876831893601 0.0085920641399392858 0.078935266324220862 -0.032583789807845424 0.15395194147471003 -0.022658233940245003 0.05061692257071685 0.019102874395269889 0.010874736884695178
leaf_weight=5210.3335311114788 229.91765999235213 379.52289500832558 644.57795706577599 19.320900171995163 660.39533351361752 92.526552863419056 461.48848929814994 639.04642075300217 1284.3049542680383 1451.546414270997 184.56107567623258 22.889788050204515 558.06464537978172 60.451646097004414 177.83261377364397 60.830660201609135 94.640260770916939 60.313040167093277 15.875420458614824 234.33542692102492 69.97637040168047 39.474659871309996 41.057594733312726 10.251865599304443 7.9962071403861037 5.9047562181949607 40.223558764904737 11.491887860000135 107.23624989762902 23.40065741725266 58.009784493595362 38.258694585412741 13.644261827692391 4.8511385843157759 12.246037678793071 32.840907067060471 92.653080560266972 9.6556495502591115 4.7827087417244902 19.631374515593052 40.636805722489953 131.66107387840748 379.00154636800289 247.62177618592978 1101.8130881600082 54.440327167510986 2.595234338194131 1646.5235406029969 19.071363657712936 148.25656906887889 17.830536395311356 5.7654422260820857 194.65802837908268 228.20513738691807 32.293815806508064 10.346861187368633 10.511657822877167 6.5480315349996072 53.671612564474344 32.927107863128185 7.7685083374381065 265.06061693280935
leaf_count=7518 5343 885 26978 128 1039 1037 14216 1126 3922 2127 2132 198 1149 165 1006 832 766 279 234 3917 945 396 665 93 101 70 436 137 1090 342 1462 511 124 70 165 119 1145 120 46 257 729 257 561 728 4592 221 56 76265 114 746 220 66 313 503 69 112 253 51 597 273 75 2143
internal_value=0 0.0429988 -0.0287347 0.0238705 0.0587611 -0.00713422 -0.0150513 0.0351318 0.0177011 0.050355 0.0121243 -0.00553594 0.0390305 0.0233572 0.0152269 0.00816504 0.0239562 0.00656044 0.00174217 -0.00310076 0.0106574 0.00365981 -0.00644645 0.0183092 0.0590569 0.103238 0.0247127 0.0362838 0.00160787 0.0117247 -0.0107092 0.000291888 0.0170324 0.0698393 0.0122439 0.0183725 0.0230799 0.0011731 -0.0127447 0.00785434 -0.00249825 0.0412295 0.0448017 0.0166188 0.0173165 0.0288306 -0.0463821 -0.0493054 0.00140998 0.0136675 -0.00209148 0.0608117 0.0312136 0.0273768 0.0446734 -0.0207313 0.0226093 0.0105987 0.0123491 0.00948635 0.0817664 0.0152985
internal_weight=0 13655.6 4167.97 6169.37 7486.23 1874.27 1235.34 2183.13 3986.24 2275.9 2007.8 773.85 1770.77 1978.44 694.13 638.934 187.167 405.474 523.074 431.887 197.551 174.661 135.187 65.2104 24.1528 16.1566 91.1868 75.3114 451.767 248.263 203.505 145.495 224.862 18.4954 206.367 412.364 145.536 584.607 189.344 395.263 52.8828 824.35 1018.05 1423.2 1403.88 302.062 2293.7 1649.12 345.161 167.328 29.3224 45.989 752.723 288.657 692.689 250.776 20.8585 375.632 365.976 351.659 14.3165 297.988
internal_count=172235 33261 138974 22251 11010 35675 27402 4153 18098 3492 11363 13186 3149 6735 2813 8273 1803 2145 7478 6385 2468 2270 1874 929 264 163 1093 859 6470 3407 3063 1601 3065 194 2871 1004 2039 5694 2178 3516 894 1365 1687 5669 5541 949 103299 76321 1866 860 357 502 1462 668 1108 5708 365 3259 3139 3013 126 2416
is_linear=0
shrinkage=0.05


Tree=28
num_leaves=63
num_cat=0
split_feature=9 7 7 8 8 8 8 7 7 9 9 7 7 9 9 9 9 9 8 7 8 8 9 8 9 1 8 6 8 7 1 8 6 8 8 9 8 6 6 7 1 8 7 6 8 8 6 2 0 8 7 1 9 7 1 2 5 0 1 1 4 0
split_gain=2962.35 1070.41 963.663 346.292 333.992 300.239 207.519 161.114 105.312 101.014 93.388 92.2418 86.6883 81.4977 73.8317 73.7779 73.7098 70.4701 66.9022 62.1334 60.1708 52.9723 48.0557 41.2162 38.5547 37.0825 36.4053 36.2063 34.0759 41.8471 33.8938 31.3964 30.076 29.4362 27.023 25.3355 24.9252 24.8366 24.1667 22.6567 22.161 21.7536 23.6387 35.3445 20.7131 24.4034 20.6232 37.4717 20.1901 21.2375 23.7202 19.6002 19.5242 19.4567 19.3432 24.7057 28.0945 25.6465 20.6358 19.0146 20.2796 19.9002
threshold=71.500000000000014 15.500000000000002 15.500000000000002 10.750000000000002 8.0500000000000025 9.8500000000000032 8.7500000000000018 9.5000000000000018 10.500000000000002 51.500000000000007 84.500000000000014 21.500000000000004 9.5000000000000018 61.500000000000007 97.500000000000014 47.500000000000007 82.500000000000014 57.500000000000007 14.450000000000001 11.500000000000002 5.1500000000000012 12.050000000000002 58.500000000000007 1.0500000000000003 79.500000000000014 1.7157555890732363 8.0500000000000025 30.500000000000004 11.550000000000002 4.5000000000000009 1.7752783333333337 12.850000000000003 29.500000000000004 8.2500000000000018 6.6500000000000012 61.500000000000007 2.0500000000000003 22.500000000000004 50.500000000000007 17.500000000000004 0.5441943654586654 10.550000000000002 19.500000000000004 36.500000000000007 11.750000000000002 11.350000000000003 35.500000000000007 0.65624324827366853 10.000347826086958 11.350000000000003 8.5000000000000018 1.904709523809524 85.500000000000014 3.5000000000000004 0.87075876504447947 1.2116613112583237 3.5000000000000004 21.135921568627456 1.1544527511136209 1.3500545454545458 5.5000000000000009 28.063555555555556
decision_type=2 2 2 2 2 2 2 2 2 2 2 2 2 2 2 2 2 2 2 2 2 2 2 2 2 2 2 2 2 2 2 2 2 2 2 2 2 2 2 2 2 2 2 2 2 2 2 2 2 2 2 2 2 2 2 2 2 2 2 2 2 2
left_child=1 4 5 11 17 12 10 22 28 -9 23 15 36 18 20 -3 25 -1 -5 -19 -14 38 -6 -4 37 -10 -13 40 48 -30 -27 -24 33 39 35 -29 -2 -22 -11 -25 -17 -36 43 -43 45 -40 -23 -48 -7 -50 -51 -41 59 -33 -34 56 -56 -58 -57 -31 -61 -62
right_child=2 3 6 13 7 8 -8 9 16 21 -12 26 14 -15 -16 27 -18 19 -20 -21 24 46 31 32 -26 30 -28 34 29 52 -32 53 54 -35 41 -37 -38 -39 44 51 -42 42 -44 -45 -46 -47 47 -49 49 50 -52 -53 -54 -55 55 58 57 -59 -60 60 61 -63
leaf_value=0.058941963383090816 0.058517417874936632 0.044287006910306848 0.05336108494167479 0.008338356252004164 0.05462547971341384 -0.038309049544007941 -0.04379468079171054 0.041807431416689779 -0.013088227992894982 0.029500556442794874 -0.035102494373830229 0.0099769830016967747 0.032083918939832555 -0.034242218113643121 -0.039657241569894537 -0.027542565319705878 -0.042029317069044086 0.053629267863078783 -0.037206054063121795 0.036005364610177497 0.082316511766372613 0.018674120506096945 0.042459871255218412 0.043178160758210321 -0.0056147135360523643 0.19845446565557165 -0.026673284939098388 0.033757856736085522 0.044672217269868301 -0.013931159098138628 0.025586873629502238 0.055366231347602407 -0.022495632410143393 0.11402252867759795 0.0068040053745415515 0.012216916192988016 0.032769249679913841 0.016061389764815286 0.012214240184012981 -0.025820698222699803 0.039063718611183858 0.10942116154191164 0.12830757435886939 -0.027921449897893216 0.065391334292164427 -0.049770901956621899 0.038543789317470573 -0.011617119131632029 0.024098864660649557 0.018309886750133897 0.13368230034150039 0.071318043245660628 -0.036470968746439389 0.005603464205673067 0.014241317967521708 -0.046277192109435761 0.19607846617917857 0.023342046382425069 -0.00021749567805535574 -7.6035978771413378e-05 0.0072357006683076265 0.12393540497568947
leaf_weight=3456.845552906394 110.92025998234749 457.66789372265339 35.949666758999228 355.89879544824362 944.40724329836667 11.221098115667699 1387.8442289885134 723.84627288579941 280.65381766483188 783.48243572376668 262.47683043032885 185.72552330233157 440.2406368739903 340.5822890624404 58.899538526311517 12.876876324415205 285.02943774871528 1439.9009520485997 104.12764167785645 771.40886148996651 14.662330592051147 162.50973134115338 499.12230841442943 36.636506095528603 285.86344892345369 3.0256716422736636 106.4795890096575 325.04377783462405 38.385145777836442 99.540286110714078 32.826733078807592 24.079487890005112 146.71079045534134 8.2101088277995569 523.95167147181928 237.15393202938139 646.12903123162687 369.25847749039531 213.00590405985713 34.202778136357665 298.29896786808968 7.3828647397458615 7.4163879640400401 12.357498539611695 16.557863261550665 17.035813981667161 44.076312270015478 236.16562145575881 143.78933596983552 8.3291639965027588 9.8604192510247213 6.0048507340252391 58.682977836579084 106.57114552147686 44.955926310271025 29.720243290066719 4.3868312742561084 4.3238607011735439 132.9946331307292 25.952060868963599 6.660768322646617 8.2930581439286453
leaf_count=5308 171 928 140 4375 1569 110 62322 1663 6808 3021 8702 1800 1419 12096 1518 109 11836 2378 3250 1889 40 1584 1076 245 4153 51 2438 807 216 1541 624 46 2863 170 4479 1093 2020 2311 1064 623 1270 44 108 182 96 143 520 3285 1003 56 86 71 1937 634 700 592 62 57 2088 317 68 60
internal_value=0 0.038558 -0.00679017 0.0124028 0.0468008 0.0117828 -0.0323593 0.0352639 -0.0102597 0.0265076 -0.0110917 0.0227547 0.0233704 -0.0157051 0.0148244 0.0268126 -0.0235867 0.0544742 -0.00196567 0.0474854 0.0177231 0.0189826 0.0474773 0.00192114 0.00827306 -0.0069543 -0.00336583 0.0211921 0.00924776 -0.00303275 0.0408261 0.0367429 -0.00220512 0.0245251 0.0169666 0.0246838 0.0365556 0.0186255 0.0251999 0.0147624 0.0362834 0.00908189 0.0526608 0.0234851 0.0115093 0.00758255 0.00450397 -0.00369907 0.0261093 0.0306236 0.0815146 -0.0110484 -0.0122715 0.0148485 -0.00848547 0.000996594 0.0304034 0.11214 -0.00868437 -0.00210585 0.0265117 0.0726803
internal_weight=0 12414 5072.64 2974.96 9439.02 2938.22 2134.42 3770.86 1012.25 2196.68 746.573 2174.35 1925.97 800.609 1168.92 1882.15 601.536 5668.16 460.026 2211.31 1110.02 1472.83 1574.18 484.096 669.784 316.506 292.205 1424.48 410.714 237.514 35.8524 629.773 448.147 85.0542 1113.31 562.198 757.049 383.921 1030.08 76.8441 311.176 551.108 27.1568 19.7404 246.6 230.042 442.752 280.242 173.2 161.979 18.1896 40.2076 199.129 130.651 363.092 216.381 53.6666 8.71069 162.715 140.446 40.9059 14.9538
internal_count=172235 57255 114980 32979 24276 36345 78635 14701 24713 11376 16313 13258 11632 19721 9441 9020 19319 9575 7625 4267 7923 9713 3325 7611 6504 7483 4238 8092 5394 4139 675 1756 7471 1109 6713 1900 2191 2351 4324 939 1379 4813 334 226 1303 1207 5389 3805 1255 1145 142 694 3923 680 6362 3499 819 119 2680 1986 445 128
is_linear=0
shrinkage=0.05


Tree=29
num_leaves=63
num_cat=0
split_feature=11 11 11 10 11 10 11 11 6 12 7 10 6 6 2 10 11 11 1 9 9 1 10 10 1 7 9 9 9 1 10 10 3 1 2 9 1 2 10 1 12 9 11 10 7 12 5 7 7 6 7 6 2 7 9 10 10 6 2 9 6 2
split_gain=5619.54 1146.87 1140.28 105.507 86.5511 81.2086 64.2914 53.6911 44.1115 41.7562 39.8181 39.7504 38.9759 35.9177 31.3601 30.1675 29.3682 25.8087 25.4505 24.9766 24.9593 24.9432 24.9232 24.9 24.2867 23.5 41.7921 35.204 25.5048 22.1193 26.2942 25.0536 22.1062 21.6215 31.6737 20.9662 27.8689 30.0553 25.8184 25.0588 45.8616 20.9449 39.5383 20.7981 24.0417 23.0186 20.4746 20.0262 19.8884 27.6363 19.6248 19.5265 19.3348 19.2548 32.6026 20.0192 19.0565 34.5338 42.3707 23.7151 20.9828 20.1102
threshold=0.54241666666666677 0.45141666666666674 0.62258333333333349 52.500000000000007 0.65558333333333352 80.500000000000014 0.3970833333333334 0.48675000000000007 36.500000000000007 7.5867286248631745 15.500000000000002 96.500000000000014 31.500000000000004 30.500000000000004 1.3064132608695656 57.500000000000007 0.59125000000000016 0.48675000000000007 0.78753461538461544 83.500000000000014 99.500000000000014 1.300057142857143 37.500000000000007 53.500000000000007 1.2000789473684212 9.5000000000000018 78.500000000000014 86.500000000000014 54.500000000000007 0.33334798534798538 53.500000000000007 40.500000000000007 12.883457341899176 0.76960776609861148 1.3567869528246084 74.500000000000014 1.3898723214285715 1.5481927600441889 69.500000000000014 1.886671794871795 8.1551521770408844 67.500000000000014 0.64608333333333356 37.500000000000007 19.500000000000004 7.3659974430280668 1.5000000000000002 13.500000000000002 17.500000000000004 32.500000000000007 13.500000000000002 66.500000000000014 2.2099444444444445 14.500000000000002 48.500000000000007 43.500000000000007 57.500000000000007 32.500000000000007 1.6017378231292521 79.500000000000014 29.500000000000004 1.4388379338972432
decision_type=2 2 2 2 2 2 2 2 2 2 2 2 2 2 2 2 2 2 2 2 2 2 2 2 2 2 2 2 2 2 2 2 2 2 2 2 2 2 2 2 2 2 2 2 2 2 2 2 2 2 2 2 2 2 2 2 2 2 2 2 2 2
left_child=1 6 5 7 13 8 -1 50 14 16 11 17 18 24 19 51 46 -5 -9 48 25 32 -14 -8 -4 27 29 28 -10 30 -27 43 -12 -29 -35 36 37 38 -26 -37 -41 -38 -43 -31 45 -45 -7 -18 -2 -50 -3 -15 -24 54 -33 -56 57 60 -59 -58 -16 -62
right_child=2 3 4 10 -6 9 23 12 20 -11 21 -13 22 15 56 -17 47 -19 -20 -21 -22 -23 52 -25 35 26 -28 33 -30 31 -32 53 -34 34 -36 39 41 -39 -40 40 -42 42 -44 44 -46 -47 -48 -49 49 -51 -52 -53 -54 -55 55 -57 59 58 -60 -61 61 -63
leaf_value=0.0616820697080009 0.018221504434495942 0.049224728432709752 -0.02210898435607233 0.031033750388223286 -0.047421309311378466 -0.01851548600068274 0.055612617491478923 0.013822422282914136 0.08193302732180105 -0.032397914097627323 -0.016813597354158879 -0.024874949911270088 0.033477977335674397 -0.014724592117846928 0.032995543243817385 -0.039641300726174417 0.19098514605496808 0.01988086784251205 0.049196821674307688 -0.020242579542767744 -0.045804402787754592 0.023964331169432727 0.017898216277120262 0.045613559169788272 0.13844638792249833 0.090865978986841775 -0.016420428004258442 0.13824422796283889 0.0030802513541869797 0.01068539220774649 0.0012114972719697021 0.068411344459215581 0.0088748638698940129 -0.034685750905073122 0.087415045225187352 -0.041722683712028322 -0.033593299741232624 0.23838463531722398 -0.049320533854993298 0.17881349340637265 -0.049675972734072003 0.0023865499904211951 0.22331467292239773 -0.041731899908618211 0.11068803432327656 0.056760009371977206 0.010528821293471186 0.010684700506347048 -0.022121918231489429 0.026593796778459175 0.034159176475297343 0.13864755437625761 -0.029920418723906883 -0.005080730006760425 -0.064354449731218982 0.0083615263676626653 0.022138619516130328 0.043909992362527434 -0.04853933179235536 -0.018932427839337348 0.13088346373897194 0.055446250333617692
leaf_weight=4025.785790219903 312.68412714265287 584.51894257962704 73.104776591062546 827.02269332110882 1880.1056292690337 127.28194669634104 1566.1988358795643 63.483646169304848 11.0762892216444 204.43152648210526 110.42242532223463 42.194806728512049 321.32204440236092 139.22408494725823 119.35335158929229 370.91792920790613 3.1543885804712763 1408.4323151893914 266.21229875087738 72.330904396250844 26.774662923067808 196.35229827463627 559.93025026470423 1055.0310121029615 4.0257657989859599 16.146988496184349 284.0332600120455 8.1639003995805997 126.78224581666291 88.91281233727932 16.703802324831486 22.41585285961628 344.95569825544953 8.2391913346946257 14.404191587120293 19.41047579236329 10.556692155078055 3.302914759144187 3.1686136480420828 4.1219376660883409 4.4570074249058962 6.9909727592021209 2.7796416841447353 8.2795727550983447 12.747864427044986 19.971614018082619 115.58320138603449 3.0655306577682495 83.53782045841217 44.508250515908003 349.86745327711105 2.0018662121146908 21.804490901529789 530.24046651087701 9.6656505204737169 296.52961858175695 204.70083255507052 24.915006190538406 24.455316979438066 42.218285581097007 10.932962030172346 49.951269533485174
leaf_count=6152 2362 905 2222 1566 93979 1314 2399 166 27 4738 492 204 691 4286 625 13517 39 4466 479 1112 568 592 1536 1749 63 79 5071 98 878 537 226 72 1348 98 94 611 232 45 86 68 149 142 54 49 86 124 1080 66 1067 524 623 60 79 6907 66 2590 1518 156 201 605 48 249
internal_value=0 0.0440219 -0.0173402 0.0261748 -0.0419984 0.00379915 0.0577046 0.0345424 0.00734404 -0.0156554 0.0199818 0.0231015 0.0276751 -0.0261556 0.0155395 -0.0321482 -0.00188682 0.0240104 0.0424068 0.00694574 0.00193723 0.00906968 0.0222871 0.0515919 -0.00284627 0.00281069 0.000537251 0.0203691 0.00950674 0.00525793 0.0455727 0.00390898 0.00263249 0.0686269 0.0428095 0.021009 0.0494165 0.115236 0.0555205 -0.0101627 0.060326 0.0147839 0.0673706 0.0243656 0.0538133 0.0276733 -0.00467364 0.104489 0.0114227 -0.00514199 0.0435933 -0.0124186 0.0160925 0.000806374 0.0103196 0.00602952 0.0247782 0.0351626 -0.00178875 0.0150912 0.0453073 0.0692669
internal_weight=0 11743.5 5468.36 5096.52 2524.17 2944.19 6647.02 2167.14 2490.68 453.517 2929.38 2277.65 1232.75 644.063 989.588 512.144 249.085 2235.46 329.696 513.061 1501.09 651.73 903.057 2621.23 131.919 1474.31 1305.65 168.666 137.859 1021.61 32.8508 988.763 455.378 30.8073 22.6434 58.814 30.8246 10.4973 7.19438 27.9894 8.57895 20.3273 9.77061 129.912 40.9991 28.2512 242.865 6.21992 440.73 128.046 934.386 141.226 581.735 858.852 328.611 306.195 476.527 229.608 49.3703 246.919 180.238 60.8842
internal_count=172235 23447 148788 13147 115514 33274 10300 4479 26037 7237 8668 6236 2951 21535 8467 17863 2499 6032 645 5065 17570 2432 2306 4148 3672 17002 15807 1195 905 10736 305 10431 1840 290 192 1450 622 194 149 828 217 428 196 796 259 173 2394 105 3953 1591 1528 4346 1615 9635 2728 2656 3402 1279 357 2123 922 297
is_linear=0
shrinkage=0.05


Tree=30
num_leaves=63
num_cat=0
split_feature=11 11 11 11 10 11 12 8 8 11 10 11 0 0 8 1 8 2 10 8 10 8 8 8 8 8 2 1 11 2 7 10 2 2 1 2 7 10 8 5 2 10 3 10 2 1 8 2 12 2 2 5 2 8 1 8 11 7 8 8 2 0
split_gain=5425.48 1330.49 838.688 102.307 85.9645 83.2461 65.9881 64.7441 57.926 49.8023 34.2873 32.6243 31.0333 33.9452 30.6347 25.2301 25.0461 24.069 25.3525 28.6334 23.3865 23.2505 22.6918 22.3585 21.8789 33.5058 24.6984 34.7484 23.4997 21.8035 21.3263 19.3775 19.2853 19.2397 18.2078 24.7634 18.1493 20.9651 28.9876 39.8789 24.8265 22.5315 17.9898 24.6246 23.6722 19.8647 33.0069 38.7926 21.4615 24.744 44.3376 29.0516 27.9418 20.3224 21.8416 19.8726 19.664 17.8092 17.6242 17.6052 17.6005 25.7645
threshold=0.52291666666666681 0.62258333333333349 0.45141666666666674 0.5814166666666668 55.500000000000007 0.65558333333333352 5.4219604853889924 8.9500000000000011 6.8500000000000005 0.48675000000000007 96.500000000000014 0.48125000000000012 27.451888888888892 28.101727874421602 11.350000000000003 1.4220750000000002 6.1500000000000012 1.0118117942903659 27.500000000000004 11.450000000000001 79.500000000000014 10.250000000000002 11.250000000000002 12.250000000000002 11.15 11.050000000000002 1.6322006046863191 1.4113497250752156 0.56841666666666679 0.70964368471035144 14.500000000000002 74.500000000000014 2.534307994903648 1.4115138026224985 1.886671794871795 1.9728751927437644 20.500000000000004 60.500000000000007 7.1500000000000012 1.5000000000000002 2.2099444444444445 43.500000000000007 12.766315898521109 30.500000000000004 1.0259252950752953 0.94060569906975144 13.050000000000002 1.1058068989211849 8.4536963997068657 1.5657665242165244 1.3640818713450293 1.5000000000000002 1.4388379338972432 16.450000000000003 0.68579267097785623 12.65 0.63408333333333355 2.5000000000000004 9.1500000000000004 13.15 0.43310199929971999 12.00087272727273
decision_type=2 2 2 2 2 2 2 2 2 2 2 2 2 2 2 2 2 2 2 2 2 2 2 2 2 2 2 2 2 2 2 2 2 2 2 2 2 2 2 2 2 2 2 2 2 2 2 2 2 2 2 2 2 2 2 2 2 2 2 2 2 2
left_child=2 3 6 8 9 14 -1 36 20 58 11 30 59 -14 -3 17 -8 -15 -19 22 -2 29 -20 -13 25 26 27 28 31 -11 -6 -10 34 -30 35 -17 -5 38 40 41 -38 -40 -16 44 -44 53 47 -47 49 50 -49 52 -52 -45 -55 -51 -53 -26 -4 -9 -59 -62
right_child=1 5 4 7 10 -7 16 12 24 21 -12 23 13 15 42 32 -18 18 19 -21 -22 -23 -24 -25 57 -27 -28 -29 33 -31 -32 -33 -34 -35 -36 -37 37 -39 39 -41 -42 -43 43 45 -46 46 -48 48 -50 55 51 56 -54 54 -56 -57 -58 60 -60 -61 61 -63
leaf_value=0.059915650514815101 0.0010069224710844537 -0.037625816864938245 0.037959592443145007 -0.034886870069524123 0.034319010226358374 -0.0475435997867142 0.042110875107782664 -0.011448834255042749 0.01511015585895302 -0.0015539472859450562 -0.029882592654954757 0.014701392079151672 0.13119394009756496 0.10571749241723366 -0.031430971339058977 0.043092581684809769 0.054241299645839285 0.10639673678414835 0.0047501298284240503 -0.037123193786336162 -0.023837007915365593 0.037837593881956073 0.12227860674833479 0.045797937041167455 0.066715158268311439 -0.051561667011208248 0.02244171976257222 -0.055314073268063924 -0.016760258270226029 0.025139705805913317 0.011996652541352897 -0.0041981777593581215 -0.053352749284858197 0.031097897238238605 0.087363065015258007 -0.054362301475124289 -0.051508339241232576 -0.030166713642338413 0.00096974141115992684 -0.027817016173588002 0.12913902212748413 0.15080364353031053 0.14900073397769167 -0.031483307341231392 -0.011355889715752222 0.21841864640580289 -0.01793519625665874 0.00090974360183304094 -0.049887874999970425 -0.050426761516355834 0.37748091327469291 0.18346580492277001 0.11812635846969993 0.096205108770611406 -0.050090813392228796 0.11351311898745349 -0.046564360277324225 0.060174926662614675 0.05192667125336077 0.0057726800474177335 -0.010018135743862724 0.020186325581455583
leaf_weight=4687.8097995966673 402.45041059330106 307.17978783510625 695.80826283991337 220.28001439012587 542.39009259641171 1799.3124535568058 824.72912105917931 436.33578111231327 689.93271344155073 87.018808230757713 33.452893659472466 1181.9918132126331 6.2384429574012747 4.8940634652972212 113.53469111956656 41.66992749273777 900.01792202889919 4.6379181779921046 44.130045929923654 53.407676631584764 123.64692217111588 337.34901997447014 4.4434400834143153 60.891776189208031 19.704794988036156 21.877006866037846 334.83551379665732 21.916357759386301 135.92390781641006 611.63775925338268 134.39764523506165 159.57507103309035 5.407457396388053 24.682664569467306 17.632924186065793 7.594055699184536 14.964433174580337 46.479365898296237 3.4644676744937923 8.1392120514065009 2.0685263499617568 9.7035164367407543 4.770133236423133 99.376473437994719 4.23645487613976 2.8613099735230199 51.251179253682494 7.5131445080041912 6.7204445432871571 7.676297549158333 2.2305298801511508 1.5996113643050196 2.2460161857306957 6.6267509218305332 3.9809322040528059 2.3185302317142487 1.9270177781581876 24.78381384909153 341.14703366160393 224.35332434251904 77.491416700184345 764.74333705753088
leaf_count=7454 3510 12263 1200 5992 983 94148 1387 7843 3585 242 143 3475 49 67 3141 489 1411 26 755 730 1480 592 65 100 37 134 1597 149 1758 1381 304 1146 83 217 166 110 389 1389 56 163 25 162 64 3352 56 83 1263 249 265 256 60 40 57 150 99 61 68 67 516 2208 352 2710
internal_value=0 -0.012916 0.0456018 0.00495416 0.0277119 -0.0420754 0.0568325 -0.00755897 0.0101186 0.0348075 0.020177 0.0210535 -0.000465419 0.0173278 -0.0263465 0.013367 0.0484465 -0.00151105 -0.00657439 -0.0118603 -0.00482598 0.0270357 0.0158333 0.0162325 0.0135761 0.00965018 0.0106373 0.00680072 0.00815871 0.0218081 0.029896 0.0114772 0.0363524 -0.00935934 0.0437469 0.0278889 -0.0273157 -0.00757631 0.019687 0.0585164 -0.0286525 0.112064 -0.0154566 -0.00658864 0.0737278 -0.0103343 0.00756758 0.0449001 0.0287137 0.0497291 0.0890874 0.170216 0.253872 -0.0244278 0.04088 -0.0111541 0.0585761 0.0197172 0.042564 -0.00559329 0.0186358 0.0174005
internal_weight=0 6382.77 10438.6 3957.41 4026.09 2425.36 6412.56 1155.84 2801.56 2072.96 1953.12 1919.67 850.745 190.056 626.049 183.818 1724.75 111.513 106.619 101.981 526.097 1036.01 48.5735 1242.88 2275.47 1388.74 1366.87 1032.03 1010.11 698.657 676.788 849.508 72.3044 160.607 66.8969 49.264 305.1 84.8195 38.3402 21.3072 17.033 13.168 318.87 205.335 9.00659 196.328 86.3441 35.0929 32.2316 25.5111 15.5163 8.00318 4.47655 109.984 10.6077 9.99483 3.52663 886.723 1036.96 660.689 867.019 842.235
internal_count=172372 153184 19188 37509 8936 115675 10252 20767 16742 3931 5005 4862 12591 2540 21527 2491 2798 1643 1576 1550 4990 2215 820 3575 11752 8586 8452 6855 6706 1623 1287 4731 848 1975 765 599 8176 2184 795 381 414 218 9264 6123 120 6003 2402 1139 1056 791 474 225 117 3601 249 317 108 3166 1716 10051 3129 3062
is_linear=0
shrinkage=0.05


Tree=31
num_leaves=63
num_cat=0
split_feature=11 11 11 11 11 8 12 8 11 10 8 6 8 12 1 8 8 11 3 2 10 2 1 3 1 6 12 10 8 6 12 10 10 9 8 6 11 1 1 6 11 6 1 1 6 8 8 2 10 6 9 1 2 4 10 8 6 2 9 3 1 4
split_gain=5037.3 1436.58 649.04 117.924 84.2238 71.926 68.6184 68.4066 49.7097 42.0817 29.7897 29.0664 26.2385 39.1728 25.5182 25.0692 22.5519 21.6813 29.3137 22.8251 21.6167 22.2029 26.8589 41.7423 24.8713 21.3262 21.2232 25.2796 20.5013 19.9237 19.6345 19.6263 19.1698 25.0906 18.8932 17.8087 17.7554 17.7062 18.2532 17.2301 26.9981 22.2668 17.2653 50.4092 24.51 23.8261 59.021 31.7421 16.6281 18.8963 18.2067 16.4704 25.8518 27.0258 16.7686 24.8687 16.4476 16.6653 16.5861 16.4125 21.9205 17.6595
threshold=0.51141666666666685 0.62258333333333349 0.45141666666666674 0.5740833333333335 0.65558333333333352 8.9500000000000011 5.4219604853889924 10.050000000000002 0.48125000000000012 63.500000000000007 11.350000000000003 51.500000000000007 6.6500000000000012 7.5403774076715573 2.1983307697593415 6.1500000000000012 4.7500000000000009 0.54758333333333353 13.801094774227485 0.75601098152936397 98.500000000000014 2.534307994903648 1.4220750000000002 12.884423105034719 1.4512646084074656 36.500000000000007 6.6592844682100312 69.500000000000014 15.65 63.500000000000007 7.2533304334424988 68.500000000000014 61.500000000000007 58.500000000000007 1.0500000000000003 33.500000000000007 0.48125000000000012 0.91885015744545795 0.83737670199389191 55.500000000000007 0.5814166666666668 46.500000000000007 1.5876737855790539 1.8381724903474905 33.500000000000007 11.050000000000002 10.250000000000002 1.7604177403736616 58.500000000000007 50.500000000000007 67.500000000000014 0.60019888175916558 0.80671306612735194 2.5000000000000004 77.500000000000014 11.550000000000002 40.500000000000007 1.0160237222210737 62.500000000000007 12.766315898521109 1.503851127819549 4.5000000000000009
decision_type=2 2 2 2 2 2 2 2 2 2 2 2 2 2 2 2 2 2 2 2 2 2 2 2 2 2 2 2 2 2 2 2 2 2 2 2 2 2 2 2 2 2 2 2 2 2 2 2 2 2 2 2 2 2 2 2 2 2 2 2 2 2
left_child=2 3 6 9 10 32 -1 8 31 11 -3 37 26 29 16 -8 -10 19 28 -13 21 22 -7 39 -25 51 27 -11 -19 59 -31 -4 33 -5 -28 -33 -9 38 -2 41 -41 42 45 -44 -45 46 -24 -47 50 -50 -43 -12 53 -53 55 -54 58 -58 -40 -14 -61 -62
right_child=1 4 7 5 -6 20 15 36 14 12 25 17 13 -15 -16 -17 -18 18 -20 -21 -22 -23 23 24 -26 -27 34 -29 -30 30 -32 35 -34 -35 -36 -37 -38 -39 56 40 -42 48 43 44 -46 47 -48 -49 49 -51 -52 52 54 -55 -56 -57 57 -59 -60 60 61 -63
leaf_value=0.059073592883847947 0.017453223047851154 -0.037078825385463123 0.035331659016166167 0.12939795913123511 -0.047335939772440418 -0.00067460366105861244 0.040829620884786817 0.052911512281270348 0.0061198624131422194 0.085839731458597121 -0.051207638831499008 -0.022356942402583322 0.0038785038931871373 -0.030656268099999565 -0.022127649861033546 0.053112737963775761 0.022562237736355351 -0.021414407834207037 0.093649512397960502 0.01856478750655275 -0.052913835894481655 -0.041731429338005721 0.0039872895036758308 0.068558083710552817 -0.040425896767511543 -0.025780431529793476 0.046703833765378518 -0.0019221313428426691 0.050559544331385847 -0.060869441450628003 0.044058982014763 0.037655707717126577 -0.031911364599014599 -0.011593723407978044 -0.013869745109972575 0.010924633917576143 0.036223081065964211 0.02455485992634324 0.036579623662032261 0.094805994141896471 -0.033507727051943374 0.097794212985187423 -0.048658952488122492 0.077552780860224615 -0.009844074319070785 -0.02498924666355351 0.17607312073404832 0.072523035536096514 0.17698840589389045 0.057723168504420212 -0.022233476567947261 0.21167173492481384 0.15266884971853451 0.021686251173699239 -0.041490384532890466 0.0046122439888691266 0.0043538507316405999 -0.062323043533364292 -0.010750536584400026 0.013910621603010313 0.062030516125237717 0.015329476218439917
leaf_weight=4521.1311345100403 516.71332958340645 296.40220285952091 980.2590451836586 3.1364395879209033 1718.8804859444499 800.55304544791579 808.49967186152935 259.33861251175404 259.51477024704218 12.68322157114744 13.565833184868096 39.286432355642319 320.14199320971966 58.021704073995352 37.874162301421165 873.85428637266159 1082.4800916314125 126.00809977948666 6.3005822822451583 248.95510526001453 17.987363627180457 27.842959212139249 9.8513444010168332 6.0003399364650241 36.039653465151787 185.7803409807384 13.330122679471968 22.602895721793175 10.606110364198683 17.257769804447893 5.8623947650194159 95.648812398314476 256.51983019895852 120.43960938043892 295.15651480853558 181.10888524353504 428.12121620774269 848.99509235098958 31.246701285243034 5.0576627179980305 19.787381794303656 6.0721170604228991 22.683425175026059 22.67268106341362 12.207502786070107 16.981996733695269 10.119393885135649 16.147907540202141 6.7682847138494235 7.0336399804800749 6.3054686896502972 2.9152100477367622 2.8393794298171988 5.1892764922231436 19.52494471333921 84.784366274252534 17.067905556410551 20.300529517233372 44.891353238373995 468.51087838411331 46.987955249845982 36.24948463588953
leaf_count=7454 2251 12263 1734 33 94148 11073 1387 393 841 35 430 196 1614 601 114 1411 2430 1104 38 939 363 385 128 46 470 6308 118 123 27 147 53 172 7011 2482 2775 407 747 2899 85 28 357 30 267 145 134 158 80 103 71 106 88 51 96 114 559 1706 75 118 218 2328 160 145
internal_value=0 -0.00963338 0.0463053 0.0064587 -0.041664 -0.00547844 0.0558594 0.0284741 0.0248055 0.0117835 -0.0256944 0.0165033 0.00482607 0.00909966 0.0182424 0.0472155 0.019387 0.00506259 -0.0108368 0.0129641 0.0012635 0.00221756 0.00344502 0.01965 -0.0246263 -0.0149442 -0.00700615 0.0296351 -0.0157572 0.0116857 -0.0339731 0.0320041 -0.0241134 -0.0078731 -0.0112218 0.0201913 0.0425327 0.019834 0.0134636 0.0312011 -0.00691134 0.0381572 0.0282296 0.00912727 0.0468817 0.0487874 0.091877 0.0224641 0.0796653 0.117421 0.0365601 0.000652789 0.00683945 0.0923811 0.000242545 0.00963547 -0.00465385 -0.0318048 0.00863046 0.0129059 0.0181332 0.0417952
internal_weight=0 6967.27 9527.83 4637.38 2329.88 1430.21 6203.49 3324.35 2636.89 3207.18 611.002 1910.37 1296.8 953.032 1379.87 1682.35 1341.99 431.156 142.915 288.242 1050.11 1032.12 1004.28 203.729 42.04 314.599 343.773 35.2861 136.614 895.01 23.1202 1257.02 380.096 123.576 308.487 276.758 687.46 1479.21 630.22 161.689 24.845 136.844 110.664 57.5636 34.8802 53.1006 19.9707 33.1299 26.1795 13.8019 12.3776 128.819 115.253 8.10449 107.149 87.6237 113.506 37.3684 76.1381 871.89 551.748 83.2374
internal_count=172372 155282 17090 39607 115675 23558 10252 6838 5698 16049 21527 7950 8099 5048 3385 2798 3271 2304 1169 1135 14032 13669 13284 2211 516 9264 3051 158 1131 4447 200 2313 9526 2515 2893 579 1140 5646 2747 1695 385 1310 1015 546 279 469 208 261 295 177 118 2956 2526 165 2361 1802 496 193 303 4247 2633 305
is_linear=0
shrinkage=0.05


Tree=32
num_leaves=63
num_cat=0
split_feature=11 11 11 11 11 8 10 11 8 6 6 8 8 10 8 10 2 1 1 8 10 11 11 1 1 10 2 10 2 1 6 1 10 2 1 1 10 7 6 7 7 2 9 2 9 8 11 6 10 1 8 5 8 11 10 10 1 10 10 4 6 9
split_gain=4697.71 1544.9 434.844 136.283 85.1475 66.6131 62.1694 50.0665 45.8391 31.7115 31.5506 28.9742 26.7684 26.3984 24.1953 23.1576 32.9897 28.0586 22.889 22.1645 21.9663 21.3607 21.2 28.6858 20.9944 20.4634 23.6404 20.4152 20.6409 23.7247 19.9551 19.3641 27.1445 25.3502 22.7079 18.5578 18.3676 25.749 44.3237 18.0507 17.7477 16.6687 16.154 26.6174 22.6754 15.9925 22.4767 15.9621 22.1235 26.5914 22.7406 31.8462 24.9698 30.3179 23.3413 38.1796 17.3259 19.1292 19.8466 17.0211 16.0538 15.598
threshold=0.49775000000000008 0.62258333333333349 0.44291666666666679 0.5740833333333335 0.65558333333333352 8.9500000000000011 53.500000000000007 0.3970833333333334 7.0500000000000007 51.500000000000007 37.500000000000007 11.350000000000003 7.9500000000000011 85.500000000000014 10.350000000000003 78.500000000000014 0.5135082415188299 2.4338090909090915 0.33334798534798538 6.2500000000000009 17.500000000000004 0.48675000000000007 0.53641666666666687 0.3202276487676618 0.52901180301180306 75.500000000000014 1.5936496088435377 98.500000000000014 2.534307994903648 1.4220750000000002 36.500000000000007 0.89639548792489976 46.500000000000007 1.0489084961503983 0.92170949308755767 0.85320372670807465 61.500000000000007 25.500000000000004 48.500000000000007 5.5000000000000009 19.500000000000004 1.933311904761905 70.500000000000014 2.1524412087912093 69.500000000000014 4.8500000000000005 0.48125000000000012 41.500000000000007 57.500000000000007 0.90003636363636386 9.6500000000000004 2.5000000000000004 13.450000000000001 0.58475000000000021 71.500000000000014 78.500000000000014 1.347987406727069 34.500000000000007 36.500000000000007 5.5000000000000009 53.500000000000007 70.500000000000014
decision_type=2 2 2 2 2 2 2 2 2 2 2 2 2 2 2 2 2 2 2 2 2 2 2 2 2 2 2 2 2 2 2 2 2 2 2 2 2 2 2 2 2 2 2 2 2 2 2 2 2 2 2 2 2 2 2 2 2 2 2 2 2 2
left_child=2 3 7 8 11 36 14 -1 15 12 31 -3 13 -8 21 17 -17 18 -2 -9 -12 -4 24 -24 -22 -26 35 28 29 47 -13 33 -33 40 -34 -27 37 -5 -39 -6 -10 61 44 -44 -18 46 -11 48 56 -50 51 54 -52 -54 -51 -56 57 -7 -59 60 -49 -20
right_child=1 4 6 5 39 27 9 19 10 45 20 30 -14 -15 -16 16 42 -19 41 -21 22 -23 23 -25 25 26 -28 -29 -30 -31 -32 32 34 -35 -36 -37 -38 38 -40 -41 -42 -43 43 -45 -46 -47 -48 59 49 50 52 -53 53 -55 55 -57 -58 58 -60 -61 -62 -63
leaf_value=0.059327125485209846 -0.059026554064239137 -0.036522864444578536 0.039067800295716541 -0.014202358883421121 0.069427427812010431 -0.021917189611391004 0.025853549265758648 0.04441977037736082 0.018416693162970066 0.0068097303894029196 0.052865068695820694 0.0005846956099857494 0.039767932990128603 -0.0093800753751791394 0.05149398951416774 0.075567791797584036 -0.0097796632750401791 -0.068183160645348559 -0.0031701660400205948 0.05506632137910672 -0.0071395595795935895 0.021255986833449945 0.059247403129271549 0.0029550456050850275 0.021327356211019118 -0.025758223444783426 -0.062295845184820356 -0.052715744756761808 -0.041004973454181373 0.018369675126777205 -0.025106268889517714 0.039963479523319939 0.050898913255815248 -0.034881984703719983 0.017412464781238934 0.026321617821356436 -0.03124014887105251 -0.017028994466291102 0.20154253294695801 -0.047358107725263297 -0.030996968370051361 0.030740696639087291 -0.041704417940992819 0.048222094148928522 0.073157633414626097 0.017660309131325328 -0.051741244406280064 -0.013004872168387208 -0.023219212585729239 0.022302507591884044 -0.014713539357160459 -0.05104590688034099 0.13080787166925797 0.010960313019793997 0.28109519516458109 0.04965132873290061 -0.029126736596076425 0.097332965885590053 0.023841975321118897 -0.028121373004767428 0.010095491491492357 0.012367251179834567
leaf_weight=3609.0615533441305 12.215550921857355 286.13204672001302 909.44435243308544 113.26074293255806 3.1970331557095042 21.256402406841516 680.39525103569031 1057.0751362293959 385.70662546157837 69.797195509076118 31.285504423081875 128.90258869342506 360.75064082443714 57.399040371179581 315.61697815358639 10.324626564979551 106.28856141120195 11.970172598958014 242.4582843221724 932.05316537618637 88.457887064665556 208.75207769870758 23.237013109028339 765.3067590855062 706.45230792462826 26.768908739089966 14.517800733447073 17.173150133341551 26.944152973592281 206.21060027554631 181.34744344092906 249.55685967206955 55.730579972267151 25.809905882924795 569.36903342232108 46.782607726752758 249.12167881801724 5.6391280181705934 3.7806477136909962 1639.0402684174478 18.908643696457148 83.684034410864115 76.476754061877728 9.0855760052800161 8.8277774043381196 243.53766280412674 21.28023174405098 165.00932351313531 103.70573892071843 5.0756287313997763 64.15239804238081 4.2131916098296633 7.0492526218295124 20.664903942495584 3.4744264893233776 3.7828593757003546 17.649669356644154 9.7445365637540799 154.11514706723392 82.353932127356529 137.88076113350689 480.97210041806102
leaf_count=6152 118 12263 1568 2362 86 192 1386 1860 1412 166 65 2956 613 165 490 90 795 79 1201 1554 315 426 114 4696 1842 119 68 363 385 2211 6308 546 176 120 1882 146 7011 105 48 94062 114 365 838 61 65 537 100 2532 1817 74 933 82 20 217 35 67 128 48 1402 1329 2197 2895
internal_value=0 -0.00625212 0.0476953 0.00806124 -0.0412431 -0.00525122 0.0318539 0.0558065 0.0127373 0.0244768 0.0158689 -0.0250369 0.0285844 0.0231048 0.0392219 0.0036944 -0.0110855 0.00745278 0.00857209 0.0494135 0.0113785 0.0357492 0.0105959 0.00462753 0.0159192 0.0184933 -0.0041817 0.00118244 0.00208808 0.0032508 -0.0144193 0.0217227 0.0260012 0.0130127 0.0204136 0.00729015 -0.0234372 -0.0075387 0.0713655 -0.0471235 0.016088 0.00960856 -0.015604 -0.0320519 -0.00331819 0.0109719 -0.0068576 -0.000641227 0.00615646 -0.00511312 0.0121662 0.0659495 0.00236377 0.0419847 0.106409 0.163449 0.0179672 0.0224976 0.0282996 -0.00797459 -0.00247283 0.00715324
internal_weight=0 7711.07 8465.16 5472.45 2238.62 1422.26 2866.97 5598.19 4050.19 1433.16 3007.89 596.382 1098.54 737.794 1433.81 1042.3 211.003 831.3 819.33 1989.13 1702.81 1118.2 1671.52 788.544 882.98 794.522 88.0693 1050.46 1033.28 1006.34 310.25 1305.08 874.656 430.425 625.1 73.5515 371.802 122.681 9.41978 1642.24 404.615 807.114 200.679 85.5623 115.116 334.615 91.0774 800.128 414.884 212.118 108.413 16.5461 91.8666 27.7142 12.3329 7.25729 202.766 185.116 163.86 385.244 302.89 723.43
internal_count=172372 157355 15017 41680 115675 23558 5451 9566 18122 2967 11615 21527 2164 1551 2484 6507 1849 4658 4579 3414 7365 1994 7300 4810 2490 2175 333 14032 13669 13284 9264 4250 2604 1646 2058 265 9526 2515 153 94148 1526 4461 1759 899 860 803 266 11073 5015 3245 1428 258 1170 237 176 102 1770 1642 1450 6058 4729 4096
is_linear=0
shrinkage=0.05


Tree=33
num_leaves=63
num_cat=0
split_feature=11 11 11 11 11 10 8 10 6 8 8 12 8 12 6 8 0 9 10 1 6 9 9 8 6 10 1 0 9 12 5 6 12 12 6 6 1 10 7 6 1 1 1 8 8 6 0 0 7 9 7 0 6 12 3 8 10 10 11 10 8 11
split_gain=4394.7 1578.31 311.063 145.173 86.0413 65.6289 61.6857 50.2669 37.8936 32.1194 28.1727 27.7516 27.4465 40.5655 24.6289 23.9093 22.6089 29.9227 27.7899 24.7201 30.735 22.3028 29.8421 21.7116 26.7702 21.2528 20.6936 22.0222 23.7935 20.5624 20.3728 21.7335 20.3669 20.2568 18.943 18.7032 18.2874 17.5443 22.2236 32.8019 17.4105 17.1627 18.5866 20.325 24.2155 24.9859 21.5499 17.757 17.1693 36.1138 22.1092 18.4534 19.6292 22.7044 23.909 22.4224 23.7744 19.372 17.7079 16.8939 17.7585 27.0812
threshold=0.48675000000000007 0.62258333333333349 0.42541666666666672 0.5740833333333335 0.65558333333333352 54.500000000000007 8.9500000000000011 58.500000000000007 46.500000000000007 7.9500000000000011 11.350000000000003 5.9745666903330372 7.0500000000000007 7.5403774076715573 63.500000000000007 11.750000000000002 27.451888888888892 57.500000000000007 69.500000000000014 1.4220750000000002 53.500000000000007 65.500000000000014 66.500000000000014 9.7500000000000018 40.500000000000007 18.500000000000004 0.92170949308755767 14.814345679526747 71.500000000000014 6.7615611535901161 1.5000000000000002 59.500000000000007 6.6592844682100312 4.908429448785566 44.500000000000007 36.500000000000007 2.0098521428571434 61.500000000000007 25.500000000000004 48.500000000000007 1.0714369420950776 1.494085452847806 1.1287708901884341 9.1500000000000004 12.250000000000002 45.500000000000007 24.732333797155231 21.669600000000006 15.500000000000002 83.500000000000014 13.500000000000002 9.5205254515599353 55.500000000000007 8.0474063850476139 13.593313108009474 11.550000000000002 74.500000000000014 58.500000000000007 0.62125000000000019 40.500000000000007 10.250000000000002 0.61508333333333354
decision_type=2 2 2 2 2 2 2 2 2 2 2 2 2 2 2 2 2 2 2 2 2 2 2 2 2 2 2 2 2 2 2 2 2 2 2 2 2 2 2 2 2 2 2 2 2 2 2 2 2 2 2 2 2 2 2 2 2 2 2 2 2 2
left_child=2 3 33 7 10 34 37 8 26 11 -3 -7 32 14 -14 -15 17 18 -8 21 59 -18 -23 24 -24 -10 -2 29 36 -28 -25 -32 -9 -1 -4 -12 -29 38 -5 -40 -30 42 48 46 -45 47 -44 -46 50 -50 58 -52 53 54 55 56 -53 -57 -19 -21 -61 -62
right_child=1 4 5 6 -6 9 16 12 25 -11 35 -13 13 15 -16 -17 19 41 -20 20 -22 22 23 30 -26 -27 27 28 40 -31 31 -33 -34 -35 -36 -37 -38 -39 39 -41 -42 -43 43 44 45 -47 -48 -49 49 -51 51 52 -54 -55 -56 57 -58 -59 -60 60 61 -63
leaf_value=0.059653356039620478 0.016216602965303969 -0.035958072637163552 0.046975315789693939 -0.013667917029637043 -0.046906405001236912 0.031584797607958112 0.032272361516686658 0.010948727459550743 0.050824970053112997 0.040575224197111841 0.00055519354063357149 0.014836260794728313 0.014817385408633419 -0.044404773444845301 -0.024128955125129369 0.018954260056643472 -0.024012886891605807 -0.014132397605030584 -0.0094146204299366161 -0.020602395054662614 -0.038183446667809449 0.10565962121775241 0.12582671094062312 -0.03569353653146682 -0.0033971432979671766 0.0075568176979316243 0.035478412184114093 0.039198942974451007 0.043629603203871603 -0.018618265842491561 0.0044063491109666512 0.12343213429573981 -0.0057057409800487825 0.052862611021978527 0.035744881719606249 -0.024434879119090196 0.0082020340832521764 -0.03056613478450983 -0.016434952419143858 0.16400458936857698 0.01223701767060793 -0.027986746291804823 0.0049522597043314132 -0.012466883564349933 0.082051220207834771 -0.027225301972471208 0.18734936882949774 0.018081565674381735 -0.02905102449956648 0.10805320584374976 -0.052544888806305548 -0.027623026572082789 -0.034853192749287915 -0.01513987982605617 0.16641049206767669 0.046089976320731668 0.093543235342694028 0.14488136828546455 0.089216517716994959 0.004346967509225458 0.050972525738388397 0.1517866127332842
leaf_weight=2700.7644956856966 688.52717021107674 276.34641659073532 1048.8844126611948 111.84571843035519 1569.2038605194539 504.39895430207253 101.86266477406025 290.55358673632145 29.47449304163456 373.96763271093369 128.96818805858493 489.05861246585846 1417.8781157918274 48.923675917088985 41.606823686510324 21.18834961950779 54.427395598962903 190.47380005940795 65.455085860565305 8.9030939042568189 12.893815157935022 8.4361481275409442 7.6220807470381251 30.183503221720457 8.1699779704213125 737.41296061500907 28.04073378443718 493.61254955083132 54.897636618465185 46.604918241500854 26.282696405425671 4.4133857041597357 498.04710725694895 1906.1672447621822 596.6078632324934 177.12535636872053 53.187364928424358 242.06754304282367 5.5565646830946189 4.4173708371818066 229.95988792553544 90.368541466072202 3.2918622866272917 70.099843448027968 21.515491101890802 13.751412909477947 3.213448429480195 22.42003121227026 133.19683700613678 4.8720426354557267 8.107848944142459 15.518604561686518 11.122634399682282 15.972245240584014 4.1914977096021167 18.423356626182798 5.3605933822691432 6.9240902587771407 4.1266311910003415 16.141468686982989 55.036352500319481 7.6090280432254067
leaf_count=4744 2329 12263 1732 2362 94148 935 865 994 61 642 2956 1082 5658 564 277 104 675 2696 974 66 222 75 82 462 163 2985 55 1061 185 199 337 64 4093 3428 1086 6308 144 7011 105 48 781 1237 57 1051 113 176 43 166 2321 93 161 257 217 350 27 118 101 87 91 200 395 90
internal_value=0 -0.0039968 0.0486737 0.00900062 -0.0408109 0.0361748 -0.00503463 0.0132432 0.0183787 0.028065 -0.0243748 0.0233472 0.00800846 0.0119148 0.0137021 -0.0251863 0.00110752 -0.00288096 0.0159386 0.0145828 0.0334665 0.000920532 0.0169339 0.00698139 0.0590578 0.00923271 0.0227727 0.0277456 0.0300807 0.0016566 -0.00651984 0.0220271 0.000424735 0.0568459 0.0429089 -0.0138926 0.0361951 -0.0227736 -0.00723559 0.0638186 0.0183177 -0.00778794 -0.00447114 0.0116901 0.00722117 0.0312123 0.0972808 0.0496366 -0.00967322 -0.0241021 -0.00254 0.0185971 0.0261611 0.0364953 0.0529497 0.0422169 0.00354487 0.0737363 -0.0118704 0.0440903 0.0514809 0.0635197
internal_weight=0 8245.83 7619.85 6094.19 2151.64 3012.92 1414.27 4679.92 2361.72 1367.43 582.44 993.458 2318.2 1529.6 1459.48 70.112 1050.39 810.269 167.318 240.119 100.584 139.535 85.1078 76.6716 15.7921 766.887 1594.83 906.303 831.657 74.6457 60.8796 30.6961 788.601 4606.93 1645.49 306.094 546.8 363.887 121.82 9.97394 284.858 642.951 552.582 134.292 127.787 57.6869 6.50531 43.9355 418.29 138.069 280.221 85.6209 77.513 66.3904 50.4181 46.2266 20.8792 25.3474 194.6 87.6899 78.7868 62.6454
internal_count=172372 158723 13649 43048 115675 5477 23558 19490 7800 2659 21527 2017 11690 6603 5935 668 14032 11201 1839 2831 973 1858 1183 1108 245 3046 4754 2425 2171 254 863 401 5087 8172 2818 9264 1205 9526 2515 153 966 9362 8125 1606 1506 455 100 279 6519 2414 4105 1318 1157 940 590 563 358 205 2787 751 685 485
is_linear=0
shrinkage=0.05


Tree=34
num_leaves=63
num_cat=0
split_feature=11 11 11 11 11 10 8 10 8 8 11 8 0 0 2 4 10 0 0 12 0 9 8 10 11 0 2 4 12 11 8 8 11 1 2 2 10 9 2 1 10 9 1 1 10 2 0 1 9 9 2 9 5 8 4 4 10 9 9 4 12 10
split_gain=4115.67 1478.13 318.098 131 86.8382 63.0854 57.0229 46.7655 31.1426 30.4523 28.2531 27.35 26.4804 25.4363 23.2037 23.0549 24.1321 21.0939 29.78 20.8915 20.6349 26.4451 25.1728 24.4927 24.3079 21.7253 20.8099 19.8906 19.462 19.2332 18.5335 18.2032 17.6369 17.0541 28.3135 16.9359 17.6315 21.6082 21.911 20.9507 16.7363 17.333 16.7083 16.575 26.8088 16.8067 16.4054 27.7387 17.4134 16.0016 20.275 15.5767 20.991 18.0745 17.0269 16.3413 15.2442 31.7638 47.8299 63.0709 14.7469 14.742
threshold=0.48675000000000007 0.62258333333333349 0.42541666666666672 0.5740833333333335 0.65558333333333352 54.500000000000007 8.9500000000000011 39.500000000000007 7.0500000000000007 7.9500000000000011 0.53008333333333346 11.350000000000003 14.001314285714288 15.005700000000003 0.40004265873015882 1.5000000000000002 42.500000000000007 12.416725123152711 6.0376266666666671 4.908429448785566 25.384564285714287 56.500000000000007 9.1500000000000004 84.500000000000014 0.60858333333333359 25.397248691358499 0.55176449259610705 5.5000000000000009 8.0474063850476139 0.45141666666666674 6.0500000000000007 12.350000000000003 0.55275000000000019 1.4220750000000002 2.534307994903648 0.41685446652345154 78.500000000000014 78.500000000000014 0.61354081232493007 2.4338090909090915 61.500000000000007 58.500000000000007 0.56019503236979451 1.0366679437342705 30.500000000000004 1.3703259642117718 27.451888888888892 1.503851127819549 53.500000000000007 67.500000000000014 1.3334613279229821 54.500000000000007 1.5000000000000002 13.950000000000001 3.5000000000000004 5.5000000000000009 37.500000000000007 78.500000000000014 72.500000000000014 3.5000000000000004 8.3700965366905908 88.500000000000014
decision_type=2 2 2 2 2 2 2 2 2 2 2 2 2 2 2 2 2 2 2 2 2 2 2 2 2 2 2 2 2 2 2 2 2 2 2 2 2 2 2 2 2 2 2 2 2 2 2 2 2 2 2 2 2 2 2 2 2 2 2 2 2 2
left_child=2 3 19 7 11 30 40 13 15 12 31 -3 -7 32 -12 16 -9 18 -16 -1 21 23 25 24 26 -22 -8 -27 51 -14 -4 -10 -2 43 46 -17 39 38 -38 -37 41 -5 -19 45 -45 -24 47 -35 -49 -18 -51 53 -53 55 -55 -28 57 58 -6 -60 -43 -31
right_child=1 4 5 6 56 9 20 8 10 -11 14 -13 29 -15 17 35 49 42 -20 -21 22 -23 33 -25 -26 27 28 -29 -30 61 -32 -33 -34 34 -36 36 37 -39 -40 -41 -42 60 -44 44 -46 -47 -48 48 -50 50 -52 52 -54 54 -56 -57 -58 -59 59 -61 -62 -63
leaf_value=0.059012189384634456 0.01253045352332754 -0.035384635667922236 0.033829148940117057 0.097410842751150042 -0.047088785342610115 0.0049288749466965308 -0.054837333870206076 0.071302212107415039 0.016505369128701226 0.039272707136771633 0.052774024820114451 -0.013378553992850662 0.035845646094203938 0.02975989182002612 0.065118805840249053 -0.047835786476624863 -0.05015260388109756 -0.012922540631115049 -0.017494953148867984 0.05199294270851218 0.16672484751970479 -0.0090579448450904942 0.0093371462389812056 -0.040765045051624663 -0.02984818269158462 -0.020398191037829708 -0.029003006992037672 0.13230915284483008 0.11558355191998163 0.022184906020689857 0.045356473611017939 0.034603319884898884 -0.040703434013268057 0.087240641798850008 -0.042416806423252469 0.011121871145496606 0.070720040201319834 -0.040856773475546733 -0.0032606329021926134 -0.045161756978876949 -0.029889832981892357 -0.013025315211050111 0.011119509223464375 0.082798902202271152 -0.018789972643767874 0.10423239216227265 0.039925385986278046 0.056054127868947951 -0.047526891679792238 0.0040209494503196889 -0.059351069415407111 0.12552199417953583 0.015166126190468893 0.082776306198626068 0.0075789137083668717 0.059961718258202824 -0.047298312941021547 -0.038434995243087341 -0.04197209544296257 0.45093992324313836 0.11025158621682921 -0.014167308250163938
leaf_weight=2596.2513571232557 120.80094492435455 267.02335742115974 522.23517093062401 3.7447857074439517 2.5791157633066204 178.93419948220253 5.8147226739674798 7.1043880656361571 1181.3049366548657 367.22899100184441 29.110688973218203 302.13494410552084 317.01435241103172 532.07759932428598 11.788866136223076 14.267711143940685 36.430806513875723 76.485317762941122 130.16217011213303 1842.7643122822046 4.4291698820888987 541.9535278826952 103.52767849527299 16.000340357422829 16.671159397810698 6.1083177495747787 21.341595798730854 3.1265077143907547 8.0828187465667707 460.00683981180191 1089.9747027009726 158.22707432508469 17.732418414205313 6.7534602787345674 15.27238594740629 832.85619289055467 10.551738694310187 36.831968422979116 165.01950442790985 16.739136133342981 235.34237856976688 114.84783072397113 1234.9672270976007 6.7648931071162215 116.48631932958961 4.8047593142837277 93.367737028747797 4.9704133383929756 19.765939997509122 58.292681351304054 15.966456286609171 9.4576818868517893 8.1107401177287084 16.266828052699569 14.27320161834359 6.6829628907144061 1477.662730211392 16.855285260826349 1.0386934988200667 1.4944794457405803 2.3718284200876942 29.451578944921494
leaf_count=4744 315 12263 950 33 157 420 74 18 2950 642 132 9264 577 1368 47 129 235 509 880 3428 59 8069 1411 297 271 99 234 48 92 936 1868 285 132 65 220 4136 76 428 1191 90 7011 2408 6037 40 1523 44 834 35 248 412 120 56 78 76 95 64 92792 1054 65 80 74 84
internal_value=0 -0.00385239 0.0476284 0.00854563 -0.0403684 0.0349404 -0.00483525 0.0125619 0.0105183 0.0269634 0.013383 -0.023716 0.0223675 0.0247896 0.00862024 0.00374325 -0.0172374 0.00772886 -0.0105578 0.0561007 0.00102561 -0.0043062 0.010233 0.016631 0.0253147 0.0766771 0.0356066 0.0316297 0.0419683 0.0262294 0.0416279 0.0186493 0.00565595 0.00775715 0.0215192 0.00604556 0.00677858 -0.00608943 0.00119483 0.0100019 -0.0221166 -0.00693998 0.00971266 -0.000554319 -0.0131109 0.0136843 0.0294075 -0.00164764 -0.0263706 -0.0230245 -0.00959892 0.0339458 0.0752316 0.0213684 0.0479346 -0.00747221 -0.0466833 -0.00505772 0.102654 0.253011 -0.0103965 0.0199849
internal_weight=0 8161.85 7403.86 6093.06 2068.79 2964.85 1406.34 4686.72 4016.11 1352.64 2822.05 569.158 985.407 670.611 1482.51 1194.06 117.794 1453.4 141.951 4439.02 1050.03 664.656 385.378 122.702 106.702 13.664 90.0306 9.23483 84.2158 806.473 1612.21 1339.53 138.533 371.714 140.13 1076.27 1062 212.403 175.571 849.595 356.307 120.964 1311.45 231.584 123.251 108.332 124.858 31.4898 24.7364 110.69 74.2591 76.133 17.5684 58.5646 30.54 28.0246 1499.63 21.9676 5.11229 2.53317 117.22 489.458
internal_count=172372 158723 13649 43048 115675 5477 23558 19490 17675 2659 10840 21527 2017 1815 7605 6835 785 7473 927 8172 14032 9406 4626 1337 1040 206 769 147 695 1597 2818 3235 447 4420 1402 6050 5921 1695 1267 4226 9526 2515 6546 3018 1563 1455 1182 348 283 767 532 603 134 469 171 298 94148 1356 302 145 2482 1020
is_linear=0
shrinkage=0.05


Tree=35
num_leaves=63
num_cat=0
split_feature=11 11 11 11 11 10 9 6 0 10 8 11 7 8 10 8 5 3 9 11 6 6 10 6 9 12 8 10 9 9 0 8 6 10 5 6 6 6 0 12 4 9 9 10 12 10 6 3 4 3 10 10 12 11 3 10 4 5 3 4 12 10
split_gain=3682.92 1355.62 394.106 100.227 93.1551 65.9059 59.7839 36.2991 34.8914 31.5392 31.4103 30.3478 29.9429 29.8669 28.3772 27.0954 25.8864 44.634 25.663 25.0009 24.5147 23.7946 23.5254 33.825 23.2288 24.0435 22.7729 22.1623 47.3231 58.911 20.5638 20.0128 19.8286 17.9345 25.2445 24.9913 20.2134 78.1512 44.4212 21.045 30.1737 23.6015 28.595 31.4248 17.6953 17.6887 17.6663 17.4745 15.9319 15.5531 15.1056 28.1096 24.9288 50.1606 47.6455 42.2392 28.0104 15.1 28.2747 22.1341 17.8584 17.8131
threshold=0.49241666666666678 0.61991666666666689 0.42541666666666672 0.65241666666666687 0.53641666666666687 53.500000000000007 79.500000000000014 36.500000000000007 15.005700000000003 37.500000000000007 7.0500000000000007 0.45941666666666675 9.5000000000000018 12.350000000000003 25.500000000000004 15.950000000000001 1.0000000180025095e-35 12.766315898521109 64.500000000000014 0.38758333333333345 64.500000000000014 30.500000000000004 62.500000000000007 39.500000000000007 55.500000000000007 7.4188640192288284 9.1500000000000004 31.500000000000004 80.500000000000014 73.500000000000014 14.001314285714288 5.3500000000000005 63.500000000000007 57.500000000000007 2.5000000000000004 66.500000000000014 50.500000000000007 48.500000000000007 25.384564285714287 8.1102401796651886 3.5000000000000004 85.500000000000014 87.500000000000014 54.500000000000007 6.0762464689341531 78.500000000000014 43.500000000000007 12.796971693193582 3.5000000000000004 13.036193712795823 76.500000000000014 65.500000000000014 8.0637161553749817 0.6375833333333335 13.210436178659732 70.500000000000014 1.5000000000000002 1.5000000000000002 12.932835152942593 5.5000000000000009 7.6914160285154747 74.500000000000014
decision_type=2 2 2 2 2 2 2 2 2 2 2 2 2 2 2 2 2 2 2 2 2 2 2 2 2 2 2 2 2 2 2 2 2 2 2 2 2 2 2 2 2 2 2 2 2 2 2 2 2 2 2 2 2 2 2 2 2 2 2 2 2 2
left_child=2 4 19 15 9 11 7 8 -6 -2 30 -4 57 32 -9 21 17 -17 -19 -1 24 50 23 -14 25 -16 46 28 29 -5 47 -26 45 34 35 36 37 39 -39 40 -23 -41 -43 -44 -12 -11 -13 -7 49 -27 51 -3 -53 54 55 -54 -55 61 -59 60 -60 -8
right_child=1 3 5 27 6 10 12 14 -10 13 44 26 22 -15 20 16 -18 18 -20 -21 -22 33 -24 -25 31 48 -28 -29 -30 -31 -32 -33 -34 -35 -36 -37 -38 38 -40 41 -42 42 43 -45 -46 -47 -48 -49 -50 -51 -52 52 53 56 -56 -57 -58 58 59 -61 -62 -63
leaf_value=0.057799478672174581 0.029830448381177301 -0.014230168089696385 0.045468867038064673 -0.045176272063633553 -0.0051653798409160749 -0.032231014537737329 0.034419640768151766 0.044531390633316605 0.018033071684802029 0.014321685645540275 0.042220960550016791 0.033265504670174965 0.0079052282408518509 0.032609405242079323 0.025232420212584396 -0.052444720477104634 -0.019978859845788552 0.031059558932624923 0.16306149257828317 0.049610308966425952 -0.035471680391915797 0.15109916129422291 -0.032171226507324867 -0.025652160281688041 -0.033550687220104479 -0.030664356646484061 0.043467312232316584 -0.046300733697625607 -0.049397954410505304 0.3614607447410349 0.022286982558905832 -0.00055369772631713515 -0.017125872859539211 -0.035994933690874829 -0.046096440875402989 0.20068770556606874 -0.035682187858908532 0.08907876183606464 0.42284145649358146 -0.051509949946962147 -0.016695920674508671 0.18658338545140693 -0.050037246612293154 0.19203014131673488 0.025139168960196957 0 0.014612398475040731 0.010290471674945012 -0.021812597195665057 0.026260841177511797 -0.032091516960916416 -0.050469513190497507 0.075679511164575941 0.19010239934336115 0.0011689881674139548 0.32627589798580225 -0.031812773911173646 -0.039753648536848006 0.034007852489450159 0.10191620011045484 -0.053213648613760801 -0.026768416106545092
leaf_weight=2867.2456331402063 339.45870856940746 46.484168844297528 850.42106242477894 1.574594765901564 201.5321634747088 28.802896246314049 65.095254456624389 36.900714658200741 820.67535494454205 1712.5689210928977 293.14851519465446 318.80772094428539 149.79768555983901 186.25033257901669 181.05742141231894 6.5490360409021404 23.614717895165086 6.9988440703600636 8.0804233998060209 1408.8784787803888 46.546713517978787 4.8023945633321983 170.50137459859252 150.08843895234168 47.900836151093245 15.327835774049161 280.55152209103107 1469.6162686422467 6.6769907111302018 1.8390977624803779 763.37266710400581 1086.241005256772 57.849633656442165 300.94608351774514 37.145390952005982 1.4846263732761134 25.677646739408374 2.7414022516459218 1.5865448880940674 21.597056280821562 5.7666973285377026 2.4069210533052674 7.1199506931006891 1.5452845040708778 320.39257144927979 246.1598974019289 213.35410578548908 146.54448820650578 60.076047547161579 53.170498909428716 31.159105418249965 4.967198763042691 3.0249988809227961 1.5548197049647559 3.6889558117836714 4.1170675382018089 10.001024547964333 35.323679910972714 16.233635701239113 7.1343459747731677 9.0515537466853839 14.377568623051046
leaf_count=5472 708 1282 1507 84 1942 87 449 124 5762 5082 522 573 1701 352 795 131 505 133 104 2717 658 100 4103 2497 780 198 474 95727 417 77 1594 12041 260 12779 1340 41 939 91 45 729 162 68 291 65 615 1144 448 345 717 450 1175 136 89 54 129 90 357 329 110 53 164 222
internal_value=0 -0.00400243 0.0451573 -0.0389571 0.00850377 0.0319267 0.00277944 0.00616191 0.0134545 0.0156325 0.0245053 0.0388485 -0.0111738 0.013441 0.00127699 -0.0209811 0.0160311 0.0554895 0.102732 0.0551037 0.000199732 -0.0242271 -0.0173355 -0.00887602 0.0013556 0.0134932 0.03191 -0.0457921 0.0275238 0.176525 0.0187395 -0.00195458 0.0116666 -0.0296327 -0.0124565 0.00423733 0 0.019277 0.219345 -0.00109346 0.05978 -0.021062 0.0378107 -0.00460025 0.0333145 0.0125204 0.0258007 0.00326292 -0.00300567 0.0134237 -0.00291818 0.00935185 0.049514 0.0720464 0.148829 0.223338 -0.00015069 0.00847848 -0.00880617 0.0247784 0.00250084 0.0232674
internal_weight=0 7752.09 7491.52 2042.77 5709.32 3215.4 3167.03 2549.43 1022.21 2542.29 1552.26 1663.13 617.604 2202.83 1527.22 563.06 45.243 21.6283 15.0793 4276.12 1490.32 517.817 470.387 299.886 1443.77 309.632 812.713 1479.71 10.0907 3.41369 938.72 1134.14 2016.58 412.82 111.874 74.7285 73.2439 47.5663 4.32795 43.2383 10.5691 32.6692 11.0722 8.66524 613.541 1958.73 532.162 175.347 128.574 68.4983 104.997 73.8382 27.3541 22.3869 10.831 7.14207 11.5558 147.216 67.7432 32.4195 25.2852 79.4728
internal_count=172135 157781 14354 117140 40641 6165 33095 23467 7704 7546 3163 3002 9628 6838 15763 20835 873 368 237 8189 15639 19962 8301 4198 14981 2160 1495 96305 578 161 2026 12821 6486 16650 3871 2531 2490 1551 136 1415 262 1153 424 356 1137 6226 1021 432 1365 648 3312 2137 855 719 308 179 411 1327 656 327 274 671
is_linear=0
shrinkage=0.05


Tree=36
num_leaves=63
num_cat=0
split_feature=11 11 11 11 11 8 9 10 8 6 7 6 2 6 10 11 10 6 11 6 3 10 6 1 1 10 3 2 10 8 10 9 6 11 7 5 11 10 10 9 8 8 9 11 3 6 9 2 1 5 11 11 10 10 11 6 9 7 2 2 9 8
split_gain=3455.53 1373.17 280.321 113.454 100.209 58.3893 54.2544 46.4774 32.5443 32.3904 27.4588 27.3641 26.5415 26.0107 27.3325 25.7905 25.3473 22.8984 22.7827 22.7007 29.0482 22.3818 31.2349 25.5059 22.4489 21.3491 27.5588 26.2613 24.39 21.1046 21.0684 36.2304 46.1973 20.998 20.9283 23.4198 20.6642 20.4954 20.0885 19.8445 18.8953 18.6303 18.3018 17.9533 17.4121 38.9773 17.4001 24.8139 29.1122 24.0325 28.0248 18.1565 17.0197 16.6995 31.9496 30.1936 22.3111 16.1894 17.382 22.1707 16.8528 20.9955
threshold=0.48125000000000012 0.61991666666666689 0.42541666666666672 0.53641666666666687 0.65241666666666687 6.7500000000000009 79.500000000000014 35.500000000000007 11.750000000000002 36.500000000000007 9.5000000000000018 62.500000000000007 1.0259252950752953 39.500000000000007 76.500000000000014 0.38758333333333345 23.500000000000004 64.500000000000014 0.45141666666666674 23.500000000000004 13.036193712795823 62.500000000000007 39.500000000000007 1.6808461344537819 0.54631561996779399 73.500000000000014 13.065225374564525 0.89392648131716468 78.500000000000014 3.9500000000000006 31.500000000000004 80.500000000000014 33.500000000000007 0.57225000000000015 15.500000000000002 2.5000000000000004 0.45941666666666675 74.500000000000014 78.500000000000014 55.500000000000007 5.3500000000000005 9.4500000000000011 71.500000000000014 0.5704166666666669 13.256184881179701 28.500000000000004 52.500000000000007 1.3817591719391722 0.56443823090489775 1.5000000000000002 0.59125000000000016 0.58625000000000016 92.500000000000014 71.500000000000014 0.6375833333333335 30.500000000000004 71.500000000000014 16.500000000000004 1.6408658035065879 2.2099444444444445 64.500000000000014 2.7500000000000004
decision_type=2 2 2 2 2 2 2 2 2 2 2 2 2 2 2 2 2 2 2 2 2 2 2 2 2 2 2 2 2 2 2 2 2 2 2 2 2 2 2 2 2 2 2 2 2 2 2 2 2 2 2 2 2 2 2 2 2 2 2 2 2 2
left_child=2 3 15 7 13 11 9 -2 19 12 -8 18 25 14 34 -1 -11 39 -4 20 -9 22 23 24 -12 27 28 -5 -27 -13 31 32 -6 -30 35 -3 -7 -37 57 43 -41 -38 -35 -18 -26 -46 -45 48 -48 50 -50 -51 -14 -36 55 56 -55 -21 60 -60 -59 -62
right_child=1 4 5 6 30 36 10 8 -10 16 21 29 52 -15 -16 -17 17 -19 -20 38 -22 -23 -24 -25 44 26 -28 -29 33 -31 -32 -33 -34 42 53 37 41 -39 -40 40 -42 -43 -44 46 45 -47 47 -49 49 51 -52 -53 -54 54 -56 -57 -58 58 59 -61 61 -63
leaf_value=0.057212236985714683 0.032993122892265213 0.040000164186813875 0.034419945352650159 0.018328822869665602 0.3717105968750824 0.046606055785082576 0.0079978061162532879 0.052671409121252448 0.028931080812138806 0.047333920703365846 -0.041519264632677383 0.020001003945636323 0.019616621064099862 -0.030466504253928273 -0.034708687800367309 0.048749420950589185 0.021483722065084518 -0.034661192739409263 0.02071396842769313 0.015082642042777733 -0.0073137970735433966 -0.031464851339502678 -0.024906419085794669 -0.047837707749313556 0.012381754896351162 -0.057844281820979504 -0.047820827151510426 -0.018297919111889278 0.086566932404837038 -0.045565667138644156 -0.046058215144973026 -0.049284548847094128 0.018141151312735051 -0.052279985464880788 -0.021222794076816751 -0.034239819261023464 0.02578325262163883 0.12286354314291531 -0.00141456366894167 -0.03280650968564619 -0.00031571553811220518 0.044304908500889389 0.10241187040504994 -0.017466523628564417 -0.055001160558165486 0.092608320052297965 -0.053756179534905905 -0.03912414671641315 0.042436115707591093 0.092997818314141709 0.19671024216955821 -0.051442020440231953 -0.018847295332133029 0.075254567409334908 -0.05000417417747885 -0.0044260565740872398 0.28803258366571949 0.0067217369455045035 0.034145725196465963 -0.020621570692726333 0.012340514186504344 -0.031432312076484677
leaf_weight=2754.6943843215704 357.98246192932129 52.998408215120435 576.24679382145405 170.79264006577432 1.3173766564577798 705.91900445520878 147.73570764623582 70.213250949978828 317.8484590947628 29.117505308240652 15.309797575697301 25.861365750432014 685.88292257301509 296.76909548789263 72.177624225616455 1363.2359026372433 201.06694888696074 45.288015594705939 647.89152428507805 1613.4413779452443 28.082472190260887 165.73714342340827 146.93758173286915 18.182851249352098 91.854981027543545 8.343700101599099 44.382883803918958 68.37326299212873 11.88389813154936 23.095891535282135 1405.1199183641002 6.3658239487558603 2.7793618831783533 7.2578449659049493 90.058576330542564 21.860601095482711 322.13474050164223 2.1850100811570874 287.8283696398139 46.57434942945838 1093.5420729536563 238.46991321444511 2.4753433801233768 74.259066067636013 5.6633804496377733 19.643783347681165 5.1520194225013283 10.620238628238438 5.8511358499526995 3.83507541567087 6.1907867547124624 4.7389586362987757 29.809577815234661 2.9714703299105185 6.6068349350243798 4.3728416077792645 2.2551551349461079 268.79047577083111 85.738784201443195 23.354322515428066 42.266408421099186 76.86006822437048
leaf_count=5472 698 1210 1079 1350 41 1287 1327 133 617 90 246 53 4318 12338 2966 2717 872 658 1309 4398 84 4103 2497 199 975 105 738 552 67 71 95727 417 120 145 3100 579 618 58 1297 780 12072 408 53 855 81 200 83 127 53 24 61 88 376 61 282 178 63 843 218 85 157 356
internal_value=0 -0.00199421 0.0463535 0.00933197 -0.0384799 0.0332814 0.00263452 0.0160151 0.0138527 0.00583624 -0.0107455 0.0257051 0.0126913 -0.0203936 -0.00866626 0.0544131 0.00120981 0.000306301 0.0271722 0.0119299 0.0354932 -0.0167331 -0.00850402 0.00746641 0.0151254 0.000542718 -0.0228245 0.00783372 0.0140737 -0.0108584 -0.0455303 0.0246553 0.139177 0.0422012 0.00157398 0.0214244 0.0408905 -0.0193071 0.0109606 0.00140282 -0.00165013 0.0336774 -0.0117889 0.0125822 0.022599 0.0592922 -0.00355323 0.0246733 0.0512102 0.077816 0.123128 0.0129153 0.0180052 -0.0127775 0.0336886 0.0917274 0.171685 0.0126507 0.00474455 0.0223674 -0.00020308 -0.0158623
internal_weight=0 8306.75 6657.55 6338.91 1967.84 2539.62 3166.5 3172.41 2814.42 2555.44 611.065 1273.1 1029.2 552.256 255.487 4117.93 1526.24 1497.12 1224.14 2496.58 98.2957 463.33 297.592 150.655 132.472 313.51 74.3437 239.166 29.9608 48.9573 1415.58 10.4626 4.09674 21.6171 183.309 77.044 1266.52 24.0456 2398.28 1451.83 1140.12 560.605 9.73319 311.714 117.162 25.3072 110.647 36.3882 25.768 20.616 12.0419 8.57403 715.693 106.265 16.2063 9.59947 5.22663 2110.45 497.01 109.093 387.917 119.126
internal_count=172135 159121 13014 41981 117140 4825 33095 8886 8188 23467 9628 2512 7704 20835 8497 8189 15763 15673 2388 7571 217 8301 4198 1701 1502 3010 1108 1902 370 124 96305 578 161 265 5531 1847 2313 637 7354 15015 12852 1026 198 2163 1256 281 1291 436 309 226 114 112 4694 3684 584 302 124 6057 1659 303 1356 513
is_linear=0
shrinkage=0.05


Tree=37
num_leaves=63
num_cat=0
split_feature=11 11 11 11 11 8 10 8 6 11 8 12 6 10 10 2 10 3 1 2 10 6 10 12 6 1 10 11 8 13 7 5 3 1 10 12 12 1 1 10 1 3 1 6 7 1 11 6 8 2 4 10 11 7 10 5 6 8 6 4 8 2
split_gain=3245.09 1281.45 284.795 102.722 100.309 57.0807 42.6304 41.7086 31.9095 30.6942 29.8502 26.7217 24.7948 25.6437 23.0718 20.8944 26.7349 22.2962 22.9524 22.1162 20.6587 20.3828 20.181 26.178 47.8621 19.2283 19.1663 19.7104 24.0673 21.2721 18.7412 20.3996 18.3007 37.9113 18.1043 27.7998 17.8973 16.4481 40.2379 24.7142 20.0357 16.301 20.3117 16.222 16.0707 17.3266 15.8431 15.9572 15.8281 15.7539 19.2332 21.3305 17.3749 23.5781 15.5847 21.5264 24.655 16.5079 22.9316 48.7095 22.5994 28.7467
threshold=0.48125000000000012 0.61991666666666689 0.42541666666666672 0.53641666666666687 0.65241666666666687 7.5500000000000007 35.500000000000007 5.3500000000000005 36.500000000000007 0.45141666666666674 11.750000000000002 4.908429448785566 39.500000000000007 76.500000000000014 27.500000000000004 0.98922216462342527 73.500000000000014 13.065225374564525 0.65125822033716785 0.88830627302926646 69.500000000000014 64.500000000000014 31.500000000000004 8.6998371108735331 33.500000000000007 0.33334798534798538 31.500000000000004 0.58308333333333351 8.9500000000000011 1.0000000180025095e-35 15.500000000000002 2.5000000000000004 13.668081433903955 0.3603751803751804 71.500000000000014 8.2585881274442503 5.9745666903330372 0.907095641085789 0.70091595203042589 61.500000000000007 0.79370744810744831 13.30254518545709 0.51428853615520287 44.500000000000007 5.5000000000000009 0.80626762260128038 0.58475000000000021 37.500000000000007 3.2500000000000004 0.87170148164528982 4.5000000000000009 61.500000000000007 0.60175000000000023 18.500000000000004 33.500000000000007 3.5000000000000004 54.500000000000007 15.15 53.500000000000007 2.5000000000000004 9.1500000000000004 1.4053682917611492
decision_type=2 2 2 2 2 2 2 2 2 2 2 2 2 2 2 2 2 2 2 2 2 2 2 2 2 2 2 2 2 2 2 2 2 2 2 2 2 2 2 2 2 2 2 2 2 2 2 2 2 2 2 2 2 2 2 2 2 2 2 2 2 2
left_child=2 3 11 6 12 9 -2 46 15 48 20 -1 13 30 43 16 19 18 -18 49 25 26 23 24 -6 -8 -16 -28 29 -29 31 -3 33 -30 -33 -36 -7 38 -31 -40 -41 42 -32 -10 45 -24 47 -5 -4 50 51 -9 53 -52 -35 56 57 58 60 -60 61 -56
right_child=1 4 5 7 22 36 10 8 14 -11 -12 -13 -14 -15 21 -17 17 -19 -20 -21 -22 -23 44 -25 -26 -27 27 28 32 37 41 34 -34 54 35 -37 -38 -39 39 40 -42 -43 -44 -45 -46 -47 -48 -49 -50 -51 52 -53 -54 -55 55 -57 -58 -59 59 -61 -62 -63
leaf_value=0.057239614435262542 0.031547695337294915 0.036696336159049991 0.020554077868013554 0.0047788988972523932 0.34975406146103438 0.047907200409808823 -0.022412635437131467 0.011818487226589373 -0.013127425757183198 0.019449677342261135 0.027653835929971022 0.0488634315067005 -0.029813142091387319 -0.034102505292922934 -0.042812822314733934 0.014309755284810469 0.087063319769565259 -0.051181617965772232 -0.021852025449685335 -0.018671073584900621 0.0038255205832956104 -0.032536534290049858 0.16953587375516874 -0.024628939223612208 -0.0448803732305324 0.01481094874769669 0.0040230158170861466 -0.037446306533032069 0.13495004021195184 -0.04936562980510445 0.15989128464898392 -0.041660337106189625 -0.044216158673194624 0.09783042932196255 -0.048896092359108738 0.18071245703905495 0.03426573708707456 -0.021953945596517286 0.26814175727764739 0.18511951051030609 -0.046650157965317227 -0.051014136176115624 -0.0060341048203566179 0.043674576255711646 -0.046091875959059378 -0.046182764347663698 -0.051201611804171245 -0.027366815254053087 0.038037185390541656 0.06767696652361925 0.053144112092705399 -0.035390337441009431 -0.031751716871122028 -0.034194346350083192 0.013087036052402532 -0.031353317354644999 -0.020319236488958572 0.047209987063823323 0.22929709653673794 0.010269624576195988 -0.0017817438510196509 0.20142249101431939
leaf_weight=2310.5998745635152 355.7279247790575 54.840486649423838 173.67147621512413 67.830217286944389 1.3921418646350487 525.88236910104752 35.188048548996449 84.988473249599338 16.783946581184864 812.37007130682468 315.95611898601055 1653.7782728001475 288.3280402906239 69.848909145221114 26.203541316092014 869.86049203760922 6.7295487150549915 41.469174573197961 16.392416950315237 65.585890710353851 672.43132613971829 51.005963165313005 1.7071851231157773 7.8568210210651159 1.5028196796774862 1789.9743017628789 1100.6434351075441 98.212049433961511 5.0931004565209141 4.5070617552846688 1.7860873658210028 18.587032439187173 23.919684451073408 3.8401053324341765 2.5789715833961955 2.4785342030227184 453.65797095000744 12.9199454896152 2.393394960090518 1.5903288852423432 1.9573072157800195 21.534469667822123 81.768384221941233 48.126866415143013 1340.1806989032775 1.7976387180387972 33.856020744889975 88.728897841647267 531.04538814723492 13.055015290156005 54.146009027957916 33.176007373258471 9.3577177450060827 8.868145661428569 5.9278583675622922 53.824187520891428 84.675257310271263 27.86346709728241 3.4270390514284363 9.2833549696952087 186.1071655228734 3.0421852190047503
leaf_count=4766 698 1210 358 754 32 968 138 694 96 1656 617 3423 12338 2966 222 6271 74 778 233 564 2611 816 43 469 77 4822 7875 3183 62 159 55 502 548 49 64 71 843 369 44 48 67 900 2729 229 95619 65 1244 1369 1000 80 301 450 178 103 115 980 1634 198 41 163 3058 46
internal_value=0 -0.00192645 0.0454151 0.00886689 -0.0379854 0.0321797 0.0152302 0.0024939 0.00394758 0.0260925 0.0131643 0.053748 -0.0197801 -0.00833827 -0.000318348 0.0102293 -0.000391281 -0.0292678 0.00987042 0.00652759 0.0113283 -0.00143482 -0.0452615 0.0224829 0.148565 0.0140894 -0.000471613 0.000208895 -0.00772286 -0.0272368 0.00145089 0.0199477 -0.00187613 0.000765374 -0.0186791 0.0639809 0.0415986 0.015436 0.0619156 0.146585 0.0581032 -0.0123216 -0.00224057 0.0289128 -0.0458089 0.059294 -0.0201818 -0.0134134 0.0337392 0.0146749 0.0109836 -0.00141236 0.0312659 0.0407388 -0.00106464 -0.00211888 0.00278601 0.0111146 0.00622992 0.0710441 0.00194705 0.0790287
internal_weight=0 8230.86 6461.01 6334.67 1896.19 2496.63 3169.28 3165.39 2974.98 1517.09 2813.55 3964.38 541.751 253.423 1771.35 1203.63 333.768 64.5911 23.122 269.177 2497.59 1706.44 1354.44 10.7518 2.89496 1825.16 1655.43 1629.23 528.583 121.58 183.574 78.485 407.003 383.084 23.6445 5.05751 979.54 23.368 10.4481 5.94103 3.54764 105.089 83.5545 64.9108 1343.69 3.50482 190.415 156.559 704.717 203.591 190.536 118.164 72.3719 63.0142 377.991 374.151 320.326 235.651 207.788 12.7104 195.077 8.97004
internal_count=172135 159121 13014 41981 117140 4825 8886 33095 29728 3014 8188 8189 20835 8497 20002 9726 3455 1085 307 2370 7571 19677 96305 578 109 4960 18861 18639 10764 3870 5531 1847 6894 6346 637 135 1811 687 318 159 115 3684 2784 325 95727 108 3367 2123 1358 1806 1726 1144 582 404 6284 6235 5255 3621 3423 204 3219 161
is_linear=0
shrinkage=0.05


Tree=38
num_leaves=63
num_cat=0
split_feature=11 11 11 11 11 10 9 10 6 10 7 6 1 10 6 0 6 10 9 7 10 6 1 2 2 12 10 1 0 7 7 9 10 4 10 10 4 12 11 6 4 9 12 12 12 12 6 10 9 9 0 9 6 6 0 2 6 2 4 11 0 10
split_gain=3050.15 1244.5 230.032 109.61 100.299 46.4462 44.5767 43.5967 29.3182 27.5111 27.298 26.2142 25.7088 24.1907 29.0088 23.0248 21.2949 19.3502 27.1201 28.6193 19.3117 20.4823 20.3523 19.096 19.5533 19.8622 18.4801 18.475 21.1995 19.1252 19.1404 27.6302 33.6974 26.328 21.387 17.8273 20.1002 17.7651 52.5544 17.3835 17.2834 28.9129 34.332 31.3154 17.22 17.1936 17.1251 17.0065 16.7889 16.5412 25.2644 21.8398 20.5772 17.8483 17.7814 26.4934 23.6277 16.4615 16.0517 15.7193 15.4664 15.3895
threshold=0.47441666666666676 0.61991666666666689 0.41608333333333342 0.53325000000000011 0.65241666666666687 53.500000000000007 79.500000000000014 33.500000000000007 30.500000000000004 24.500000000000004 9.5000000000000018 36.500000000000007 1.0365425591188859 76.500000000000014 35.500000000000007 15.005700000000003 63.500000000000007 31.500000000000004 80.500000000000014 19.500000000000004 64.500000000000014 38.500000000000007 1.6808461344537819 0.76679775427487018 0.55176449259610705 8.0637161553749817 74.500000000000014 0.54631561996779399 10.159996658312449 18.500000000000004 12.500000000000002 89.500000000000014 55.500000000000007 1.5000000000000002 51.500000000000007 58.500000000000007 1.5000000000000002 8.125374102868177 0.6329166666666669 64.500000000000014 1.5000000000000002 71.500000000000014 8.4536963997068657 8.2585881274442503 7.2243349172721825 4.908429448785566 23.500000000000004 81.500000000000014 81.500000000000014 68.500000000000014 5.8251428571428585 67.500000000000014 59.500000000000007 64.500000000000014 8.0037052631578955 0.45820781544736661 44.500000000000007 1.5078446532999166 5.5000000000000009 0.64191666666666691 17.647957983193283 64.500000000000014
decision_type=2 2 2 2 2 2 2 2 2 2 2 2 2 2 2 2 2 2 2 2 2 2 2 2 2 2 2 2 2 2 2 2 2 2 2 2 2 2 2 2 2 2 2 2 2 2 2 2 2 2 2 2 2 2 2 2 2 2 2 2 2 2
left_child=2 3 45 7 13 16 9 -2 35 -5 -8 15 47 14 26 23 -4 18 19 -6 21 22 27 24 58 46 40 -12 -29 30 -30 33 57 -32 -35 -9 -37 -28 -39 44 41 -3 43 -43 -10 -1 -26 -7 -23 50 -13 53 -53 61 -51 56 -56 60 -11 -42 -33 -52
right_child=1 4 5 6 17 12 10 8 39 11 20 49 -14 -15 -16 -17 -18 -19 -20 -21 -22 48 -24 -25 25 -27 37 28 29 -31 31 32 -34 34 -36 36 -38 38 -40 -41 59 42 -44 -45 -46 -47 -48 -49 -50 54 51 52 -54 -55 55 -57 -58 -59 -60 -61 -62 -63
leaf_value=0.056732704207091679 0.033082918306582353 -0.049891237603520669 0.041306563158651138 0.041187055644940053 0.25797106189443625 0.021675260957693145 0.0086464529808375473 0.030660630794221523 0.01219241717121327 -0.02911976422113155 -0.041280826717108456 0.080769843462310809 0.033984926700688416 -0.035758492875047496 -0.023135041179402443 0.014430955128470709 -0.004164344467304789 -0.045553185333562847 -0.049244132288700476 0.01061086145721523 -0.030664909151420075 -0.055803575565690683 -0.046804530160417385 -0.019860552922814877 0.10237792348692863 -0.052087090297243892 -0.048475248049800287 0.10845999312189109 -0.0090901870468360034 -0.040868825858640927 0.1155392461828134 0.071750711386006583 0.18778669081113364 0.029692459359962661 -0.043118451873854866 -0.031699394954528219 0.017688198495133697 0.31768933902705654 0.022893529045362029 -0.017563716963950746 0.0047090329852795603 0.042258114879101208 0 0.30641977506197327 -0.025280275242633515 0.049349090107336464 0.024883063494706509 -0.0083915834288765499 -0.013551806978683804 -0.05597203993008748 0.0088589688120404974 0.041032530606382067 -0.036874088006260589 -0.040655719705689368 0.1387746056437261 -0.006336278242453479 0.0014596574352296558 0.12429796962237943 0.055490382946387778 -0.037795105934700646 -0.053457921203960194 -0.0041784771668126877
leaf_weight=2217.0523709878325 319.18005537986755 4.2572591826319686 1302.5606043189764 52.795761875808239 1.8336658179759959 500.78667777776718 158.39085393585265 352.77659270167351 2280.1822614297271 37.073113126680255 15.040027966722844 10.638915650546549 577.1666826158762 155.70328442566097 233.4880812484771 860.50622085295618 26.046266168355942 1285.1776127545163 6.0830035731196404 3.0956653812900186 143.05910525470972 28.182451764121652 17.116003271192312 99.792232180014253 8.1641943324357253 7.1690474785864344 2.2140991445630771 5.9634481705725184 36.419377949088812 14.597409985959528 5.6496716979891053 4.6184595469385403 5.6628756038844577 25.925405755639076 16.359720608219504 22.113946512341499 274.67848648130894 2.0596892852336168 5.2427238970994949 51.710199564695358 91.689416788518429 2.0206244159489852 3.9806691519916058 2.6864609681069851 30.900303918868303 1260.6343088969588 56.254651503637433 51.597774043679237 144.266167383641 17.326025400310755 481.71256644465029 61.47464706748724 9.6818592045456153 24.228080462664366 5.9010505955666286 532.61270043626428 6.715146392583847 4.1912253759801379 6.4743977747857562 28.360692504793406 5.0512417368590832 426.24762358702719
leaf_count=4766 602 126 2486 152 49 1043 1363 703 6386 428 250 59 1114 7186 9696 5856 66 95727 417 112 3746 439 194 893 50 154 55 65 279 251 45 56 76 191 232 84 732 37 172 196 2239 62 163 63 179 2727 412 132 2470 279 3027 530 134 328 56 6830 100 28 46 1036 76 4684
internal_value=0 -0.000933473 0.0457808 0.00908698 -0.0374819 0.0340652 0.00267744 0.0155019 0.0136364 0.00546945 -0.00929112 0.00475497 0.0265935 -0.0191733 -0.0122844 0.0107737 0.0404111 -0.0449863 0.0205413 0.10692 -0.0153203 -0.00862646 0.00443755 -0.00384531 0.00999751 0.0260814 0.0054618 0.0107905 0.0171522 0.0124265 0.019996 0.0357632 0.0858019 0.0151422 0.00136936 0.0230511 0.0139821 0.0724013 0.109886 0.0110451 0.000583562 0.0552782 0.107365 0.1973 0.0116882 0.0540591 0.0349254 0.0188567 -0.0205141 0.000645681 0.00446319 0.00364113 0.0303252 0.00159586 -0.00622592 -0.00462597 0.0666663 0.0427313 -0.0163275 -0.00531365 0.00595496 0.00273317
internal_weight=0 8494.7 5935.84 6666.8 1827.89 2458.16 3335.26 3331.54 3012.36 2704.77 630.493 2651.97 1129.55 531.703 376 1075.43 1328.61 1296.19 11.0123 4.92933 472.103 329.043 156.595 214.928 115.135 71.5879 142.512 139.479 124.439 118.475 103.878 67.4586 19.5238 47.9348 42.2851 649.569 296.792 9.51651 7.30241 2362.79 132.995 12.945 8.68775 4.70709 2311.08 3477.69 64.4188 552.384 172.449 1576.54 1013.98 1003.34 71.1565 932.188 562.555 545.229 12.6162 13.8609 43.5475 120.05 9.6697 907.96
internal_count=172135 159801 12334 42661 117140 4841 33779 8882 8280 24018 9761 23866 2289 20835 13649 7839 2552 96305 578 161 8398 4652 1743 1983 1090 616 3953 1549 1299 1234 983 704 236 468 423 1519 816 264 209 6761 3689 414 288 125 6565 7493 462 1175 2909 16027 8762 8703 664 8039 7265 6986 156 160 474 3275 132 7711
is_linear=0
shrinkage=0.05


Tree=39
num_leaves=63
num_cat=0
split_feature=12 12 12 12 12 10 8 12 8 1 6 9 12 8 10 9 9 6 6 4 10 6 10 10 0 5 1 12 7 8 12 12 7 9 10 9 8 10 8 10 12 4 12 6 9 6 8 9 4 1 5 0 6 6 12 1 8 5 12 12 10 12
split_gain=2851.71 1145.73 226.901 101.353 96.447 54.6792 53.1799 82.6635 45.9912 42.574 39.8702 37.5589 29.3802 27.9714 25.7764 25.5764 29.5359 24.9007 24.386 24.2796 30.3055 27.2832 25.8211 23.8482 23.5739 26.1025 23.4281 23.3396 20.6888 20.6201 20.1068 18.0333 17.9796 17.7827 17.5783 17.0962 20.5224 23.7219 24.051 23.7512 23.0047 27.8934 23.6163 21.371 20.0686 18.7073 18.7046 22.4277 33.2407 28.057 32.7842 26.2646 23.189 22.5343 19.7788 16.6387 17.4545 18.7531 45.7457 24.4922 16.0669 17.4783
threshold=6.1680155107828378 8.1551521770408844 5.4219604853889924 7.0573066323592561 8.8128235214355417 63.500000000000007 14.850000000000003 8.8000656294250152 6.3500000000000005 1.0286015037593985 38.500000000000007 79.500000000000014 5.9745666903330372 10.450000000000001 35.500000000000007 86.500000000000014 97.500000000000014 59.500000000000007 62.500000000000007 5.5000000000000009 23.500000000000004 50.500000000000007 83.500000000000014 28.500000000000004 16.211176259110374 1.0000000180025095e-35 0.95960977696193128 7.650477975332346 5.5000000000000009 12.050000000000002 8.3287173421420722 4.908429448785566 3.5000000000000004 78.500000000000014 57.500000000000007 57.500000000000007 11.350000000000003 48.500000000000007 13.950000000000001 44.500000000000007 7.3121864652896775 1.5000000000000002 7.1632533030289345 61.500000000000007 74.500000000000014 42.500000000000007 9.4500000000000011 62.500000000000007 3.5000000000000004 1.7157555890732363 1.5000000000000002 15.239797713666379 46.500000000000007 43.500000000000007 7.4188640192288284 0.65982890125747284 8.6500000000000004 1.5000000000000002 7.8636658350122941 7.9147380664574873 71.500000000000014 7.6707902545301501
decision_type=2 2 2 2 2 2 2 2 2 2 2 2 2 2 2 2 2 2 2 2 2 2 2 2 2 2 2 2 2 2 2 2 2 2 2 2 2 2 2 2 2 2 2 2 2 2 2 2 2 2 2 2 2 2 2 2 2 2 2 2 2 2
left_child=2 3 31 5 6 13 -3 24 18 -9 32 19 -10 14 -2 -13 23 29 34 20 -12 -21 35 -17 25 26 -8 -24 -6 -7 -27 -1 -5 -23 -4 45 40 39 -39 -38 42 -42 -37 -40 -44 -22 60 48 -48 51 -51 52 53 -49 -53 -47 -57 58 -58 -60 61 -43
right_child=1 4 8 10 28 17 7 9 12 -11 11 15 -14 -15 -16 16 -18 -19 -20 21 22 33 27 -25 -26 30 -28 -29 -30 -31 -32 -33 -34 -35 -36 36 37 38 43 -41 41 46 44 -45 -46 55 47 49 -50 50 -52 54 -54 -55 -56 56 57 -59 59 -61 -62 -63
leaf_value=0.056252894840858284 0.029460273399744486 -0.028610984655063024 0.033201334162772732 0.073569270665819003 0.086192339693827252 0.0061701327946466896 0.10499203693114934 0.10133066146877293 0.045155242510629183 0.56202063228900545 0.064622674714696654 -0.032626882220564195 0.028475985822506069 0.026897728534909807 0.012492810325555251 0.084053024126100842 -0.047181567652998142 -0.015326031113106237 -0.011132852203496964 0.0011462404322353074 -0.014655219292712338 -0.034893590403884865 -0.0024620953180885404 0.00047122568484948352 -0.013578374013918218 0.058803473026034538 -0.050931790012229278 -0.047881425152810936 -0.047350493131627126 0.032257444982391602 -0.051023846654746442 0.048519909081286922 0.00732923252799908 0.060502330188570597 0.020432387785827837 -0.00095438788045744741 -0.0084883596933543731 -0.03531049036491575 -0.0034865111954408817 0.046415188609674862 -0.040526966268216946 -0.015732518569357305 0.022901931956659585 0.10750162522938199 0.071439689714330401 0.04573020029773716 0.00050017060261779993 0.014933227990549407 0.12741339895970946 0.17587133360185514 -0.0093211443676713863 0.035042909024515671 -0.011985427236811112 0.13497335899570886 -0.042180401883931878 0.08195903664761206 0.0094439055929245383 -0.014348881216309001 0.219729953905867 0.044118246214150968 -0.039776826154828276 0.034966757791922876
leaf_weight=2126.4585632458329 263.53919756412506 564.79489975329489 595.52854028344154 10.23976453207433 2.7943925224244586 1104.4289917834103 14.747378205880525 1.2088533537462347 844.49802759289742 0.8792495448142289 19.869099080562592 166.34524910151958 388.25183852016926 690.83815292268991 1509.1772765107453 9.1422716788947564 31.796917708590627 126.80352127924562 42.455640494823456 147.03062917850912 37.045352099463344 115.90219524130225 77.651264075189829 113.12711371667683 66.796332730911672 6.8721243850886848 2.766261212527751 44.630353508517146 1029.4597768820822 81.37089467048645 10.227681180462239 1201.1585211679339 1389.9422271847725 4.9743759445846072 499.38628742098808 68.562846031039953 57.730695553123951 106.05048118904233 36.62705472111702 29.704046126455069 39.075183879584074 45.335337944328785 76.564415756613016 4.8089972380548707 29.794817432761192 60.137229416519403 10.00551810115576 7.78879311308265 10.731769539415835 5.0132903382182104 4.3771648239344358 10.590986162424086 13.566999331116675 8.0260216407477838 36.237540623173118 8.5313476324081403 52.343681026250124 50.639508614316583 4.1784640811383706 3.980139622464776 30.960753872990608 27.031409665942192
leaf_count=4766 545 29569 1175 35 70 3901 267 57 1676 54 57 3290 765 1416 4125 71 828 655 109 1650 246 1829 882 2509 2825 84 73 1292 80747 163 384 2683 13316 82 1050 412 410 1395 368 198 611 622 496 63 181 316 111 76 105 53 67 79 185 49 775 84 351 433 25 77 752 595
internal_value=0 -0.000693508 0.0450407 0.00850729 -0.0373901 0.0139609 -0.0225715 0.0103336 0.0332097 0.314421 0.00165476 -0.00371985 0.0399089 0.0183535 0.0150196 -0.0190331 -0.0043119 0.00571203 0.0259414 9.42961e-05 0.00362419 -0.013291 0.00239807 0.00682521 0.00371941 0.0371873 0.0799308 -0.0191057 -0.0469758 0.00796706 -0.00651013 0.0534646 0.00782245 -0.0308797 0.0273844 0.00540927 0.00139064 -0.0104504 -0.0226887 0.0101385 0.00796924 -0.00178363 0.0218596 0.00950201 0.0366003 0.0175844 0.00542897 0.0201565 0.0667154 0.00875437 0.0898322 -0.00127495 0.0356422 0.0766331 -0.0245712 0.0242588 0.0133982 0.00802157 0.0268206 0.136236 -0.0096842 0.00315848
internal_weight=0 8482.8 5697.74 6782.25 1700.55 3776.16 668.293 103.498 2370.12 2.0881 3006.09 1605.91 1232.75 2463.55 1772.72 320.412 154.066 1312.6 1137.37 1285.5 1017.59 267.907 997.721 122.269 101.41 34.6134 17.5136 122.282 1032.25 1185.8 17.0998 3327.62 1400.18 120.877 1094.91 875.44 658.584 234.921 147.487 87.4347 423.663 248.741 174.922 41.4361 106.359 216.856 209.666 106.338 20.7373 85.6008 9.39046 76.2103 29.3818 15.8148 46.8285 179.81 119.673 111.142 60.5023 8.1586 103.328 72.3667
internal_count=172135 159911 12224 45781 114130 10805 33313 3744 4775 111 34976 21625 2441 6086 4670 6698 3408 4719 2334 14927 11366 3561 11309 2580 3633 808 340 2174 80817 4064 468 7449 13351 1911 2225 9135 7603 2434 1826 608 5169 4080 1089 431 677 1532 3469 1500 216 1284 120 1164 310 125 854 1286 970 886 453 102 1969 1217
is_linear=0
shrinkage=0.05


Tree=40
num_leaves=63
num_cat=0
split_feature=11 11 11 11 8 8 12 8 11 10 6 0 6 12 6 5 7 10 2 0 0 10 3 0 6 2 7 2 2 7 2 6 8 12 10 6 2 11 2 6 11 5 10 10 12 10 12 5 6 7 7 8 2 3 8 8 11 5 7 12 0 11
split_gain=2678.3 1095.48 249.329 101.62 65.6174 61.3838 51.2834 42.7933 45.951 35.4272 33.187 30.1365 30.9308 26.1011 24.3047 23.2189 23.8542 21.8582 27.6426 25.3059 21.9857 20.787 23.0644 31.5127 31.5138 32.4027 39.7334 23.7179 23.2946 20.7075 21.864 25.3947 22.41 20.5363 20.4798 20.3225 23.4562 20.1055 25.3184 36.8712 21.4858 21.4706 19.9828 31.6016 19.5787 18.7248 18.636 18.1802 18.1678 18.1618 21.7299 17.457 20.7285 22.4076 22.22 21.4271 17.1371 17.0834 37.4277 16.8286 16.7097 16.4226
threshold=0.47441666666666676 0.6352500000000002 0.41608333333333342 0.58475000000000021 6.9500000000000011 8.1500000000000004 8.5854318732355015 12.350000000000003 0.50291666666666679 53.500000000000007 53.500000000000007 10.882226870748301 57.500000000000007 5.7655959259307785 59.500000000000007 3.5000000000000004 7.5000000000000009 62.500000000000007 1.4700005291005294 20.598810296010299 17.309825000000004 77.500000000000014 13.23195639524312 17.309825000000004 53.500000000000007 0.91190501253132838 16.500000000000004 1.5415966666666669 1.4580860628904109 6.5000000000000009 1.6408658035065879 24.500000000000004 13.450000000000001 7.7892424078518889 9.5000000000000018 25.500000000000004 1.6322006046863191 0.62941666666666685 0.78874792118975257 35.500000000000007 0.62125000000000019 3.5000000000000004 45.500000000000007 62.500000000000007 7.9317789499972413 35.500000000000007 4.908429448785566 1.0000000180025095e-35 67.500000000000014 15.500000000000002 7.5000000000000009 5.2500000000000009 0.64093959750566909 13.327784847474403 7.4500000000000011 7.2500000000000009 0.61758333333333348 3.5000000000000004 17.500000000000004 7.6083644784255631 15.202428571428573 0.45141666666666674
decision_type=2 2 2 2 2 2 2 2 2 2 2 2 2 2 2 2 2 2 2 2 2 2 2 2 2 2 2 2 2 2 2 2 2 2 2 2 2 2 2 2 2 2 2 2 2 2 2 2 2 2 2 2 2 2 2 2 2 2 2 2 2 2
left_child=2 3 46 7 9 -5 -3 8 14 -4 17 -7 21 -11 45 -9 -17 44 19 51 -20 22 27 24 37 26 -26 28 56 -29 35 32 -32 42 -8 -31 59 40 -39 -40 41 -24 -33 47 -10 -2 -1 -44 -14 50 -21 57 -53 54 55 -54 -13 -19 -59 -37 -12 -6
right_child=1 6 4 5 61 11 34 15 10 13 60 12 48 -15 -16 16 -18 18 20 49 -22 -23 23 -25 25 -27 -28 29 -30 30 31 33 -34 -35 -36 36 -38 38 39 -41 -42 -43 43 -45 -46 -47 -48 -49 -50 -51 -52 52 53 -55 -56 -57 -58 58 -60 -61 -62 -63
leaf_value=0.055902406932202699 0.033927498862471095 -0.021874204156126151 0.033151660487129017 -0.031675437356502509 0.047073456117477736 -0.031517084044890557 0.22027243778183464 0.024479538182502508 0.01115641883748944 0.028257757496621363 -0.022261661024768894 0.0067697677592270522 -0.025117674307324828 0.0088416966132000251 -0.0047241674601597242 0.042841438296904899 -0.015605249990838843 -0.027403480931025567 -0.021626337278304993 -0.064640034147102995 0.016403458843284469 -0.01237922641135184 0.025220438780518974 0.17500759872595872 0.062460478028900292 -0.050053618279950418 0.26823037769607666 0.10011476123547865 -0.048009563898167212 -0.055680349478258152 0 -0.042866659019822118 0.12025748188215012 -0.023865223468800538 -0.045388177687551663 -0.055093904586329928 0.16684613044925092 -0.0061388159133603905 0.26855196409112936 0.016729728761008006 -0.050885039272060444 -0.040095194428688585 0.00036095741115322152 -0.022759682113227774 0.067991733349510905 0.015780285559689421 0.047945171222145561 0.079671969511115576 0.11316649409377542 -0.034835259703153473 -0.0017857731834528821 -0.0134693952878102 0.017193537330931246 0.029311756793614852 -0.0058153617196707932 0.10249935369267354 -0.020889456074168568 -0.057360291226017712 0.11452616729491708 0.055778966901072681 -0.0010504524066010058 0.034481468146907883
leaf_weight=2051.6594278737903 162.24335089325905 297.88872218970209 608.6415565982461 191.79457085393369 543.84535867720842 73.727590030059218 0.62240447755902906 679.06192701682448 1567.4762960895896 292.2314071804285 112.30117387697101 219.5831834115088 115.17429481633008 427.38533635437489 128.87065352499485 22.773666746914387 73.540578797459602 69.024440931156278 41.711367696523666 14.804347213357685 408.1246201377362 138.71974452212453 96.019704999402165 3.3828614596277466 6.7847543824464065 2.883104531094431 3.6354326251894236 7.2735521886497727 27.894679198041558 4.2832468487322322 7.0414194110780945 11.48076496273279 8.3489544801413995 59.232224935665727 1140.3177864151075 3.7380022257566443 4.3018183670938006 4.5340931415557844 3.0119490753859282 2.8385791853070259 13.053463248535989 14.333918515592812 10.266730476170776 18.840505417436361 15.241812154650686 1185.486860409379 1178.5907589644194 25.364404348656535 2.3157222457230082 80.731155497953296 180.57844532467425 94.033279413357377 56.76700128801167 131.93950561061502 172.03677333518863 8.4217945970594865 75.055016286671162 5.7261121645569784 6.8017372824251652 29.885103253647685 537.32950062491 507.53556515276432
leaf_count=4793 292 15538 1219 7340 1114 1891 9 1962 6446 617 988 2994 2973 940 365 53 277 729 271 84 1959 3662 1461 49 138 72 73 42 480 51 96 102 28 1234 91821 44 32 183 65 116 486 265 114 291 113 2657 2733 183 58 734 1102 776 425 828 996 49 2092 61 57 427 3803 985
internal_value=0 -0.000686703 0.0439522 0.00754502 0.0316634 -0.00578666 -0.0403916 0.0102906 0.00858722 0.0242639 0.00546642 -0.00077864 0.00168436 0.0167362 0.0159867 0.0212209 -0.00170347 0.00778914 0.00289959 -0.00255465 0.012862 0.00520098 0.00888778 0.0260979 0.0225227 0.0956979 0.136593 0.00382165 -0.00442223 0.0178331 0.0144785 0.00495057 0.0653545 -0.0024819 -0.0452196 0.0460066 0.0577388 0.0151434 0.0816848 0.149547 0.00944185 0.0166627 0.0166539 0.029346 0.0117112 0.017971 0.0530022 0.0570243 -0.0222557 -0.0148864 -0.00660451 0.00368829 0.00745217 0.012797 0.00358236 0.028431 -0.000263771 -0.0176114 0.0357339 0.0431777 -0.00472778 0.0410035
internal_weight=0 8378.65 5609.89 6939.83 2379.64 1184.8 1438.83 5755.03 4979.65 1328.26 3503.05 993.005 919.277 719.617 1476.6 775.376 96.3142 2853.42 1270.7 820.865 449.836 801.787 663.067 150.478 147.095 13.3033 10.4202 512.59 322.533 190.057 182.783 140.575 15.3904 125.185 1140.94 42.2082 37.9249 133.792 10.3846 5.85053 123.407 110.354 65.9524 54.4716 1582.72 1347.73 3230.25 35.6311 117.49 276.114 195.383 544.751 463.198 369.165 237.226 65.1888 294.638 81.5523 12.5278 33.6231 649.631 1051.38
internal_count=171838 159437 12401 52069 4875 27042 107368 25027 22735 2776 19421 19702 17811 1557 3314 2292 330 14630 8071 5841 2230 14780 11118 2908 2859 283 211 8210 5566 2644 2602 2048 124 1924 91830 554 503 2576 364 181 2212 1726 690 588 6559 2949 7526 297 3031 1920 1186 3921 3074 2298 1470 474 5086 847 118 471 4791 2099
is_linear=0
shrinkage=0.05


Tree=41
num_leaves=63
num_cat=0
split_feature=11 11 11 11 8 12 8 11 8 6 1 0 12 0 6 12 0 8 11 4 6 7 9 10 11 6 9 10 6 12 10 12 10 11 1 10 6 4 9 11 11 2 2 6 1 0 10 7 12 7 12 12 1 10 9 0 8 9 12 7 10 1
split_gain=2523.03 1063.2 197.172 110.532 53.9449 51.9803 51.8365 67.6647 39.5603 35.7467 35.9448 36.2837 32.0637 28.042 24.2719 24.2576 29.4882 63.0364 29.5186 28.3708 23.5551 23.6424 31.5665 29.6755 23.4159 22.9599 21.0409 20.524 19.3235 19.2451 18.4105 24.6626 18.3678 24.5494 61.6949 17.4206 17.0456 21.3934 16.8681 39.797 39.0529 25.3804 29.8059 32.9218 22.1983 36.1972 16.0834 20.3328 22.555 16.0566 21.8976 16.226 27.1249 15.7441 22.6699 16.0635 15.4098 14.4982 15.3475 39.6886 31.7972 30.0136
threshold=0.46708333333333346 0.6352500000000002 0.41608333333333342 0.54758333333333353 6.4500000000000011 8.8895248237472604 12.350000000000003 0.60975000000000013 11.750000000000002 60.500000000000007 0.90003636363636386 15.097000000000001 8.1551521770408844 19.406657142857146 36.500000000000007 8.1102401796651886 13.850106926406928 9.2500000000000018 0.57958333333333356 1.0000000180025095e-35 37.500000000000007 19.500000000000004 79.500000000000014 62.500000000000007 0.5814166666666668 27.500000000000004 43.500000000000007 79.500000000000014 52.500000000000007 4.908429448785566 50.500000000000007 6.3349755174535272 57.500000000000007 0.69558333333333355 1.5000659340659344 70.500000000000014 23.500000000000004 2.5000000000000004 69.500000000000014 0.55758333333333354 0.5814166666666668 0.84221829210947063 1.609792120181406 40.500000000000007 0.80626762260128038 23.991700000000005 62.500000000000007 18.500000000000004 7.1632533030289345 11.500000000000002 7.9147380664574873 7.7104775395250416 0.57728222222222236 62.500000000000007 69.500000000000014 16.853632958801501 1.8500000000000003 93.500000000000014 7.9317789499972413 18.500000000000004 69.500000000000014 0.64032035891279604
decision_type=2 2 2 2 2 2 2 2 2 2 2 2 2 2 2 2 2 2 2 2 2 2 2 2 2 2 2 2 2 2 2 2 2 2 2 2 2 2 2 2 2 2 2 2 2 2 2 2 2 2 2 2 2 2 2 2 2 2 2 2 2 2
left_child=2 3 29 8 27 32 7 12 9 10 13 -12 15 -2 30 19 18 -18 -17 53 25 24 23 38 26 36 -22 28 -4 -1 -13 -32 -3 -34 -35 -15 37 -21 40 -40 -23 -42 43 -43 -41 -46 -39 48 -48 51 -51 52 -28 54 55 -5 -30 58 -27 60 61 -60
right_child=1 5 4 6 -6 -7 -8 -9 -10 -11 11 14 -14 35 -16 16 17 -19 -20 20 21 22 -24 -25 -26 57 49 -29 56 -31 31 -33 33 34 -36 -37 -38 46 39 44 41 42 -44 -45 45 -47 47 -49 -50 50 -52 -53 -54 -55 -56 -57 -58 -59 59 -61 -62 -63
leaf_value=0.055473785464524944 0.010145596304644251 -0.010418471408648327 0.030021258803127289 -0.013879576622066042 0.040774025957991018 -0.047208920158937843 0.010669857321951408 -0.026157319692025102 0.025179946976589287 -0.0063420193388955288 -0.0067956178474510055 0.034774322906651133 -0.051540499755366564 1.5542324655327149e-05 0.013291099681119009 0.1401453472579767 -0.047575276401908138 0.28340116435653678 -0.05124448910626625 0.092915737757835293 0.086650458644504422 -0.0093417908723459099 -0.052267717640260815 -0.0093088737611138356 -0.02288663069351457 0.014071912055344461 0.08153861658137973 -0.00020805105334751532 -0.026750930610637404 0.047235511260911217 0.035253976284628029 0.012756801993573277 -0.033568163907074233 -0.044118749072021617 0.52294633191706563 -0.026720151384314824 -0.016665952866337038 -0.028109117613232204 0.17431817165187327 -0.051269449801731704 0.15311167521908037 0.10541556758017311 0.1197900502920481 -0.053810433266292236 0.13955105677882315 -0.0070680233179067483 0.068116737976792976 0.10023118892985548 -0.03220321298131331 -0.010363697189033259 0.075699551515952521 -0.055120173388138509 0.0077676894444702813 -0.044347334101836923 -0.033492328239828652 0.066475956580978116 0.017370907401010962 -0.026689095041979152 0.049845206211230959 -0.051620965187730822 -0.010736252805251933 0.20951860995132013
leaf_weight=1966.2970968782902 1171.3200433216989 126.19023449812084 743.63339849561453 11.302315467968585 962.38420721888542 887.06962115224451 827.13596528023481 298.65531656518579 562.19874869287014 276.21062655001879 153.77176839858294 294.27205707132816 29.962753525003791 268.75895853340626 1058.1522418744862 2.8072782121598703 2.330270053818821 3.4670338518917561 6.4417399615049362 7.6856655646115533 6.4696670249104491 38.926126647740602 16.449499763548374 53.590957010164857 187.19163464196026 449.42166214622557 14.006317906081675 78.721434950828552 22.085256025195122 1137.5299093648791 173.34466169774532 414.40510921925306 368.17890534270555 1.4501513056457036 0.59750613756477822 78.549594465643167 126.48395417630672 22.342326425015926 6.7809146940708187 5.3804365806281593 6.5813708230853107 4.7399793304502991 7.7101901583373538 9.7551416698843223 8.0886236652731913 8.5178280398249608 8.786534093320375 7.2315295599400988 15.029419541358946 370.17009033448994 7.4304099287837735 8.3908406980335695 109.30301638506353 52.424166137352586 33.091911295428872 13.427109856158493 178.43275824189186 20.440410673618317 5.5551564563065821 6.2001862805336705 4.9693653061985961 6.6196924243122339
leaf_count=4793 3832 6801 1514 80 2007 76472 7465 11396 1160 1125 510 571 982 816 3148 17 84 51 154 60 25 300 413 1049 4440 3979 100 188 63 2733 310 1230 23929 122 44 374 1205 180 38 112 52 32 60 146 91 133 33 66 179 3687 83 107 851 876 400 68 389 315 68 139 138 53
internal_value=0 0.000228875 0.0445835 0.00786317 0.032268 -0.0399499 0.000137816 -0.00420668 0.0127761 0.010981 0.012307 0.0165558 -0.000358606 0.00644447 0.0184094 0.000556689 0.0635464 0.150964 0.00718935 -1.48645e-05 0.00172563 -0.00372376 0.0132001 0.0204394 -0.00774118 0.00869253 -0.00223128 0.024257 0.0263019 0.0524577 0.0245419 0.0194053 -0.0269615 -0.0325823 0.135668 -0.00602274 -0.00617668 0.015456 0.0370076 0.0691189 0.0232095 0.0672794 0.0410433 -0.00103461 0.0358059 0.0644553 0.00405909 0.0273844 0.0047293 -0.00338695 -0.00863732 0.0116237 0.0162469 -0.024514 -0.00640017 0.029641 0.0124754 0.0143573 0.0161478 0.0556694 0.0948351 0.13807
internal_weight=0 8665.77 5089.08 7282.28 1985.26 1383.49 2831.29 2004.16 4450.98 3888.79 3612.57 2093.95 1705.5 1518.63 1940.17 1675.54 15.0463 5.7973 9.24902 1660.49 1550.25 869.483 166.521 150.072 702.962 680.766 515.77 1022.87 944.151 3103.83 882.022 587.75 496.417 370.227 2.04766 347.309 187.559 61.0755 96.4806 28.7678 67.7128 28.7867 22.2053 14.4951 21.9869 16.6065 53.3898 31.0475 23.816 509.301 377.601 131.7 123.309 110.246 57.8213 24.7294 200.518 493.206 472.766 23.3444 17.1442 12.1748
internal_count=171838 160151 11687 52783 4161 107368 39707 32242 13076 11916 10791 5769 20846 5022 5259 19864 306 135 171 19558 18134 11719 2426 2013 9293 6415 4853 2154 1966 7526 2111 1540 30896 24095 166 1190 1723 518 964 374 590 290 238 178 336 224 458 278 212 4828 3770 1058 951 1424 548 148 452 4692 4377 398 259 121
is_linear=0
shrinkage=0.05


Tree=42
num_leaves=63
num_cat=0
split_feature=12 12 12 12 12 8 8 8 12 8 12 6 9 5 6 2 8 3 1 2 6 0 3 1 2 0 12 8 7 8 8 3 7 0 6 9 9 6 3 9 8 8 3 1 2 2 4 4 12 3 4 1 4 0 9 9 0 8 12 12 6 9
split_gain=2376.25 1020.76 138.505 91.9146 91.6666 45.4392 39.4067 37.4207 62.4183 36.6495 41.4313 29.1748 26.4403 26.2028 25.0397 28.319 23.4071 23.1505 25.0996 22.3598 22.3193 22.1983 20.8757 43.4493 33.5293 25.9017 20.7548 19.0424 18.3354 18.8303 18.1539 19.4186 25.4232 18.2717 18.0784 17.7293 24.8565 17.4933 23.8735 27.4526 30.6968 43.1658 20.3702 19.9858 18.7073 20.9495 20.3644 39.9946 19.9799 18.3695 18.7888 39.2721 26.0008 22.4637 17.3348 33.976 40.5309 21.4648 17.3112 17.2627 16.9237 22.3601
threshold=5.9745666903330372 8.1551521770408844 5.4219604853889924 8.8128235214355417 6.6592844682100312 6.3500000000000005 10.450000000000001 14.850000000000003 8.8000656294250152 13.65 7.4694714165427092 38.500000000000007 59.500000000000007 3.5000000000000004 60.500000000000007 1.578629120879121 11.850000000000003 12.916747385498736 0.74688532382650041 1.3126439229024947 64.500000000000014 18.331366666666671 12.766315898521109 1.3500545454545458 1.5000172438672441 26.733550208855473 4.908429448785566 9.4500000000000011 19.500000000000004 11.050000000000002 8.1500000000000004 13.801094774227485 13.500000000000002 8.9576730326028251 52.500000000000007 49.500000000000007 50.500000000000007 29.500000000000004 13.036193712795823 80.500000000000014 8.8500000000000032 10.950000000000001 13.394186904387835 0.80626762260128038 1.5078446532999166 1.6500215492434791 5.5000000000000009 2.5000000000000004 7.6083644784255631 12.77996220106394 3.5000000000000004 0.77760384241608749 2.5000000000000004 23.960137931034485 88.500000000000014 90.500000000000014 20.252657142857146 12.350000000000003 7.3934085905420694 8.1102401796651886 28.500000000000004 80.500000000000014
decision_type=2 2 2 2 2 2 2 2 2 2 2 2 2 2 2 2 2 2 2 2 2 2 2 2 2 2 2 2 2 2 2 2 2 2 2 2 2 2 2 2 2 2 2 2 2 2 2 2 2 2 2 2 2 2 2 2 2 2 2 2 2 2
left_child=2 4 26 7 6 34 14 -3 -9 10 20 35 16 -11 15 17 27 18 -2 -10 22 -17 23 24 -6 58 -1 -13 -29 -30 -14 54 33 -33 -4 -12 -37 44 49 -40 42 43 -41 -42 -38 46 47 -46 -47 50 51 -39 -53 -54 -32 56 -56 -57 -25 -50 -20 -62
right_child=1 3 5 -5 9 -7 -8 8 19 13 11 12 30 -15 -16 21 -18 -19 60 -21 -22 -23 -24 25 -26 -27 -28 28 29 -31 31 32 -34 -35 -36 36 37 38 39 40 41 -43 -44 -45 45 48 -48 -49 59 -51 -52 52 53 -55 55 57 -58 -59 -60 -61 61 -63
leaf_value=0.055066103657034973 -0.035379741433087301 -0.02671051582769042 0.029176017876534312 -0.046360886456632888 -0.0058641281935380117 0.042235725599933376 0.029880123879667798 0 0.086330869325334014 0.020699438387447103 -0.047364632619296132 -0.013500622688751122 -0.032228216493775781 -0.014224373462978168 -0.004706622307654269 -0.01152688697229951 -0.019735282470173421 0.01660923161905075 0.024710700106190954 0.38770823810198884 -0.029861526437243185 0.027328470508766578 0.0094693989382989615 -0.016319283967988856 -0.054187880904455837 0.018354301268311547 0.046311445776062998 0.014395838059594091 0.043264259558657515 0.13776501352305678 -0.017749367955691136 -0.061394305175289078 0.092168494583471108 0.04899531593522282 0.010922347853418628 0.12613218213649754 -0.019293404603696499 0.21540644587380894 0.011556916571195423 -0.0341338235020106 0.06766988671833081 -0.022699433076567875 0.058599159707543584 0.17388000128888678 0.14193946673235844 0.040026428490152949 0.14497347257601065 -0.035504002347266986 -0.03573278231471811 -0.031672041746647832 -0.0074947293902123324 -0.051744771781523459 -0.050206908366847651 0.090307211895121656 0.20611048435063162 -0.027193450001171512 0.0091054216027961661 0.14252232950408902 0.050098048774125187 0.095754694756371259 0.0058337594922300388 -0.03336786572677785
leaf_weight=1883.8975496813655 37.82022100687027 522.5633133938536 640.10636538267136 900.74588048364967 462.66898078657687 775.80095608532429 438.51432606577873 97.240322928875685 1.3503412911668413 483.75429837778211 16.405550049617887 19.442117374390364 140.40458620339632 60.16953656822443 174.12939861416817 39.296489715576172 40.62879547663033 890.31511388719082 105.46796834468842 1.2674754485487936 42.375162489712238 522.6641952469945 2047.3761726506054 97.498697873204947 38.867337312549353 347.4893106110394 1081.8533939048648 24.922591203823686 15.814084684476258 8.1202128864824754 327.53350595198572 7.9859402813017386 10.096269488334654 6.8621518835425377 173.54297564923763 4.1210995092988005 123.89315763488412 2.8453527092933681 145.17682072520256 11.339929597452285 8.0005880948156172 5.9829217046499243 12.118637425824998 11.05769566260278 4.765099503099921 17.439871115610003 4.8956285342574111 8.9934001304209215 31.919602362439036 43.487229065969586 59.123664220795035 7.9500854350626478 3.5690890885889521 12.313627317547798 4.4723738860338909 22.69606148079038 6.2400715872645378 1.9241118263453234 10.78282851167023 2.5943475551903239 438.174355648458 39.548016875982285
leaf_count=4793 130 29512 1353 80633 3162 1678 849 3617 60 2806 201 376 4569 468 528 105 547 1968 227 50 402 1083 8957 523 300 1595 2684 328 208 93 6917 65 61 49 402 39 2091 32 1719 309 88 70 188 81 39 149 69 145 619 891 1231 200 94 227 62 603 150 28 87 66 1123 139
internal_value=0 0.00114901 0.0454892 -0.0361459 0.00877299 0.0335667 0.0161607 -0.0213501 0.00664961 0.0046084 0.00303304 -0.00493987 -0.0121802 0.016825 0.0134803 0.0150103 0.0102136 0.0114395 0.0040184 0.242986 0.0061096 0.024601 0.00661955 0.00051904 -0.00962908 0.0116968 0.0518759 0.0281051 0.0447575 0.0759735 -0.0168088 -0.0112065 0.0313227 -0.010056 0.0252907 0.00362621 0.00524838 0.00425182 0.0113909 0.0224983 0.0550558 0.0934795 0.013605 0.13014 -0.00757659 0.01291 0.0582235 0.0261715 -0.00334451 -0.00521402 0.00815884 0.0429352 0.0213212 0.0583021 -0.0141516 0.0190141 0.0929617 -0.0132047 -0.0096191 -0.0254566 0.00658759 0.0025717
internal_weight=0 8975.22 4555.2 1523.17 7452.05 1589.45 2685.93 622.421 99.8581 4766.12 4222.19 1175.14 637.143 543.924 2247.42 2073.29 108.928 1511.33 621.011 2.61782 3047.06 561.961 3004.68 957.307 501.536 455.771 2965.75 68.299 48.8569 23.9343 528.215 387.81 24.9444 14.8481 813.649 537.993 521.588 517.467 322.966 193.677 48.4998 25.0412 23.4586 19.0583 194.501 70.6079 18.6541 13.7585 51.9538 129.289 85.8018 26.6782 23.8328 15.8827 362.866 35.3326 10.7124 24.6202 108.282 34.5139 583.19 477.722
internal_count=171838 160928 10910 113872 47056 3433 6152 33239 3727 40904 37630 22604 14056 3274 5303 4775 1552 3587 1619 110 15026 1188 14624 5667 3462 2205 7477 1005 629 301 12504 7935 175 114 1755 8548 8347 8308 5130 2455 736 239 497 169 3178 1087 253 184 834 2675 1784 553 521 321 7760 843 212 631 610 685 1489 1262
is_linear=0
shrinkage=0.05


Tree=43
num_leaves=63
num_cat=0
split_feature=11 11 11 11 12 8 8 11 6 8 1 0 6 8 11 3 12 6 7 11 0 6 7 7 12 9 0 6 8 12 7 5 9 8 8 12 7 5 5 8 12 0 6 12 0 1 0 11 1 8 8 8 9 9 11 12 9 8 1 6 6 8
split_gain=2266.19 991.573 129.511 102.544 52.8217 49.7133 46.7871 59.335 37.6894 37.5832 36.6415 33.403 31.1484 26.5102 24.7015 24.1202 22.9685 19.6585 19.6222 19.4583 18.7677 18.6997 18.1521 33.558 72.0667 31.3762 17.7828 17.4429 17.4396 18.0777 28.1475 22.562 18.6181 16.1628 16.0809 18.2747 19.0472 17.2234 16.0236 15.7013 30.667 15.6452 20.6916 19.3087 25.579 36.6189 42.6122 15.5261 48.6545 16.3293 15.4159 15.2989 16.873 41.8042 18.8549 16.4412 15.1406 14.6721 14.6454 14.5733 21.9654 14.4673
threshold=0.45141666666666674 0.6352500000000002 0.52658333333333351 0.3970833333333334 8.8895248237472604 10.050000000000002 13.15 0.60975000000000013 38.500000000000007 6.3500000000000005 1.3603062057531565 19.189777857742595 54.500000000000007 12.250000000000002 0.47441666666666676 12.884423105034719 8.125374102868177 50.500000000000007 7.5000000000000009 0.47441666666666676 13.850106926406928 28.500000000000004 13.500000000000002 15.500000000000002 8.2722660148023817 79.500000000000014 8.5718142857142876 62.500000000000007 4.1500000000000012 7.4694714165427092 19.500000000000004 2.5000000000000004 43.500000000000007 5.6500000000000012 8.2500000000000018 6.4076250969976867 14.500000000000002 2.5000000000000004 3.5000000000000004 13.250000000000002 7.8812358841197492 13.584452830188681 52.500000000000007 7.4444921107304376 27.108880555555558 1.269809027777778 17.647957983193283 0.69558333333333355 1.6748579801151233 14.850000000000003 1.8500000000000003 8.3500000000000032 88.500000000000014 90.500000000000014 0.56641666666666679 7.5637346582655356 41.500000000000007 10.350000000000003 0.3202276487676618 44.500000000000007 40.500000000000007 4.8500000000000005
decision_type=2 2 2 2 2 2 2 2 2 2 2 2 2 2 2 2 2 2 2 2 2 2 2 2 2 2 2 2 2 2 2 2 2 2 2 2 2 2 2 2 2 2 2 2 2 2 2 2 2 2 2 2 2 2 2 2 2 2 2 2 2 2
left_child=3 2 5 -1 47 10 7 8 16 17 15 19 -13 -9 -7 21 18 -5 20 -12 -4 -2 -15 24 25 -24 -16 56 -10 41 32 33 -31 -32 35 50 -37 -36 39 40 -8 42 -30 -43 45 46 -45 49 -49 -3 -23 -34 54 -54 55 -53 -17 -33 -56 60 -25 -58
right_child=1 4 6 9 -6 14 38 13 28 -11 11 12 -14 22 26 27 -18 -19 -20 -21 -22 34 23 59 -26 -27 -28 -29 29 30 31 57 51 -35 37 36 -38 -39 -40 -41 -42 43 -44 44 -46 -47 -48 48 -50 -51 -52 52 53 -55 58 -57 61 -59 -60 -61 -62 -63
leaf_value=0.053195023416574116 0.019473099628617218 -0.03076408446927055 0.033616101972495351 0.034804003764116388 -0.04683039307100037 0.044454303687789444 0.01660787030299455 -0.026656060700065431 -0.029628481597221763 0.045319056145722819 0.021863052121130464 0.029042457126776357 7.0120056364431275e-06 -0.029457781007088409 -0.021042939916591327 -0.021307139412864828 -0.051670233221295915 0.018456346858525065 0.0095237899454583535 -0.020225447129041303 -0.039791382440581752 -0.038740925724566 -0.021765185651211588 -0.00089515505629082347 0.33595691563494867 0.18562554974851256 0.023068229876312768 -0.024085155594639866 -0.00057193551475924053 0.092342121365418306 -0.050159609204088733 -0.044006759201658946 -0.037438830386166091 0.03760200387225586 0.021676615521359618 -0.038124916424966203 -0.0037207402548446165 -0.0094588998225787046 -0.0060972246755077453 0.014644327451846581 0.1236391057308262 0.0018913726271912107 -0.048692605249260001 0.10679475902169069 -0.052293187989418122 0.1728912978554818 -0.054458637705309509 -0.045674875043894336 0.39676036931537018 -0.0061789242792538758 0.003019935462386963 -0.027783312680381492 0.12225465054595626 -0.024141012831322195 0.036932844080328035 0.032037820831132199 0.0048048226378631948 0.031746816342557937 -0.02552395987198601 -0.050958771314996321 0.15172204592831323 0.017084532120208894
leaf_weight=2342.0625791624188 128.50222966074944 388.44400917459279 11.182397063821552 735.30902011692524 809.54958851449192 142.67995960265398 20.953221984207634 281.29634127113968 62.193597821518779 801.16882373392582 44.215861782431602 616.13190831243992 109.05895085632801 17.376790627837181 23.444039911031723 30.551349028944969 15.996305443346499 247.79538986086845 1318.6766623426229 71.946583494544029 37.426008865237236 23.478978887200356 6.5660071801394206 11.5866696536541 2.4777785371989003 2.4006303250789642 683.97293315827847 31.60832904279232 62.467348570004106 3.7365688160061827 5.617494059726595 21.819830799475316 80.75257839076221 59.757332129403949 129.64525704085827 75.136725857853889 87.284875698387623 67.203527644276619 89.537666270509362 583.34077198058367 9.8571514338254911 884.6872646920383 34.865251632407308 8.3070402666926473 5.3715175762772551 5.9859297648072234 7.8615019414573899 1.934638001956045 0.79365625604987133 82.463142761960626 351.38227114081383 17.416836347430944 7.6919331215322044 12.862037509679793 9.6901770830154401 33.025331407785416 315.58910982310772 8.8635524846613389 203.53864978440106 9.0313302371650916 2.8393597062677136 1017.2746061086655
leaf_count=6195 295 26677 60 1660 76472 281 105 11249 1054 1853 90 1290 325 442 63 88 480 606 9490 222 223 77 153 253 61 32 1383 110 382 21 183 488 2361 951 280 337 343 184 789 4237 118 5719 344 55 99 53 104 166 39 4014 851 120 94 233 122 194 958 93 3794 272 70 2481
internal_value=0 0.00170419 0.0083217 0.0463086 -0.0390622 0.0147276 0.00192717 -0.000600033 0.00168097 0.0372642 0.0117857 0.0206956 0.0246834 -0.0205753 0.0254436 0.00846236 0.00766897 0.0306909 0.00837058 -0.00415693 -0.0227669 0.00188303 0.0120368 0.032864 0.102657 0.0346428 0.0215965 0.0125268 -0.00370676 -0.00260793 -0.0107678 0.0133001 -0.0170535 0.0299194 -0.00119135 -0.00567668 -0.0196806 0.0110223 0.0136167 0.0164995 0.0513013 0.00114443 -0.0178927 0.0031829 0.0443545 0.0681418 0.0282297 -0.0257669 0.0907386 -0.0264717 0.000381326 -0.0182121 -0.0127207 0.0307294 -0.0161371 0.0112696 0.0133809 -0.0219292 -0.0226462 -0.00126572 0.0296367 0.0141813
internal_weight=0 9189.35 7906.16 4126.34 1283.19 3949.11 3957.06 3253.37 2919.79 1784.27 3099.01 841.353 725.191 333.575 850.097 2257.66 1383.28 983.104 1367.29 116.162 48.6084 862.634 52.2786 34.9018 11.4444 8.96664 707.417 1395.02 1536.51 1474.32 464.772 96.0582 368.714 65.3748 734.132 537.283 162.422 196.849 703.689 614.151 30.8104 1009.55 97.3326 912.213 27.526 22.1545 16.1685 473.635 2.72829 470.907 374.861 364.978 284.225 20.554 263.671 50.4422 1363.42 30.6834 213.229 23.4574 14.426 1332.86
internal_count=171838 161524 54156 10314 107368 9658 44498 39249 26717 4119 7931 1927 1615 12532 1727 6004 10253 2266 9773 312 283 2367 1283 841 246 185 1446 3637 16464 15410 8654 1715 6939 1134 2072 1608 680 464 5249 4460 223 6756 726 6030 311 212 159 30896 205 30691 928 6918 4557 327 4230 314 3527 581 3916 595 323 3439
is_linear=0
shrinkage=0.05


Tree=44
num_leaves=63
num_cat=0
split_feature=11 11 11 11 12 11 8 8 8 8 6 0 6 12 2 6 4 8 7 12 0 6 7 9 2 6 11 6 6 2 0 2 6 5 11 9 2 11 8 2 9 11 8 8 2 3 9 8 9 0 3 2 3 11 9 8 7 4 11 8 2 7
split_gain=2146 924.288 120.487 105.13 53.4638 44.9504 50.7707 44.1422 37.2366 35.3528 27.8871 26.8889 26.6562 27.4518 23.5346 31.2735 21.6285 19.9449 38.4322 21.9955 22.9384 18.8218 18.5306 16.8038 16.1681 15.8403 15.6875 15.2509 16.3195 17.4833 52.8591 23.1257 24.9144 27.9555 20.1103 18.0409 16.8022 15.0678 17.7015 17.0069 17.8898 14.928 14.8515 14.7502 24.3136 14.6303 21.5469 18.6691 19.974 23.4772 20.7121 17.8804 15.473 21.2979 15.3582 14.6959 22.5046 17.5435 14.3338 14.776 14.7267 41.7562
threshold=0.45141666666666674 0.6352500000000002 0.50291666666666679 0.3970833333333334 8.5854318732355015 0.58475000000000021 8.1500000000000004 10.15 6.3500000000000005 13.65 38.500000000000007 10.882226870748301 57.500000000000007 8.6234322976328439 1.5869664399092973 40.500000000000007 3.5000000000000004 6.8500000000000005 25.500000000000004 7.898222290587591 15.239797713666379 50.500000000000007 20.500000000000004 41.500000000000007 0.82290749459473733 67.500000000000014 0.43441666666666673 64.500000000000014 40.500000000000007 1.6500215492434791 21.315868965517243 1.6676751260504206 53.500000000000007 3.5000000000000004 0.57591666666666685 97.500000000000014 2.534307994903648 0.56841666666666679 5.2500000000000009 1.4053682917611492 76.500000000000014 0.53008333333333346 15.850000000000003 7.1500000000000012 1.0259252950752953 12.77996220106394 79.500000000000014 11.250000000000002 86.500000000000014 7.197750000000001 13.23195639524312 1.3817591719391722 12.814731255560659 0.55025000000000024 81.500000000000014 5.4500000000000011 8.5000000000000018 2.5000000000000004 0.71458333333333357 14.850000000000003 0.41685446652345154 17.500000000000004
decision_type=2 2 2 2 2 2 2 2 2 2 2 2 2 2 2 2 2 2 2 2 2 2 2 2 2 2 2 2 2 2 2 2 2 2 2 2 2 2 2 2 2 2 2 2 2 2 2 2 2 2 2 2 2 2 2 2 2 2 2 2 2 2
left_child=3 2 7 -1 -3 9 16 14 21 10 -4 42 13 -13 23 -16 17 -7 19 20 -19 24 -22 -2 26 -14 -5 28 37 35 -31 -32 33 36 -34 45 -33 38 -12 40 -40 -38 -8 44 -21 46 -30 48 49 -47 52 55 -51 -54 -52 57 -57 -50 59 -6 61 -61
right_child=1 4 5 8 58 6 11 -9 -10 -11 27 12 25 -15 15 -17 -18 18 -20 43 22 -23 -24 -25 -26 -27 -28 -29 29 30 31 32 34 -35 -36 -37 41 -39 39 -41 -42 -43 -44 -45 -46 47 -48 -49 51 50 54 -53 53 -55 -56 56 -58 -59 -60 60 -62 -63
leaf_value=0.052760291738591814 -0.019613438926298493 -0.01896878099130303 0.0092629443783261434 0.028215369308512789 -0.041991146115937079 -0.035371587302583128 -0.037391882658976652 0.032038188212015893 0.044536035767224813 0.021456644158248932 -0.053278429053753962 0.0043381132674100917 -0.023937203237226978 0.16043993558873959 0.032750907571644332 0.0078867307657569091 -0.045255458623258076 0.18549090941188928 0.21762270594922009 -0.046409924876373396 -0.012397074532587989 0.017749619981860167 0.12087917566020541 0.011828415563299235 0.037471022954497168 0.10036100298233541 -0.010714626633946314 -0.0242079756412884 -0.0018848553912137926 -0.033259719416824131 0.077527399421666393 0.042085789339663997 -0.012581168424776549 -0.027809027151616324 0.062537792277103363 -0.048892006647746955 0.036149262518583143 -0.048468983762187209 -0.00065296107295488375 -0.026782528446260126 0.049775854377025072 -0.04614619610311621 0.045325767526483679 -0.050607426641749109 0.21453334394828694 -0.064345423655439452 -0.033904212322096457 0.017207013709305729 -0.024256930578993492 0.042936899834324478 0.011874679820217891 0.096406437519238442 -0.0027507576539455509 -0.030035533950171223 -0.032887259652416505 0.056596696490496062 -0.038005728720353529 0.07597833700530382 -0.049731937258998743 -0.045341673875680832 -0.022620298743516464 0.35738245694681819
leaf_weight=2245.73335198313 43.495657905936241 271.92244706768543 1799.3850001636893 99.648307137191296 350.37995009683073 38.307092263363302 64.286988572217524 406.16045101732016 775.15753092616796 343.56439232081175 18.284943537786603 797.85065497737378 110.40217448584735 2.7285026852041474 326.85744728147984 207.36039341241121 98.825010285712779 2.423096181824806 2.1163131538778535 2.0714632403105528 10.341770043596624 244.85899876058102 3.3600525520741931 1540.0371999591589 584.04258259385824 2.5127410534769288 34.664384230971336 59.365026967599988 373.07559932768345 51.399663547053933 17.419584922492504 137.8331130053848 76.869769003242254 19.317648569121957 9.9675339329987747 18.053094115108252 10.87400805950165 24.794990111142397 89.592275340110064 46.513174585998058 21.725604224950075 10.939926665276287 5.7889714334160081 16.963337852619588 1.405756155028939 14.389363449066876 61.14102460257709 226.35516982153058 5.8844621367752579 14.238672710955141 310.58208645880222 8.3740877136588079 272.07236720994115 97.185543952509761 20.27561797387898 9.3318994976580161 18.691322611644864 15.699795192107556 525.04415234085172 1.7715023187920445 85.34883716981858 0.88021851144731034
leaf_count=6195 118 15538 8019 243 32046 1728 1822 806 1853 970 138 14680 2973 100 617 487 4107 61 50 104 352 606 79 3535 1326 58 91 510 2189 336 56 533 466 103 100 214 29 324 375 197 101 76 69 800 59 133 583 864 74 87 2030 56 1179 1183 224 46 219 137 52405 150 7161 68
internal_value=0 0.00162181 0.00792166 0.0456078 -0.03859 0.00368051 -0.005033 0.0169304 0.0363625 0.00608524 0.00471514 -0.000602966 0.00168292 0.00489635 0.0140292 0.0231123 -0.0297734 -0.00980247 0.015416 0.00301477 0.0466451 0.0297756 0.0205626 0.0109604 0.0338648 -0.0210405 0.0181303 0.000740479 0.00148436 0.00299539 0.0133063 0.0217836 0.0180838 0.0287454 -0.00383918 0.000636677 0.0356331 -0.012023 -0.00683886 -0.00139679 0.00918006 -0.00491689 -0.0304325 -0.0312199 0.0607336 0.00126127 -0.00641171 0.00455523 0.000907003 -0.00133529 -5.02387e-05 0.0291292 -0.00796421 -0.0099516 0.00910736 0.0175007 -0.00623554 0.048435 -0.0441202 -0.0373779 -0.0189264 0.094652
internal_weight=0 9121.84 7886.49 3984.11 1235.35 5362.58 1159.38 2523.91 1738.37 4203.2 3859.63 983.57 913.494 800.579 2117.75 534.218 175.814 76.9889 38.6818 36.5655 16.1249 963.214 13.7018 1583.53 718.355 112.915 134.313 2060.25 2000.88 1799.97 334.621 283.222 265.802 178.965 86.8373 1465.35 159.647 200.911 176.116 157.831 111.318 21.8139 70.076 20.4406 3.47722 1447.3 434.217 1013.08 786.725 728.744 714.354 57.9816 383.497 369.258 330.858 49.6075 28.0232 21.5843 963.425 438.381 88.0006 2.65172
internal_count=171838 161524 54156 10314 107368 48593 27042 5563 4119 21551 20581 19702 17811 14780 4757 1104 7340 3233 1505 1455 492 2266 431 3653 1660 3031 334 12562 12052 10917 1699 1363 1307 741 566 9218 638 1135 811 673 476 105 1891 963 163 9004 2772 6232 5368 4836 4703 532 2449 2362 2254 476 265 211 91830 39425 7379 218
is_linear=0
shrinkage=0.05


Tree=45
num_leaves=63
num_cat=0
split_feature=12 12 12 12 10 12 10 8 6 12 12 7 10 12 10 6 6 2 2 6 2 2 3 1 1 0 2 5 10 3 2 10 2 7 8 13 12 5 4 7 10 3 1 0 1 12 5 8 10 6 0 8 8 8 10 0 10 8 10 12 6 8
split_gain=2009.63 836.36 140.542 101.054 65.1787 68.3987 46.1111 38.0645 32.7305 31.6244 28.0748 28.37 23.9237 26.7336 52.474 23.4933 22.7714 27.9105 24.5984 22.6807 22.6758 29.1832 22.586 29.3524 32.5835 24.2276 22.0325 21.7065 21.6974 21.1338 21.5297 20.9543 21.4355 23.4134 20.8069 19.8617 46.616 59.4063 19.8154 18.726 18.7112 18.5421 21.9126 21.8532 20.8372 18.3934 18.3166 18.3147 18.2596 18.8424 18.1532 17.7682 16.8349 19.2796 37.6652 47.8624 16.6122 16.5976 16.6981 19.1851 17.385 16.1034
threshold=5.8715679782189625 8.5063941251745554 6.6592844682100312 5.1785373582693852 79.500000000000014 7.6707902545301501 47.500000000000007 4.2500000000000009 36.500000000000007 7.5175940773221432 8.8895248237472604 5.5000000000000009 58.500000000000007 8.4934806162979406 71.500000000000014 60.500000000000007 49.500000000000007 1.9950732879818596 1.4847521088435376 53.500000000000007 0.73500026455026468 0.69144580561623925 13.026418904764098 1.2000789473684212 1.2301200000000001 27.904299668585384 1.3126439229024947 1.5000000000000002 78.500000000000014 12.977266509387183 1.1710408532176959 80.500000000000014 1.9728751927437644 8.5000000000000018 11.65 1.0000000180025095e-35 8.1551521770408844 1.0000000180025095e-35 4.5000000000000009 20.500000000000004 85.500000000000014 12.995983300881896 1.6930751322751325 6.7922264150943406 1.535131336032389 6.9422842501157573 1.5000000000000002 10.050000000000002 58.500000000000007 27.500000000000004 28.206272442680781 10.15 9.7500000000000018 10.15 84.500000000000014 19.351137931034486 68.500000000000014 15.950000000000001 76.500000000000014 7.4694714165427092 60.500000000000007 6.2500000000000009
decision_type=2 2 2 2 2 2 2 2 2 2 2 2 2 2 2 2 2 2 2 2 2 2 2 2 2 2 2 2 2 2 2 2 2 2 2 2 2 2 2 2 2 2 2 2 2 2 2 2 2 2 2 2 2 2 2 2 2 2 2 2 2 2
left_child=3 2 6 -1 8 15 47 19 20 41 51 -12 26 -14 -15 27 18 -18 -8 -5 21 39 23 -22 -25 34 29 45 -9 35 -31 -29 33 -33 -26 -11 -37 -38 50 -4 -20 57 43 -43 -45 61 -28 -2 49 -36 -35 -3 -7 54 55 -54 -19 58 59 -10 -61 -6
right_child=1 10 4 7 5 52 16 28 9 12 11 -13 13 14 -16 -17 17 56 40 -21 22 -23 -24 24 25 -27 46 31 -30 30 -32 32 -34 38 48 36 37 -39 -40 -41 -42 42 -44 44 -46 -47 -48 -49 -50 -51 -52 -53 53 -55 -56 -57 -58 -59 -60 60 -62 -63
leaf_value=0.052020150338698903 0.020292011999855704 -0.047892200107882948 0.0061646256897461074 0.029030541321603362 -0.025187556433339767 -0.047715625752636402 0.0098369394613498848 0.041673035707747705 -0.0050936743278211178 -0.030804437298955718 0.13489675252144209 -0.04696867551664087 -0.017342281223519003 -0.045947612088227292 0.34158469958243998 -0.043865274007332151 0.0057873535869629334 -0.071501824465129732 0.025987342768715685 0.0014961685535541669 -0.0055795337865490293 -0.048924703455345213 0.018524447786389741 0.065755840950044289 -0.0097248337132684534 0.023000377732623426 -1.8144550472928563e-05 -0.042048359249560192 0.0038321119151490538 0.010510883422219596 0.063642210075694969 0.044886387488746841 0.062223740772726126 -0.028497335470555586 0.031826940375351241 -0.0087238367347452789 -0.043895352292760266 0.39317407492373768 0.021467158040865335 -0.051177825485653909 -0.018442539121560408 -0.047985852135048475 -0.035835954940879974 0.010364604197584443 0.057155620928659195 -0.018129556148810236 -0.039196595826138055 0.0357149528264755 0.04159273227256214 -0.024948944262698163 0.028941573889379776 -0.019153308165328356 0.2633658839278708 -0.027894857865392877 -0.028014643729623496 -0.046552103071476177 -0.0037698146408162662 0.040011638876400683 0.028663407893084771 0.016487078017529643 0.11277600923146976 0.025356335464824277
leaf_weight=2132.1884637475014 681.184579603374 75.842093909159303 199.77733318507671 395.59354011714458 21.694378226995468 113.45253658853471 906.9717503786087 1154.2523670494556 780.07403799332678 53.241642005741596 2.0430410392582408 739.27706242073327 399.36681879404932 1.9464834090322249 1.4291086271405218 30.298333393409848 541.36988063156605 19.040218457579613 467.38558342307806 92.713200584053993 322.58448156714439 32.157074999064207 681.19312682747841 28.222209517844021 175.19083435367793 220.15668028313667 68.990968642756343 16.101364346221089 39.490354023873806 212.21459376439452 20.923437054269016 40.391960956156254 23.157441673800349 60.064284624531865 25.844373433850706 12.956153877079485 1.3030289029702538 1.7006653510034082 68.692674620077014 15.22223473433405 24.760485664010048 15.496707282960413 25.964567370712757 862.78937403857708 24.43082369863987 167.73726524040103 52.805795442312956 270.71236792206764 46.887102724984288 33.357792085036635 17.666632374748588 189.27821236662567 3.0555025767534962 113.62885775323957 8.7152848849073035 1.9750778684392569 17.509768612682819 24.097755752503872 42.123718775808811 24.036243116483096 5.7978600263595572 56.296901442110538
leaf_count=6134 1445 6210 1377 967 147 5436 2164 2779 4684 1482 55 76502 12354 132 88 431 1465 75 955 249 3394 329 4679 189 1630 1706 1580 133 107 2886 267 176 148 596 138 247 73 83 588 244 76 67 128 3536 82 1784 1320 531 429 259 170 14165 63 3951 358 92 62 55 310 312 68 179
internal_value=0 0.00154295 0.0068948 0.044785 0.00192438 -0.011774 0.0156411 0.0356081 0.00423223 0.000687845 -0.0414367 -0.0464426 -0.00740701 -0.0161338 0.121789 -0.00125499 0.0112823 0.00292158 0.0147318 0.0238143 0.00946764 -0.00457079 0.0117337 0.00629858 0.013542 0.0105807 0.000869659 0.00147949 0.0404258 0.00811376 0.0153259 0.0126669 0.0169044 0.0112296 0.000837448 -0.0160988 0.0325339 0.206653 0.00188677 0.00205956 0.0237386 0.0043995 0.00932201 0.0106302 0.011665 -0.0087937 -0.0170635 0.0246867 0.0183193 -6.75618e-05 -0.015358 -0.0274084 -0.0336748 -0.0211019 0.0344865 0.142177 -0.0392891 -0.000813042 -0.0019781 -0.0035813 0.0356808 0.0112186
internal_weight=0 9090.59 8084.15 3814.24 5155.21 742.928 2928.93 1682.05 4412.28 2631.69 1006.44 741.32 826.879 402.742 3.37559 502.101 1977.04 577.92 1399.12 488.307 1780.59 247.157 1533.44 852.243 529.659 501.437 424.136 471.803 1193.74 302.34 233.138 226.074 209.973 186.816 281.28 69.2015 15.9598 3.00369 146.424 215 492.146 1804.81 928.681 902.717 887.22 245.729 121.797 951.897 106.089 59.2022 77.7309 265.12 240.827 127.375 13.7459 5.03058 36.55 876.13 852.032 809.908 29.8341 77.9913
internal_count=172321 162085 65153 10236 58380 14252 6773 4102 44128 29754 96932 76557 20512 12574 220 4352 4797 1602 3195 1216 14374 1950 12424 7745 4351 4162 7938 3921 2886 5038 3153 1811 1678 1530 2456 1885 403 156 1354 1621 1031 9242 3813 3685 3618 2110 2900 1976 826 397 766 20375 9900 4464 513 155 137 5429 5374 5064 380 326
is_linear=0
shrinkage=0.05


Tree=46
num_leaves=63
num_cat=0
split_feature=11 11 11 11 10 10 11 11 9 10 10 1 1 9 7 10 4 9 1 5 10 11 7 1 10 10 0 3 1 9 2 3 2 0 0 1 0 7 9 1 1 0 5 1 2 9 11 1 7 7 1 0 1 7 5 0 1 11 10 11 4 0
split_gain=1920.53 808.923 133.547 110.242 63.7476 42.4044 38.5147 35.8335 31.1794 30.8639 29.9908 33.45 25.0299 22.3498 21.5677 25.8926 21.3902 19.8324 19.2496 18.0516 18.0375 44.3212 26.2191 17.9217 24.496 24.4241 19.7399 23.9444 20.0289 18.2368 17.5255 16.4309 16.2757 22.6741 22.3477 15.9377 17.8049 15.9255 15.6344 15.5044 19.9552 20.8366 26.8687 22.6559 26.9838 21.5077 22.8897 15.3542 15.3173 25.0743 19.5457 17.9537 15.0985 14.9122 14.6799 14.6759 29.1827 14.6434 44.955 41.7562 29.5459 14.4969
threshold=0.45141666666666674 0.64191666666666691 0.51141666666666685 0.3970833333333334 79.500000000000014 46.500000000000007 0.59441666666666682 0.69058333333333355 79.500000000000014 64.500000000000014 31.500000000000004 0.63164132553606256 1.7853571428571431 82.500000000000014 2.5000000000000004 96.500000000000014 2.5000000000000004 47.500000000000007 1.4220750000000002 3.5000000000000004 76.500000000000014 0.57591666666666685 11.500000000000002 0.92170949308755767 46.500000000000007 76.500000000000014 18.960900000000006 13.256184881179701 1.4062890000000003 56.500000000000007 1.3817591719391722 12.906620650216407 1.5000172438672441 18.246000000000006 23.81456835637481 0.90003636363636386 17.974411764705888 5.5000000000000009 65.500000000000014 2.2489022727272734 1.3605451857666144 28.375905429767499 3.5000000000000004 1.3603062057531565 1.4236231493506495 67.500000000000014 0.57958333333333356 1.6930751322751325 17.500000000000004 16.500000000000004 1.0714369420950776 10.426800000000002 0.72568260478034929 14.500000000000002 1.5000000000000002 15.286400000000002 1.5840669077032714 0.6375833333333335 57.500000000000007 0.63975000000000015 3.5000000000000004 27.108880555555558
decision_type=2 2 2 2 2 2 2 2 2 2 2 2 2 2 2 2 2 2 2 2 2 2 2 2 2 2 2 2 2 2 2 2 2 2 2 2 2 2 2 2 2 2 2 2 2 2 2 2 2 2 2 2 2 2 2 2 2 2 2 2 2 2
left_child=3 2 5 -1 13 -2 8 10 12 -5 11 -3 16 23 -7 32 35 30 -19 -20 57 22 -22 25 31 -4 27 -26 48 -27 -18 -25 34 -34 -16 36 -6 -12 -36 40 41 42 61 44 -43 -45 -47 -33 49 50 51 -29 -38 -40 -50 56 -30 -15 59 60 -59 -28
right_child=1 7 4 9 6 14 -8 -9 -10 -11 37 -13 -14 20 15 -17 17 18 19 -21 21 -23 -24 24 26 29 39 28 55 -31 -32 47 33 -35 38 -37 52 -39 53 -41 -42 43 -44 45 -46 46 -48 -49 54 -51 -52 -53 -54 -55 -56 -57 -58 58 -60 -61 -62 -63
leaf_value=0.05182696847221771 0.024092745947704358 0.24127365076984161 0.0028572414343595257 0.037921358102503334 -0.027642766449062453 0.04782933837493037 -0.032440944022501111 -0.047303425889121273 -0.045357385930062936 0.020890365461331425 0.08589611390767532 0.0079574253231515287 0.030215862791989897 -0.0081375786970040286 0.011706158223127257 -0.038314258441554228 -0.060841722616579698 0.010317531200367753 -0.039227287825567933 0.038083803645711213 0.031983303072261694 -0.03339328575311571 0.1793057458016252 0.011465197962906641 -0.018990333961297189 0.0090777242757266903 0.0021345254652933867 0.061251443114453678 -0.061867922363229258 -0.045438672796300129 0.010937436851290804 0.034999710411310343 -0.018200182205866718 0.021056125682630492 0.0045985761700577275 -0.055158292218946338 -0.023215731114674856 -0.031184526115660721 -0.010179568124643476 -0.013352898822392141 0.017243185292084372 -0.0028288312848300193 0.037598785678348366 -0.011959370584689589 -0.047672937772559452 0.072981347576146591 -0.027564709862020132 -0.016636089544704979 0.022880992977960042 0.10198768371541232 0.040784568047965916 -0.035496615716199852 0.081387813227065883 -0.059845486988495455 -0.057695139043179133 -0.073142854574173813 0.06077720499501385 0.060654206082293195 -0.049578185399638791 0.00026425373891396923 0.33884217834908942 0.039780259004791832
leaf_weight=2057.2330287843943 917.81748252362013 1.9333920255303363 1550.4357480769977 1316.5633478760719 41.036343580111861 39.365650087594986 177.12409039214253 634.28182394616306 44.433981096372008 335.78492151945829 2.8095325678586951 6.5141456108540297 54.585540914908051 549.42508863657713 1113.2568355202675 26.70304998755455 23.102710615843534 240.57036527246237 38.918440850451589 9.2147966977208835 6.4659433066844958 11.281102534383534 5.8293971158564091 323.10368872247636 162.68793930578977 22.638426692225039 376.88455232325941 6.0783135900273946 9.5298064919188636 46.420643533580005 13.214424282312391 162.22713008150458 39.333002969622612 526.58256615698338 222.97129885107279 32.90489349886775 5.7901681866496792 409.7722731679678 93.24200090020895 77.857921823859215 499.15296193119138 86.114830055274069 73.380869436077774 32.538660854101181 55.137945936061442 21.701370753347877 7.5005988758057347 15.602306243032215 11.481711422093214 10.567545043304561 41.874218378216028 21.072938188910484 8.1021805144846422 18.058454558253288 10.862140951678155 10.612167114391925 9.6722203409299237 1.6862639002501945 6.9847419923171401 3.7444592192769051 2.4518555086106062 27.374038996174932
leaf_count=6173 1893 66 13522 3274 496 67 7235 69011 847 853 99 281 348 8815 2675 106 161 2229 320 50 54 485 51 1477 1544 176 3169 41 114 849 59 659 110 1128 546 340 66 33954 259 669 3546 828 565 196 603 73 140 87 169 96 231 174 60 70 185 84 55 72 388 152 65 211
internal_value=0 0.00134446 0.00680713 0.0440959 0.00176178 0.0151363 -0.0123458 -0.0397826 -0.00537755 0.0344649 -0.0284319 0.0641396 -0.00155756 0.0040447 0.0111799 0.010468 -0.00577689 0.000126759 0.00452653 -0.0242746 -0.00500178 0.037722 0.103117 0.00549425 0.00859689 0.00155769 0.00548882 -0.0061537 0.00966161 -0.0275079 -0.0346284 0.0182139 0.0111193 0.0183161 0.0083012 -0.027655 -0.0110181 -0.0303545 -0.0030238 0.00821881 0.00964764 0.00406827 0.00977604 -0.00933558 -0.0203904 0.0158674 0.0469793 0.0304344 0.0202305 0.0305136 0.0193671 -0.013509 0.0375786 -0.0183292 -0.0161497 -0.026254 0 -0.00680203 0.0419439 0.123273 0.230768 0.00470525
internal_weight=0 9002.02 7946.71 3709.58 4949.38 2997.33 688.998 1055.31 511.874 1652.35 421.029 8.44754 467.44 4260.38 2079.51 2040.15 412.854 325.021 288.704 48.1332 587.869 23.5764 12.2953 3672.51 2053.02 1619.49 1552.08 294.439 131.751 69.0591 36.3171 500.933 2013.44 565.916 1447.53 87.8336 54.9287 412.582 334.272 1257.64 1179.79 680.633 477.639 202.993 141.253 61.7406 29.202 177.829 101.937 79.593 69.0255 27.1513 13.8923 111.3 22.3439 29.8142 19.202 564.292 14.8673 7.88258 4.13812 404.259
internal_count=172321 162021 58610 10300 51756 6854 12211 103411 4976 4127 34400 347 4129 39545 4961 4894 3781 2819 2599 370 10082 590 105 29463 14916 14547 12693 2693 1149 1025 220 2223 4788 1238 3550 962 622 34053 875 10000 9331 5785 3945 1840 1431 409 213 746 896 542 446 215 126 329 354 253 169 9492 677 289 137 3380
is_linear=0
shrinkage=0.05


Tree=47
num_leaves=63
num_cat=0
split_feature=11 11 11 11 10 8 8 12 11 10 9 8 12 5 10 8 12 8 2 3 7 10 8 0 10 9 9 5 9 10 11 2 3 8 0 12 11 0 2 5 10 8 0 12 0 11 9 8 9 12 0 9 7 0 9 8 10 8 9 9 2 9
split_gain=1816.05 755.634 121.733 112.577 58.0264 49.2923 48.1758 43.1967 36.3237 28.6355 27.4662 27.0925 45.7619 38.6436 24.4923 23.4422 25.3729 23.3785 22.9718 32.4794 23.34 22.1572 21.8684 21.808 21.4032 20.3547 19.6067 19.2211 19.1947 18.7959 16.4262 16.3894 21.4252 15.5393 43.3772 15.4708 14.9177 24.8988 25.2418 17.9778 20.2126 20.0448 20.1252 43.6276 39.774 20.1145 19.0268 18.423 25.5888 18.0482 46.7093 19.0214 16.92 19.9227 17.0073 16.2179 15.7876 16.2335 15.0369 35.2719 34.1923 21.1828
threshold=0.45141666666666674 0.64191666666666691 0.51141666666666685 0.3970833333333334 79.500000000000014 10.050000000000002 4.2500000000000009 7.6707902545301501 0.69058333333333355 96.500000000000014 79.500000000000014 15.450000000000001 9.3306340847291036 1.5000000000000002 70.500000000000014 15.550000000000002 8.2869027626632015 9.7500000000000018 1.5000172438672441 12.916747385498736 21.500000000000004 78.500000000000014 10.250000000000002 20.598810296010299 84.500000000000014 98.500000000000014 55.500000000000007 1.5000000000000002 66.500000000000014 80.500000000000014 0.49241666666666678 1.7875136363636368 12.883457341899176 19.650000000000002 28.558364285714291 6.4782401807589185 0.58475000000000021 9.7681397154655603 2.3257191991341997 1.0000000180025095e-35 52.500000000000007 14.450000000000001 14.220675000000002 8.2869027626632015 15.286400000000002 0.58791666666666687 73.500000000000014 10.15 71.500000000000014 8.3141681012867021 19.055752380952384 78.500000000000014 14.500000000000002 21.669600000000006 93.500000000000014 16.850000000000005 39.500000000000007 11.850000000000003 84.500000000000014 81.500000000000014 0.61354081232493007 68.500000000000014
decision_type=2 2 2 2 2 2 2 2 2 2 2 2 2 2 2 2 2 2 2 2 2 2 2 2 2 2 2 2 2 2 2 2 2 2 2 2 2 2 2 2 2 2 2 2 2 2 2 2 2 2 2 2 2 2 2 2 2 2 2 2 2 2
left_child=3 2 5 -1 25 9 -5 10 11 18 26 -3 14 -14 33 -16 -17 -9 19 -2 -21 -8 24 35 28 36 -6 -28 -19 -29 -7 -27 -33 -13 -35 -20 55 -38 39 49 41 42 45 46 -45 -41 47 -44 56 51 58 -39 53 -48 -54 -4 -49 -58 59 60 61 -51
right_child=1 8 4 6 7 30 21 17 -10 -11 -12 12 13 -15 15 16 -18 22 23 20 -22 -23 -24 -25 -26 31 27 29 -30 -31 -32 32 -34 34 -36 -37 37 38 -40 40 -42 -43 43 44 -46 -47 52 48 -50 50 -52 -53 54 -55 -56 -57 57 -59 -60 -61 -62 -63
leaf_value=0.051422081403931112 -0.0004895853242628445 -0.032724482379054419 0.005567895809773067 0.020043705659601205 -0.017213310890044808 0.035618039049979858 0.040402729972122381 -0.049115432606371495 -0.047131043818473273 -0.041425777659231583 -0.04402204447402977 -0.038488444243453726 -0.038876933931852653 0.39648545344550123 0.24718264759494307 0.22947448393027728 0.0067701178053852229 0.19982105607983769 0.010360751703361509 0.015109334731769598 -0.031420450217251039 0.0011608282900495797 -0.024178020559670808 0.023336942222127007 -0.0070032278145325706 -0.034590399606116144 -0.005771452449981204 -0.044187808282493309 0.017056721433442289 0.02346959994047762 0.018300183209868814 -0.025530089513639893 0.11602000249285638 -0.046545230218265045 0.35309638304030039 -0.032381277905506774 -0.03420500048166477 0.014350310634465539 -0.038695215337921696 0.098390269371583919 -0.010830572078566766 -0.022340872658480934 -0.030370128279521361 0.25432727330885901 0.011213730152191098 -0.053032837308436422 0.079359550565407055 -0.030972107683350483 0.13711283336196911 0.18687453494765682 0.24579786998378786 -0.011745998388957717 -0.034625227671686319 -0.011487949462006505 0.095264787182293018 0.040661267962511433 0.098071876868080332 0.0263440018763294 -0.049255712595866315 0.19966182371053079 -0.016530679926477544 0.01127153158776097
leaf_weight=1971.9214559644461 606.00521064549685 357.0719519611448 3165.5479288008064 467.87323873490095 121.55367828160524 307.7160990908742 1106.4447046816349 96.18866531085223 605.49965673964471 25.276667378842831 38.688688533380628 31.158321002498269 0.76434238534420673 1.2402315856888888 1.2421514801681066 1.317534266039728 13.767270567826925 3.038237980566918 78.324289306998253 1066.2440158426762 27.491774812340736 37.457431688904762 91.188688590191305 590.86781499534845 9.0156398126855475 55.602353679016232 160.79862532392144 10.895244793966411 2.8064672499895096 147.30086009763181 250.41975066065788 6.4009611941874009 4.4089114768430591 2.0677914023399349 0.88643254525959481 28.887941166758537 53.527014738880098 256.5622605746612 38.653321119956672 2.446000516414645 336.86287155002356 38.138804219663143 8.4304615817964059 3.7596815247088662 3.0785906314849854 15.247362160123883 10.988985288888218 7.4956163540482512 7.0205794777721158 4.0527525469660821 2.5814230497926465 95.637435371056199 32.105410695075989 13.018335921689866 2.6211924739181987 33.219880893826485 11.261420564725993 27.221520870923996 5.1392793320119372 3.0823520096018902 16.93079452868551 3.0599034009501338
leaf_count=6173 1557 30943 15914 1210 795 629 2811 4638 69011 104 717 2007 79 83 82 34 1000 44 177 2463 87 106 2763 1239 332 1372 1522 95 101 1204 508 138 69 138 34 90 1652 4186 889 19 8746 409 129 77 112 365 98 79 71 80 76 2592 758 176 84 72 89 235 256 116 566 120
internal_value=0 0.00127762 0.00647947 0.0434041 0.00166747 0.0144601 0.0335888 -0.0118773 -0.0393382 0.0113701 -0.00368562 -0.0277949 0.00567197 0.234147 -0.00375451 0.0463219 0.0279339 -0.0312528 0.0119305 0.00878792 0.0139324 0.0391223 -0.0149729 0.0195727 0.0409631 0.00383355 -0.000122769 0.00637731 0.114667 0.0187534 0.0278616 -0.0235989 0.0322785 -0.0279336 0.0793673 -0.00112878 0.0042693 -0.00106023 0.000814511 0.00250836 -0.00356007 0.00980675 0.0183243 0.025308 0.147337 -0.0313832 0.0182052 0.0376403 0.0485896 0.0106683 0.0449701 0.00724852 -0.00206635 0.0300454 -0.0244321 0.00593517 0.034696 0.0476634 0.0280382 0.0429932 0.0219575 0.113226
internal_weight=0 8941.83 7926.81 3583.7 4945.58 2981.23 1611.78 681.475 1015.02 2423.1 479.237 409.516 52.4441 2.00457 50.4395 16.327 15.0848 202.238 2397.82 1699.74 1093.74 1143.9 106.049 698.08 14.8603 4264.1 440.548 318.995 5.84471 158.196 558.136 66.4122 10.8099 34.1125 2.95422 107.212 4197.69 998.923 945.396 906.743 519.697 182.834 144.695 127.002 6.83827 17.6934 120.164 61.4296 52.9991 387.046 34.8465 352.2 58.7339 24.0073 34.7266 3198.77 45.9786 38.4829 32.2651 27.1258 24.0435 7.11266
internal_count=172321 162021 58610 10300 51756 6854 4127 12211 103411 5717 4333 34400 3457 162 3295 1116 1034 7878 5613 4107 2550 2917 3240 1506 477 39545 3616 2821 145 1299 1137 1579 207 2179 172 267 37966 21980 20328 19439 11447 2701 2292 1908 189 384 1719 603 474 7992 1214 6778 1116 274 842 15986 403 324 1138 882 766 200
is_linear=0
shrinkage=0.05


Tree=48
num_leaves=63
num_cat=0
split_feature=11 11 11 11 10 8 12 8 6 10 9 11 4 9 0 6 2 10 8 6 4 2 2 7 9 9 9 5 8 2 6 12 11 10 8 10 2 11 2 10 0 12 10 8 6 0 7 4 11 0 0 3 6 2 9 2 0 7 2 12 5 4
split_gain=1716.79 707.674 120.804 114.715 60.1493 46.828 46.4688 46.0531 44.2016 26.0335 25.8509 23.3902 23.1831 22.6411 22.6304 21.7704 26.2427 21.2666 20.7501 19.7696 21.9895 19.1459 27.2195 23.0704 20.2302 18.9106 28.7004 28.3681 25.9314 30.7162 30.4877 46.072 25.9913 23.9146 18.7994 17.8776 22.3713 20.7254 20.0063 17.1375 19.8963 16.6013 16.5306 16.2665 20.9104 35.1979 15.9655 17.9644 15.7806 15.6657 26.3738 24.3135 22.3361 17.367 15.31 16.0388 23.0457 22.1845 15.4764 15.2655 22.7323 19.2425
threshold=0.45141666666666674 0.65341666666666687 0.51141666666666685 0.3970833333333334 79.500000000000014 4.2500000000000009 7.6707902545301501 10.050000000000002 36.500000000000007 96.500000000000014 79.500000000000014 0.58958333333333346 5.5000000000000009 95.500000000000014 10.159996658312449 38.500000000000007 1.4580860628904109 78.500000000000014 9.7500000000000018 60.500000000000007 2.5000000000000004 0.73500026455026468 0.70964368471035144 20.500000000000004 87.500000000000014 60.500000000000007 47.500000000000007 1.0000000180025095e-35 16.750000000000004 1.6676751260504206 46.500000000000007 8.1402320704348394 0.59741666666666682 57.500000000000007 4.8500000000000005 37.500000000000007 2.0235902236652241 0.68558333333333354 0.38326429525935507 50.500000000000007 9.7681397154655603 6.4782401807589185 69.500000000000014 10.250000000000002 44.500000000000007 19.351137931034486 5.5000000000000009 3.5000000000000004 0.49241666666666678 28.558364285714291 20.003476207982278 13.327784847474403 28.500000000000004 2.2099444444444445 50.500000000000007 0.93236226820357782 18.960900000000006 21.500000000000004 1.0591334066960119 7.9147380664574873 1.5000000000000002 1.5000000000000002
decision_type=2 2 2 2 2 2 2 2 2 2 2 2 2 2 2 2 2 2 2 2 2 2 2 2 2 2 2 2 2 2 2 2 2 2 2 2 2 2 2 2 2 2 2 2 2 2 2 2 2 2 2 2 2 2 2 2 2 2 2 2 2 2
left_child=3 2 7 -1 8 -5 10 9 21 15 19 54 13 14 -13 16 34 -7 -8 20 -6 22 23 -4 39 26 -16 28 29 30 33 32 -32 -28 -2 36 38 -38 -3 -23 -41 -18 -17 44 -20 -46 47 -37 -9 50 51 -22 -52 -54 55 56 -10 58 -57 61 -61 -56
right_child=1 35 4 5 6 17 18 48 11 -11 -12 12 -14 -15 25 42 41 -19 43 -21 49 24 -24 -25 -26 -27 27 -29 -30 -31 31 -33 -34 -35 -36 46 37 -39 -40 40 -42 -43 -44 -45 45 -47 -48 -49 -50 -51 52 -53 53 -55 59 57 -58 -59 -60 60 -62 -63
leaf_value=0.051025631144386768 -0.0042679322685606862 0.26509044563693973 0.0054234484445893228 0.019311926249376558 -0.021652857750503331 0.039585314479485968 -0.047266982251207394 0.034598236932631247 0.017557468070380566 -0.039727938527598955 -0.043439711885864658 -0.044599267937260441 -0.028785187283386107 -0.050929593613644311 -0.053821037646811287 0.010137784874866565 0.03051059018964393 0.0011038223473872168 -0.027526727721496804 -0.041866823201935743 -0.017504434250040918 0.020685331868761023 -0.068253707094557303 -0.056894177828917925 -0.008462960911458756 -0.0038022765849587224 0.10614169349888658 0.005128666455729263 -0.055955284831921775 -0.051149564277371246 0.19291420416347024 0.30560734459088351 0.021652167760874464 -0.050669583582584936 0.015390443802983409 0.17782726999878365 0.31186480255542642 -0.036841345901079244 -0.022573603392231412 -0.042943203243710371 0.010067582972450844 -0.00051464409638057927 -0.0031342512026702133 -0.024288364657159923 0.15676371707200154 -0.048172666023424182 -0.043686572935110295 -0.046000096400269599 0.017508986669002493 -0.011614572968307091 -0.01771153758681273 0.030604204819956366 0.030382838474114118 0.089732092205726657 -0.016075055934526777 -0.03402533299226064 0.082388141920360244 -0.053279889909602564 0.016802882129895308 0.067499819221330373 -0.016244936093673657 0.0012208229742295977
leaf_weight=1889.9573948606849 161.2173814624548 0.52941232919693249 181.07613034080714 461.49161802977324 76.321600018069148 1073.6685128286481 105.19173166994005 301.11972253769636 64.481417732313275 25.049211390316486 37.284069575369358 28.643873362801969 125.2990201311186 24.681503773666918 9.9674786487594229 1031.743016295135 355.3687327131629 37.428239651024342 8.5161521788686532 26.561275003477931 85.855026729404926 474.35934359673411 15.520456075668333 16.076845858246088 119.89949030335993 325.3978973980993 5.8940363433212131 33.195829714648426 3.3526601847261182 3.2793372021988025 3.9024314470589143 3.8043048335239282 5.1963086724281311 3.9625490671023726 490.05650332570076 1.6396810058504336 0.99454751983284839 0.62780097592622042 14.429617405869065 17.901447480544448 962.70182136259973 48.705870866775513 302.92892327159643 106.95018417015672 5.5744526535272581 3.2125371554866433 828.46912079583853 1.729846656322479 248.6983430236578 77.711527049541473 21.330624483525753 37.693327698856592 101.16525536216795 14.126267064362763 179.2636054251343 16.973941586911678 17.460298426449299 15.076578510925172 119.43737288191915 19.843973053619266 13.459190983325241 1552.8604038711637
leaf_count=6173 432 19 1788 1210 676 2811 5695 629 234 104 717 1173 4084 1241 187 2393 689 106 337 367 724 2180 211 391 2083 10472 44 687 49 80 29 87 93 100 1075 39 40 62 1280 230 7802 120 904 3888 127 160 94062 65 508 643 132 241 752 81 1188 74 53 99 365 222 185 9629
internal_value=0 0.00121282 0.00579909 0.0427181 0.00110994 0.0327281 -0.0124111 0.0138163 0.00330388 0.0108387 -0.00351966 -0.000887149 -0.00975954 -0.00446072 -0.00174915 0.0113724 0.0167423 0.0382937 -0.030905 -0.000122411 0.00255189 0.0093447 -0.00471827 0.00029014 0.0112472 0.00133298 0.0244062 0.0370102 0.0727091 0.0896173 0.110254 0.160731 0.0969483 0.0427224 0.0105166 -0.0422132 0.00889633 0.179718 -0.0103682 0.0128753 0.00909046 0.0267593 0.00712169 -0.0169861 0.0277421 0.0815771 -0.043239 0.0634639 0.026882 0.0080389 0.0139307 -0.00277367 0.0290641 0.0377695 0.00166998 0.0137013 0.0315162 0.0040176 0.0104213 7.56466e-05 0.0335581 -0.000567127
internal_weight=0 8883.77 8035.35 3462.55 5070.46 1572.59 707.494 2964.89 4362.97 2415.07 478.049 2575.43 576.577 451.278 426.597 2390.02 1055.35 1111.1 229.445 440.765 414.204 1787.54 212.673 197.153 1574.86 397.953 72.5549 62.5875 29.3916 26.039 22.7596 12.903 9.09874 9.85659 651.274 848.42 16.5814 1.62235 14.959 1454.96 980.603 404.075 1334.67 124.253 17.3031 8.78699 831.839 3.36953 549.818 337.882 260.171 123.548 136.622 115.292 1998.86 233.43 81.9417 151.488 136.411 1765.43 33.3032 1732.12
internal_count=172321 162021 66454 10300 59600 4127 14540 6854 45060 5717 4333 30375 18326 14242 13001 5613 2316 2917 10207 3616 3249 14685 2390 2179 12295 11828 1356 1169 482 433 353 209 122 144 1507 95567 1401 102 1299 10212 8032 809 3297 4512 624 287 94166 104 1137 2573 1930 965 965 833 12049 825 287 538 439 11224 407 10817
is_linear=0
shrinkage=0.05


Tree=49
num_leaves=63
num_cat=0
split_feature=11 11 11 11 10 8 8 11 6 9 11 4 9 0 6 1 10 7 9 1 9 0 1 2 5 11 1 10 7 4 8 11 10 7 5 6 4 11 1 8 9 9 8 11 4 2 11 11 0 8 1 10 9 14 2 6 10 11 10 2 10 6
split_gain=1621.97 663.332 116.717 110.383 52.3431 45.4787 45.4702 41.0631 36.2265 28.9129 27.7171 29.1332 25.043 22.5136 21.9403 32.7335 20.3996 18.6782 23.4611 22.7136 23.7939 22.7569 18.6294 21.6755 17.8823 17.6595 17.1284 16.7959 16.7757 16.702 24.1961 16.5592 22.2282 16.3689 15.9313 15.7084 15.5362 24.2547 18.3325 16.581 15.5074 20.4084 38.5161 33.9922 65.5863 29.7793 64.0055 33.5615 18.8009 36.41 19.1072 25.1273 16.9767 16.1988 21.8481 34.4753 23.55 26.9715 44.6784 23.759 23.51 50.695
threshold=0.45141666666666674 0.65341666666666687 0.3970833333333334 0.50741666666666685 79.500000000000014 10.050000000000002 4.2500000000000009 0.59441666666666682 35.500000000000007 78.500000000000014 0.58475000000000021 5.5000000000000009 95.500000000000014 10.159996658312449 40.500000000000007 1.269809027777778 78.500000000000014 9.5000000000000018 69.500000000000014 1.8113692307692311 70.500000000000014 28.101727874421602 0.56019503236979451 0.66391209887463776 1.5000000000000002 0.70558333333333356 1.8718231582231584 95.500000000000014 16.500000000000004 2.5000000000000004 11.350000000000003 0.59125000000000016 84.500000000000014 5.5000000000000009 3.5000000000000004 30.500000000000004 2.5000000000000004 0.53008333333333346 1.6422080623973729 15.750000000000002 47.500000000000007 68.500000000000014 7.4500000000000011 0.64825000000000021 3.5000000000000004 0.57691545401493938 0.61758333333333348 0.62258333333333349 25.384564285714287 14.350000000000003 1.0025793927790299 57.500000000000007 62.500000000000007 1.0000000180025095e-35 1.5565801985549299 54.500000000000007 58.500000000000007 0.65041666666666687 71.500000000000014 1.2580999052844735 54.500000000000007 49.500000000000007
decision_type=2 2 2 2 2 2 2 2 2 2 2 2 2 2 2 2 2 2 2 2 2 2 2 2 2 2 2 2 2 2 2 2 2 2 2 2 2 2 2 2 2 2 2 2 2 2 2 2 2 2 2 2 2 2 2 2 2 2 2 2 2 2
left_child=2 3 -1 5 8 14 -4 9 22 17 -10 12 13 -12 15 28 -8 18 27 29 21 -21 23 35 -20 33 34 -6 -2 -19 31 -31 -33 -3 40 -5 37 -24 39 -39 -15 42 -42 45 -45 46 -44 48 -47 50 52 -52 -50 54 56 -56 59 -58 -59 60 -43 -62
right_child=1 25 6 4 7 -7 16 -9 10 -11 11 -13 -14 26 -16 -17 -18 19 24 20 -22 -23 36 -25 -26 -27 -28 -29 -30 30 -32 32 -34 -35 -36 -37 -38 38 -40 -41 41 53 43 44 -46 47 -48 -49 49 -51 51 -53 -54 -55 55 -57 57 58 -60 -61 61 -63
leaf_value=0.050636397387543414 0.012834571259246051 0.083861971935419957 0.018599127261674162 0.016138899023862289 0.039396274612868376 0.027894740946222352 0.03877381184769628 -0.030797956666314394 0.0026056765005831434 -0.041469428110930885 -0.040528349099429539 -0.029058391650747747 -0.051054051809244619 -0.054574566704426786 0.0058276839911360241 0.026806331276668639 0.0010495747158898523 -0.032522265030913114 -0.060391514506554361 0.034658460577162591 0.10387583173079627 -0.062203047084549691 -0.0056580882011486398 -0.057054931467010905 0.014020714159248857 -0.048241761668729101 -0.037951863519708813 -0.019676283252416004 -0.007029789051336075 -0.0017784210046830344 -0.052280371998254221 0.20366638756671807 0.0028054106600568429 -0.034259274783875006 -0.019811171751503265 -0.018096035902436525 0.00810731443969606 0.028958294826990985 -0.013860136075290217 0.095119492098611536 0.19543893836303231 0.019783750756883038 -0.013585569639535014 -0.045355335026028488 0.37818229391607505 0.0052994265554405385 0.25835544139183675 -0.042888459498119806 0.18810513290988182 -0.037155028065899938 0.096235168448239011 -0.012079467741974522 0.059035583795153813 -0.01447125097224904 0.095426453139472511 -0.050299715288921291 -0.03023379372481216 -0.042036100836596153 0.44398058190917961 -0.037976273902165514 0.007973202339306441 0.21951288701989782
leaf_weight=1811.2554203048348 558.45617087185383 2.8419118355959645 455.3816742002964 69.046294696629047 74.789906192570925 470.27050466090441 1042.141756221652 194.11611524689943 2175.6332218833268 46.735353311523795 33.74863319657743 142.5568562252447 26.339490232989192 9.624001441523431 1119.3101567551494 418.13458780944347 37.400490127503872 67.17267242167145 14.65709178894758 23.148031190037731 8.4117177929729205 8.0871215499937517 69.836014807224274 19.257657653652132 17.587918154895306 466.20145181566477 25.664150431752205 14.151246823370455 130.84355260431767 230.60857775807381 23.985383132472634 2.2199695631861678 3.524673230946064 344.893460534513 60.704503562301397 64.895006645470858 1252.3672035038471 221.53653785865754 24.015093008056283 9.8972185738384706 3.111499758437275 34.609865675680339 4.8595280945301038 1.7195916613563889 1.7640052456408737 64.821277443319559 3.7407905189320445 24.192207627929747 5.634366216138007 9.4320567585527879 11.358834130689504 9.876654524356125 5.0820974558591843 104.55681960098445 15.804285963065924 5.3285116171464315 46.925457471981645 1.0626390790566791 0.70868692826479662 11.980524661950765 6.433764858171342 5.0440075593069196
leaf_count=6173 1256 82 1210 676 250 986 2811 9564 11802 946 1316 4501 1334 167 2745 840 106 848 130 142 66 67 202 264 102 58433 763 76 342 2136 193 34 96 37052 1874 779 9396 1947 245 62 75 780 69 105 83 922 66 998 58 91 78 195 73 3484 378 195 1934 80 46 290 171 136
internal_value=0 0.00115157 0.0420342 0.00552264 0.00133919 0.0137607 0.0318774 -0.0111011 0.00331976 -0.00394169 -0.000141404 -0.00898011 -0.00360749 -0.00112698 0.0107723 0.0157644 0.0374717 -0.000332231 0.0166694 -0.0059605 0.0297039 0.00930192 0.00902607 -0.00759729 -0.0197312 -0.0418503 0.00167556 0.0299297 0.00905617 -0.0103009 -0.00453781 0.000306071 0.0834385 -0.0332557 0.00396286 -0.000411865 0.0106438 0.0203888 0.0275286 0.0318491 0.00770262 0.00931525 0.0239876 0.0200739 0.172287 0.016102 0.105733 0.0100757 0.0222162 0.0485165 0.0739993 0.045803 0.12847 9.77035e-05 0.0120489 0.0583831 0.00278482 -0.02278 0.163076 0.0243121 0.0406594 0.102461
internal_weight=0 8823.32 3346.18 8009.38 5312.37 2697.01 1534.92 729.196 4583.17 535.08 2852.32 676.685 534.128 507.789 2226.74 1107.43 1079.54 488.344 121.186 367.158 39.6469 31.2352 1730.85 153.199 32.245 813.937 474.04 88.9412 689.3 327.511 260.339 236.353 5.74464 347.735 448.376 133.941 1577.65 325.285 255.449 231.434 387.671 378.047 145.593 142.481 3.4836 138.998 8.60032 130.397 106.205 41.384 31.952 21.2355 10.7165 232.455 127.898 21.1328 106.765 48.6968 1.77133 58.0682 46.0876 11.4778
internal_count=172321 162021 10300 66454 60285 6169 4127 14650 45635 5086 32064 20262 15761 14427 5183 2438 2917 4140 558 3582 275 209 13571 1719 232 95567 13111 326 1598 3307 2459 2266 130 37134 12348 1455 11852 2456 2254 2009 10474 10307 2813 2738 188 2550 135 2415 1417 495 404 273 131 7494 4010 573 3437 2060 126 1377 1087 307
is_linear=0
shrinkage=0.05


Tree=50
num_leaves=63
num_cat=0
split_feature=11 11 11 11 8 11 10 8 10 5 8 7 6 10 10 7 6 9 9 6 8 9 2 2 8 8 9 14 2 7 2 9 2 7 7 10 4 9 0 10 11 7 8 11 7 6 5 0 0 6 6 9 8 2 2 8 2 9 8 7 0 2
split_gain=1511.27 620.885 115.452 104.188 61.5635 58.4598 57.8991 35.2186 27.2311 24.8172 31.9112 22.3583 21.8011 35.307 21.1468 44.7762 27.1777 21.4429 38.2121 28.3353 24.1174 21.1061 30.1658 41.7114 20.1401 21.2984 19.6872 18.4597 25.5564 29.3256 22.9988 26.4522 40.2561 22.5918 32.7088 36.0721 44.3493 51.0249 59.5364 31.2854 35.3339 25.2847 20.2825 20.2415 20.5877 19.9751 19.7694 22.3567 57.2483 22.1471 18.0117 17.6425 17.3432 17.3405 18.5188 16.7212 16.5699 16.5291 33.0582 22.7549 16.3844 31.064
threshold=0.45141666666666674 0.65458333333333352 0.40675000000000011 0.49775000000000008 8.3500000000000032 0.59591666666666687 75.500000000000014 6.4500000000000011 37.500000000000007 2.5000000000000004 15.050000000000002 2.5000000000000004 51.500000000000007 85.500000000000014 71.500000000000014 13.500000000000002 48.500000000000007 78.500000000000014 67.500000000000014 38.500000000000007 16.050000000000004 80.500000000000014 0.92306605975723632 0.81200665931168581 9.8500000000000032 13.250000000000002 82.500000000000014 1.0000000180025095e-35 1.5481927600441889 25.500000000000004 2.2844994047619052 89.500000000000014 1.8280225563909775 17.500000000000004 22.500000000000004 61.500000000000007 1.5000000000000002 89.500000000000014 24.732333797155231 53.500000000000007 0.6375833333333335 20.500000000000004 8.9500000000000011 0.6249166666666669 9.5000000000000018 39.500000000000007 1.5000000000000002 21.771353741496601 19.536171930171935 28.500000000000004 43.500000000000007 55.500000000000007 13.050000000000002 0.99951466192135574 1.2262672310405647 2.2500000000000004 2.0235902236652241 81.500000000000014 8.6500000000000004 12.500000000000002 15.005700000000003 1.221823221634333
decision_type=2 2 2 2 2 2 2 2 2 2 2 2 2 2 2 2 2 2 2 2 2 2 2 2 2 2 2 2 2 2 2 2 2 2 2 2 2 2 2 2 2 2 2 2 2 2 2 2 2 2 2 2 2 2 2 2 2 2 2 2 2 2
left_child=2 3 -1 4 12 11 9 50 21 10 27 -5 13 -2 16 -16 17 18 -12 20 -20 22 23 -3 -11 -26 -18 33 52 30 31 57 42 43 35 36 -35 39 -39 41 53 -38 -33 44 -7 46 47 48 49 -45 -4 -37 -29 -41 -55 -14 -23 58 -30 -60 61 -13
right_child=1 8 7 5 -6 6 -8 -9 -10 24 14 60 55 -15 15 -17 26 -19 19 -21 -22 56 -24 -25 25 -27 -28 28 29 -31 -32 32 -34 34 -36 51 37 38 -40 40 -42 -43 -44 45 -46 -47 -48 -49 -50 -51 -52 -53 -54 54 -56 -57 -58 -59 59 -61 -62 -63
leaf_value=0.049286544119901937 0.014697492685342812 0.049058351449751285 0.029215372957274444 0.043810676710468704 0.026936788478252306 0.061852051835321255 -0.029309035606354006 0.039553325693400712 -0.042712901485247472 -0.038925744355772125 0.01800711880322722 0.001896928816495712 -0.038906947250617337 -0.026905720759907277 -0.00070801327346700811 0.25022642826979524 -0.042751591886090907 -0.055417726676754431 0.11757870864725076 0.19006684541121455 -0.0070123672032161152 -0.049271436554597821 -0.0017805308627674703 0.42878091931704793 0.0078344716163210246 -0.025216649499441975 0.10712848837825564 -0.030241800850339957 0.16354159169552945 0.18009522951198076 -0.052361790910242158 0.039703654986279382 -0.048561475845904443 -0.016684831920183128 -0.030480889610717529 0.089684712578011194 -0.0055731530142900674 0.074782597340263574 0.54512305882780432 0.0058111117210638361 0.33235822113150393 0.10686369523141603 0.23614465256003137 0.17200466527364178 -0.029378929043945075 -0.013192473495064827 -0.048759384849190235 -0.0046538322315149133 0.33340981910689305 -0.0074563240058535237 0.013203227416419714 -0.022895443436250652 0.0053462628708232695 0.2545857112754783 0.080172480911517546 0.0015462779678826217 0.17953213463104509 -0.051784199904894614 0.090668618197488157 -0.010613626098703831 0.0057587823689985267 -0.024788693288159195
leaf_weight=1942.7726020589471 1027.109047755599 1.8798751095309882 436.36210143566132 35.930618677288294 724.91023833304644 6.7167498497292391 252.80485017038882 545.73968889564276 753.2907814476639 63.757857535034418 38.292635184712708 860.68462629243731 27.538278251886368 53.490835428237915 3.8209817539900532 3.1605574851855636 18.707214470952753 5.2978125624358645 8.8043719604611415 6.3157418379560104 6.7424720767885438 8.2769422256387735 4.0639469409361482 1.1458828998729584 111.38778260629624 86.33202710468322 2.3690961040556422 128.60246124956757 3.5868692323565474 2.4656513240188351 12.890950099565087 2.0914091793820244 3.0114498557522893 11.063328566029666 18.401685101911426 4.0638499837368753 11.975754900835456 1.4829356698319309 1.2408952489495275 3.2851839466020447 1.9864464728161682 8.3780586756765825 4.039149240590632 2.5699324700981396 64.296123788692057 16.002518135122955 3.0569081949070087 4.2918158071115604 2.4878759132698178 4.668197805993259 296.84716238826513 20.970652120187879 46.299139095470309 2.490877796895802 4.3647653805091977 335.54207544028759 0.76917482027784068 9.6310868076980096 6.5866350913420311 32.189309394918382 3769.439317330718 124.7481930963695
leaf_count=6804 2230 102 1104 82 1535 104 12348 1540 93251 2824 419 5702 92 166 73 37 410 83 64 78 58 938 243 34 3409 1786 33 4842 88 66 406 89 122 327 680 66 260 70 39 90 97 130 96 75 1433 881 127 137 46 204 795 962 940 39 85 836 68 328 64 772 20645 814
internal_value=0 0.00156497 0.041602 0.0056856 0.0150453 0.00221122 -0.00845367 0.0299221 -0.0413336 -0.00185562 0.00427206 0.00455645 0.00906937 0.0126312 0.0308103 0.114114 0.0239074 0.0398244 0.0483733 0.101008 0.0635261 0.0226183 0.0867805 0.203579 -0.0144959 -0.00657709 -0.0252418 -0.00129668 -0.0102442 0.0138105 0.00796904 0.0208366 0.0988257 0.0102837 0.0286679 0.0440242 0.0701437 0.0975416 0.302543 0.0793211 0.142769 0.04076 0.171645 -0.00552402 -0.0206047 0.0266662 0.0641724 0.0893248 0.130929 0.0570564 0.0227422 -0.00413727 -0.0207949 0.10226 0.14701 -0.00151805 -0.0275198 0.00686455 0.0204065 0.00665093 0.00425785 -0.00147836
internal_weight=0 8781.8 3221.72 8012.38 2168.59 5843.78 1052.98 1278.95 769.427 800.177 538.7 4790.8 1443.68 1080.6 93.5109 6.98154 86.5293 65.453 60.1552 21.8626 15.5468 16.1358 7.0897 3.02576 261.478 197.72 21.0763 445.189 251.394 76.4925 74.0269 61.1359 9.14201 193.795 89.7044 71.3027 46.2682 35.2049 2.72383 32.4811 12.1273 20.3538 6.13056 104.09 71.0129 33.0772 17.0747 14.0178 9.72601 7.23813 733.209 25.0345 174.902 10.1408 6.85564 363.08 9.04612 51.9939 42.3628 38.7759 4754.87 985.433
internal_count=172268 162025 10243 67389 4859 62530 35287 3439 94636 22939 14920 27243 3324 2396 1255 110 1145 702 619 200 122 1385 379 136 8019 5195 443 13665 7813 2031 1965 1559 307 5852 2845 2165 1137 810 109 701 311 390 185 3007 1537 1470 589 462 325 279 1899 1028 5782 214 124 928 1006 1252 924 836 27161 6516
is_linear=0
shrinkage=0.05


Tree=51
num_leaves=63
num_cat=0
split_feature=11 11 11 11 8 12 10 8 10 12 6 14 8 8 0 8 10 6 7 1 0 0 6 12 1 3 10 1 6 3 8 10 1 5 7 10 1 1 0 0 6 10 10 0 11 11 8 5 10 1 1 8 1 4 10 6 7 0 11 11 8 10
split_gain=1428.3 581.297 116.852 95.3452 57.3057 54.4116 69.6867 34.4449 25.9946 21.52 35.9366 21.4596 26.1157 25.0321 59.7856 23.1497 20.3293 22.6062 19.3135 18.465 18.4178 31.9116 17.7547 17.7462 17.6999 20.1126 26.874 21.1051 23.0838 23.7917 27.8579 20.0096 17.7392 23.2033 23.3135 17.2665 17.7195 21.6424 46.2846 25.6609 22.3057 22.6118 18.7948 17.0101 18.5 16.183 18.5112 16.1599 18.1889 15.9701 27.2597 16.7409 16.4253 20.1625 20.5823 15.8098 15.7512 19.6339 26.5317 21.9189 21.0196 16.1005
threshold=0.45141666666666674 0.65458333333333352 0.40675000000000011 0.49775000000000008 8.3500000000000032 7.7104775395250416 80.500000000000014 6.5500000000000007 37.500000000000007 8.6998371108735331 38.500000000000007 1.0000000180025095e-35 10.550000000000002 10.65 18.960900000000006 2.9500000000000006 69.500000000000014 51.500000000000007 2.5000000000000004 0.27242053751626655 7.8217538461538476 6.3980000000000006 57.500000000000007 4.908429448785566 1.4286441558441563 13.145927422551022 79.500000000000014 0.52502307692307704 58.500000000000007 13.119678008098044 12.250000000000002 16.500000000000004 1.3025164406743357 3.5000000000000004 21.500000000000004 24.500000000000004 2.1983307697593415 1.3500545454545458 18.85247142857143 26.66888888888889 55.500000000000007 69.500000000000014 78.500000000000014 22.409815126050422 0.61241666666666683 0.70758333333333356 14.950000000000001 3.5000000000000004 29.500000000000004 1.0286015037593985 1.0125409090909094 17.450000000000003 1.2500636363636366 4.5000000000000009 56.500000000000007 43.500000000000007 14.500000000000002 19.351137931034486 0.52291666666666681 0.58625000000000016 5.6500000000000012 78.500000000000014
decision_type=2 2 2 2 2 2 2 2 2 2 2 2 2 2 2 2 2 2 2 2 2 2 2 2 2 2 2 2 2 2 2 2 2 2 2 2 2 2 2 2 2 2 2 2 2 2 2 2 2 2 2 2 2 2 2 2 2 2 2 2 2 2
left_child=2 3 23 4 16 18 11 55 9 10 -3 12 15 14 -14 -7 17 -2 -5 -11 21 -20 35 -1 25 27 31 -15 29 30 32 -27 33 34 43 -22 37 39 -39 -37 42 -42 -41 44 -29 46 -10 48 -17 50 51 -32 -51 -54 -55 -4 61 -58 -59 60 -60 -24
right_child=1 8 7 5 -6 6 -8 -9 45 19 -12 -13 13 24 -16 47 -18 -19 20 -21 22 -23 56 -25 -26 26 -28 28 -30 -31 49 -33 -34 -35 -36 36 -38 38 -40 40 41 -43 -44 -45 -46 -47 -48 -49 -50 52 -52 -53 53 54 -56 -57 57 58 59 -61 -62 -63
leaf_value=0.052255020881418895 0.016275850321811249 0.22271588549618168 0.02820531804901066 0.040969062815383782 0.025983158805659986 0.16628007983773144 -0.03544238577697479 0.039010918674465184 -0.039386165851788731 0.23312000177341879 -0.046260276337304722 -0.0090691720407817308 -0.050457551679783177 0.17683392831288317 0.22993503243517083 0.14092956179502497 -0.0016604408972203883 -0.00035488407553856691 0.015790371312816007 -0.031831928540604681 0.026880593374504571 -0.041306238677038198 0.0082377903024913896 0.041735337744922538 -0.021616247611532954 0.13354581041852651 0.15880542917236046 0.15925068798343966 -0.036174020133635243 0.14527421518049977 0.0074828370941968014 0.00070589318228424702 0.18443786364771236 0.17827894945631753 0.14197489443191119 0.005819652019494085 -0.013500033620824381 -0.015162742989236156 0.016312187821612492 -0.0065876339707696234 0.0028730110025512547 0.085640060186190414 -0.038516770557657322 -0.05047217033922529 -0.0043991341665786162 -0.048891295974449717 -0.0074563972276570122 -0.051977247570792584 -0.0083704972766616131 -0.053612387096833004 0.16835126347542806 0.13026434539495721 -0.054161260096422296 -0.015064137845969295 0.13286114115315981 0.013232204963096766 -0.036021429191260654 -0.04106771364018301 -0.033604276591732284 -0.051978099288884576 0.024850144354710765 -0.024986717090357727
leaf_weight=1261.9376772791147 807.40015362948179 2.7868640627712038 435.82260573655367 36.114967998117208 714.22067884355783 1.7322347499430168 186.02575727365911 515.54556395858526 254.33912844816223 0.59675257001072068 2.0825955783948302 545.42518116720021 3.3762078471481791 2.4151378236711016 4.0977150769904256 1.9658537339419115 358.25646083056927 272.77264352142811 42.470106830820441 11.019894949626176 95.928947538137436 57.223748445510864 262.88660583086312 601.67116119712591 35.539812666364014 2.7842932753264895 2.7125284327194086 2.7070681191980928 11.64550636988133 4.8402850534766904 25.644802683964375 171.05538608320057 3.2741146218031636 3.3540201783180228 3.9045817181468001 2259.3446009960026 119.88826497085392 134.14856003783643 892.26234330795705 352.13530559837818 26.418214924633503 11.994945293292401 53.083672150038183 6.8874795539304614 4.3276543170213699 412.15828639222309 55.803747701458633 22.208118870854378 147.46022526640445 13.493195321410896 3.4554591616615644 3.0328748598694792 5.2903573578223559 4.1303721778094769 5.1436280058696866 299.31755976378918 68.917579615488648 37.003596059978008 18.406828012317419 13.734666770324109 89.616368599236012 42.190743080340326
leaf_count=4704 1727 88 1130 84 1535 56 9348 1499 30644 14 157 15566 97 26 69 45 934 663 243 1126 244 375 1469 2100 800 7 62 40 353 54 517 3337 95 85 62 11634 647 712 3995 2132 187 111 602 248 166 56603 6004 859 5011 291 44 23 92 47 67 810 660 166 268 372 684 478
internal_value=0 0.00148549 0.0409248 0.00540772 0.0144031 0.00209192 -0.0072599 0.0290882 -0.0409448 0.0208272 0.108057 -0.00222037 0.00529388 0.013699 0.103619 -0.0103413 0.00864834 0.0120719 0.00458205 -0.015921 0.00429299 -0.0169412 0.00476722 0.0488638 0.0115218 0.0157506 0.00544939 0.0332442 0.0295944 0.03824 0.0318963 0.00293782 0.0768286 0.059171 0.035613 0.00592466 0.00540043 0.00600971 0.0121926 0.00365965 -0.00732843 0.029003 -0.0107912 0.00462669 0.0592244 -0.0423644 -0.0336614 -0.0122487 -0.00627993 0.0134606 0.0375177 0.0210492 -0.0139488 0.0225717 0.0669882 0.0221183 -0.00379407 -0.0137476 -0.00403058 0.00720886 0.0148216 0.00361993
internal_weight=0 8733.14 3114.29 7994.35 2152.65 5841.7 1227.93 1250.69 738.787 16.4861 4.86946 1041.9 496.479 323.112 7.47392 173.366 1438.43 1080.17 4613.77 11.6166 4577.66 99.6939 4477.96 1863.61 315.639 280.099 176.552 103.547 101.131 89.4859 84.6456 173.84 24.4549 21.1808 17.8268 3945.2 3849.28 3729.39 1026.41 2702.98 443.632 38.4132 405.219 13.9222 7.03472 722.301 310.143 171.634 149.426 60.1907 32.1331 28.6777 28.0576 14.5644 9.274 735.14 532.756 227.679 158.761 121.758 108.023 305.077
internal_count=172268 162025 10243 67389 4859 62530 37467 3439 94636 1385 245 28119 12553 6582 166 5971 3324 2390 25063 1140 24979 618 24361 6804 6416 5616 3406 2210 2184 1831 1777 3344 696 601 516 20264 20020 19373 4707 14666 3032 298 2734 454 206 93251 36648 5915 5056 1081 584 540 497 206 114 1940 4097 2150 1490 1324 952 1947
is_linear=0
shrinkage=0.05


Tree=52
num_leaves=63
num_cat=0
split_feature=12 12 12 12 10 12 8 10 12 7 6 7 14 12 10 9 6 10 4 8 8 2 10 2 6 10 6 8 6 2 6 2 12 6 3 3 8 5 8 9 7 8 12 1 2 2 10 7 6 9 8 10 4 10 10 10 9 6 1 2 8 8
split_gain=1340.29 532.486 113.789 80.8381 66.8764 41.4476 36.8574 32.8567 30.1887 26.6714 26.4708 22.2653 21.4832 27.0456 34.473 24.3811 20.4542 20.173 20.5223 19.8608 25.4175 48.9636 82.2482 55.9285 20.058 18.6771 17.8885 25.745 17.4519 16.9857 27.1801 32.2906 29.1262 18.7938 22.2561 22.7283 18.2521 23.3187 16.6889 16.4834 16.3321 16.2201 15.5614 15.5527 18.1841 24.7651 24.3376 22.8528 15.9289 15.4583 15.1114 14.5295 26.5654 14.4964 14.389 14.1203 19.8604 17.0369 13.8849 15.2599 23.2864 22.0941
threshold=5.8715679782189625 8.5063941251745554 5.1785373582693852 7.6296797951277053 80.500000000000014 6.3349755174535272 8.2500000000000018 42.500000000000007 8.914726863992346 2.5000000000000004 53.500000000000007 5.5000000000000009 1.0000000180025095e-35 8.4934806162979406 71.500000000000014 74.500000000000014 63.500000000000007 28.500000000000004 1.5000000000000002 10.15 10.65 1.609792120181406 62.500000000000007 0.47122336304218665 55.500000000000007 27.500000000000004 66.500000000000014 9.0500000000000025 31.500000000000004 0.84816059387249909 29.500000000000004 1.3879142951625096 8.2147505098127613 56.500000000000007 13.395297616506907 13.16990388361171 7.0500000000000007 1.5000000000000002 11.250000000000002 48.500000000000007 14.500000000000002 13.450000000000001 5.6571700605766138 1.4113497250752156 0.99951466192135574 1.0118117942903659 65.500000000000014 21.500000000000004 60.500000000000007 69.500000000000014 9.2500000000000018 81.500000000000014 3.5000000000000004 73.500000000000014 34.500000000000007 52.500000000000007 64.500000000000014 35.500000000000007 2.2489022727272734 1.738180366419295 14.250000000000002 14.15
decision_type=2 2 2 2 2 2 2 2 2 2 2 2 2 2 2 2 2 2 2 2 2 2 2 2 2 2 2 2 2 2 2 2 2 2 2 2 2 2 2 2 2 2 2 2 2 2 2 2 2 2 2 2 2 2 2 2 2 2 2 2 2 2
left_child=2 3 -1 5 12 6 28 -4 19 -7 42 -10 43 15 -15 29 17 18 -11 -3 21 23 -23 -21 -24 -22 -17 -28 -2 33 31 50 41 55 35 -35 37 -32 -18 51 -6 -33 -9 44 -5 46 -46 48 -47 -34 -31 -19 -53 -30 -8 56 -14 -58 59 60 61 -41
right_child=1 8 7 4 40 9 54 10 11 16 -12 -13 13 14 -16 26 38 39 -20 20 25 22 24 -25 -26 -27 27 -29 53 30 36 32 49 34 -36 -37 -38 -39 -40 58 -42 -43 -44 -45 45 47 -48 -49 -50 -51 -52 52 -54 -55 -56 -57 57 -59 -60 -61 -62 -63
leaf_value=0.049433138179352049 0.020807136393957038 -0.047178883641715248 0.04095091152121319 0.00046158880392995399 -0.017936417718549522 0.044277404393010408 0.04305817191860678 0.034108624955864301 0.10039154259792614 -0.026313383172037907 0.0074586119382906288 -0.045496168396620636 -0.015060165648679534 0.0086645624789493548 0.28401866694173494 -0.021504433464184593 -0.024327782533564171 0.017092180050611319 0.025998868103035158 0.3710799858167993 0.081851005062646365 0.64457676778542972 -0.043920801499324452 -0.030182712221771366 0.30374776965291361 -0.022897064279720023 0.27820034886741368 -0.043382022937513656 0.0087406106300922364 0.083592058787614873 0.18404227721875024 -0.005503561233288129 0.060889842165027103 0.0062216437932023742 -0.016893026028481122 0.17271089044944285 -0.018196655606720662 -0.046360301740312394 0.014002806494273415 0.0034745980982363398 -0.047210325902384762 0.066196711596976668 0.019494636509711817 -0.015797714524731134 0.034569052346133514 0.026408941506961565 0.22480047752737448 -0.033565460182951777 -0.036061817409617669 0.21464222922988987 -0.037358353144360826 -0.04354491899590078 0.017647529969014343 -0.0096906589652975706 0.021769817703612304 -0.0080181617899951849 -0.0017803851187869161 0.095458053706795012 -0.013322135105542003 0.011675723359291876 -0.024466370086761346 0.065898224828035271
leaf_weight=1579.2237599417567 251.24930584430695 62.603277469519526 460.69337568432093 257.57772113755345 93.107919361442327 43.775507997721434 100.63070234656334 493.14581131190062 2.5164723061025134 20.634989894926548 181.85554926842451 534.91526218224317 12.542378934100268 3.2427874831482759 1.6895293351262806 257.18607482034713 101.84047616459429 426.51724117994308 189.19289001449943 0.84809252992272277 4.2636649482883504 0.76314481440931503 1.4346708529628811 10.200925750192253 0.46466747950762499 150.78638735692948 1.1133245229721063 1.1844198536127803 617.68589831143618 2.8171796230599311 2.4307055193930855 15.888095693662764 3.3510666275396934 3.1911574779078347 4.6133524123579255 6.0142558924853802 192.32853472884744 1.8324061539024112 39.108214974403381 3367.0436772247776 99.542914364486933 15.311180457472799 293.08928242325783 70.545886120758951 4.343952238559722 170.14022973179817 2.7746095042675734 19.917715129442513 10.703860065899788 3.5732749775052071 21.520048468373716 29.558720324188471 43.914320515468717 128.62287992984056 391.06028086692095 49.839105248451233 6.4857316212728646 13.91458509955555 113.08989789150655 615.80138554610312 74.655657328665257 14.144816838204859
leaf_count=6084 530 6547 1341 4926 3623 91 217 1472 54 68 538 75143 110 218 83 9184 892 1160 480 46 108 64 164 1017 47 13685 42 60 1417 61 67 231 91 93 60 89 4785 73 190 16947 5737 88 774 1980 82 3616 66 677 387 53 352 156 193 343 890 922 51 109 599 2763 299 33
internal_value=0 0.00145116 0.0401773 0.0053096 -0.00583768 0.0075993 0.0149361 0.0299406 -0.0382731 0.00544692 0.0246921 -0.0447852 -0.00128701 -0.0076271 0.107748 -0.0085777 0.00510748 0.00564906 0.0208205 -0.0231118 -0.0141317 0.0507826 0.239088 0.00322076 0.0495727 -0.0199335 -0.0202284 0.115453 0.0094043 -6.00233e-05 -0.00674687 0.0219293 0.0506428 0.0178087 0.0716193 0.11622 -0.0158898 0.08507 -0.0136546 0.00496804 -0.0331049 0.029623 0.0286704 0.00603817 0.00936109 0.0203586 0.111495 0.0170483 0.0226659 0.142871 -0.0228682 0.0135517 -0.00692839 0.00555649 0.0261448 0.00869025 0.0340675 0.0644419 0.00394098 0.004422 0.00312771 0.00373916
internal_weight=0 8686.05 3008.01 7917.25 1348.72 6568.53 1489.25 1428.78 768.797 5079.28 968.091 537.432 1156.07 620.069 4.93232 615.137 5035.5 4894.55 209.828 231.365 168.762 13.7115 2.66248 11.049 1.89934 155.05 259.484 2.29774 997.558 355.653 259.052 62.4608 38.1236 96.6006 13.8188 9.20541 196.592 4.26311 140.949 4684.73 192.651 31.1993 786.235 536.004 465.458 207.88 7.11856 200.762 180.844 6.92434 24.3372 499.99 73.473 746.309 491.691 82.7818 32.9427 20.4003 4184.74 4071.65 3455.84 3381.19
internal_count=172268 162059 10209 65184 37916 27268 3397 4125 96875 23871 2784 75197 28556 16822 301 16521 23780 22698 548 21678 15131 1338 275 1063 211 13793 9286 102 2290 7235 5801 876 463 1434 242 182 4925 140 1082 22150 9360 319 2246 11734 9754 4828 148 4680 4003 144 413 1509 349 1760 1107 1192 270 160 20641 20042 17279 16980
is_linear=0
shrinkage=0.05


Tree=53
num_leaves=63
num_cat=0
split_feature=11 11 11 11 8 12 10 8 10 10 6 8 9 6 6 4 9 6 1 0 0 11 8 4 0 10 8 6 7 8 4 7 3 4 10 1 8 5 3 1 7 6 11 1 0 10 10 5 8 1 8 7 0 1 1 12 0 9 9 1 1 12
split_gain=1275.28 523.571 100.309 89.4205 56.2937 44.4156 62.159 31.0492 25.0683 22.1939 22.4706 27.0161 21.6913 24.1642 18.9808 18.0844 21.5085 24.3867 17.3295 16.9573 29.2634 16.9159 18.556 16.7572 22.359 22.8593 16.6679 20.955 20.059 16.5054 16.182 15.9641 16.18 14.7621 22.7898 19.2803 20.2816 15.6599 14.2313 31.9466 19.8572 18.3395 24.8547 14.8458 14.6178 14.2175 14.1757 13.7058 20.2535 13.5617 13.5333 13.4974 14.2612 13.4817 13.4352 25.9823 15.8559 15.3322 15.7638 24.3548 98.1661 18.7293
threshold=0.44291666666666679 0.65458333333333352 0.49775000000000008 0.38758333333333345 8.3500000000000032 7.7104775395250416 80.500000000000014 6.3500000000000005 37.500000000000007 69.500000000000014 48.500000000000007 2.2500000000000004 57.500000000000007 24.500000000000004 43.500000000000007 3.5000000000000004 88.500000000000014 47.500000000000007 0.48850024420024424 7.8217538461538476 6.3980000000000006 0.70758333333333356 14.950000000000001 5.5000000000000009 28.432350000000003 73.500000000000014 15.450000000000001 63.500000000000007 8.5000000000000018 7.7500000000000009 4.5000000000000009 2.5000000000000004 13.914280853457459 1.5000000000000002 27.500000000000004 0.57728222222222236 7.4500000000000011 3.5000000000000004 12.77996220106394 1.3500545454545458 24.500000000000004 23.500000000000004 0.55991666666666684 2.1167355409596795 16.211176259110374 55.500000000000007 77.500000000000014 1.0000000180025095e-35 16.250000000000004 1.0985261050061053 16.950000000000003 15.500000000000002 16.175911764705884 1.0554513765182187 0.33334798534798538 8.125374102868177 8.4067607142857153 96.500000000000014 89.500000000000014 0.64032035891279604 0.70556485489818843 8.5455746761379405
decision_type=2 2 2 2 2 2 2 2 2 2 2 2 2 2 2 2 2 2 2 2 2 2 2 2 2 2 2 2 2 2 2 2 2 2 2 2 2 2 2 2 2 2 2 2 2 2 2 2 2 2 2 2 2 2 2 2 2 2 2 2 2 2
left_child=3 2 4 -1 9 19 12 14 15 10 53 -12 13 -7 -5 -3 17 47 -13 20 46 22 -10 24 51 -26 27 31 30 -14 -28 -21 33 35 -35 37 -37 -33 39 41 44 42 -36 -40 -41 -6 -4 48 -17 -29 -49 52 -15 -2 55 -31 -56 58 -58 -60 -61 -62
right_child=1 8 5 7 45 6 -8 -9 21 -11 11 18 29 23 -16 16 -18 -19 -20 26 -22 -23 -24 -25 25 -27 28 49 -30 54 -32 32 -34 34 38 36 -38 -39 43 40 -42 -43 -44 -45 -46 -47 -48 50 -50 -51 -52 -53 -54 -55 56 -57 57 -59 59 60 61 -63
leaf_value=0.050447327578661355 0.010412562473820958 -0.048951211189834198 -0.0011815360271946705 0.031999017808411162 0.030495597734371979 0.10440417106735074 -0.034272942981406998 0.041374779944404014 -0.038566750611550071 -0.0015920205903128546 -0.045055368337963891 -0.034849224328874287 -0.024408552690999303 0.0088700596914881111 0.016025642917514901 0.37548380832446004 -0.047418117187078952 -0.045744624229145908 0.0087984219323184558 0.042288441304144164 -0.039998896495188466 -0.048714638292849707 -0.0059445720168493461 -0.032546069775624659 0.032885944174183328 0.17509249272982663 0.022978751921090546 0.0042177141927981689 0.041833565701697155 0.060807413861841131 -0.039265483375951482 -0.035862095634725664 0.040674401204617926 0.025452292270156798 0.041126391738846746 -0.020981843404436016 0.0083480834543840574 0.018826000753612081 0.0076040792385902254 -0.030466992811883326 0.075763951020292181 -0.0083290516329368788 -0.041549489996795738 -0.017439660227708965 0.0086716237994438148 0.016200616128203917 0.066171342815662726 -0.043853912495823287 0.086774985344033398 -0.029639477416117433 0.16576329833659748 -0.0021565367186007918 0.078339178159567077 0.023055748085825264 -0.045340365250237331 -0.019798140176809316 -0.0033840966166543509 -0.042723866799655869 -0.05081458490967368 0.30001108226152939 0.010184147399640096 0.17851003737999607
leaf_weight=1340.1563963517547 433.76083819568157 5.8674826202914145 32.647767988964915 476.5531899034977 481.95437514036894 7.3315847441554061 174.38464460056275 537.37269228696823 237.2657641870901 390.50358282774687 28.189074695110321 24.317204743623734 95.964028372429311 18.023020918481055 308.2929890230298 1.2989086150191709 3.1701347921043634 1.8843924351967869 325.17517862468958 27.929736353456974 56.360179313458502 375.61340064322576 53.906567113939673 18.307071235962212 8.7522610239684564 4.2063991073518983 25.580967497080564 48.563138871453702 63.812075674533844 22.762792844325304 17.480129145085812 71.1026880890131 30.465721465647221 132.70371780917048 40.094821788370609 79.192603858187795 229.40524093061686 15.842565294355152 2146.9894477538764 24.589773564599454 10.666754834353922 738.54535927437246 11.604878276586531 60.644409567117691 670.27081213053316 275.84834047406912 10.111795445904134 1.2343795001506808 1.3105912161990998 74.543506758287549 1.6980986632406709 65.737055539153516 12.681957021355627 414.70380422472954 22.383289502933621 17.57372083235532 671.37949510011822 23.087049131281674 8.3091437444090825 3.2928737932816139 34.570492655970156 1.6437269505113352
leaf_count=5429 985 617 190 1433 1099 73 9348 1754 30644 1021 92 72 4469 145 951 50 380 158 755 64 375 56603 6004 374 141 62 68 395 174 117 71 434 117 370 109 615 1037 74 10930 179 63 5256 130 323 3332 619 53 77 56 704 47 1136 100 892 685 654 17404 1077 353 87 1138 104
internal_value=0 0.00188798 0.00539098 0.0413374 0.014054 0.00186139 -0.00666255 0.032097 -0.0401609 0.00877735 0.0120837 0.00192284 -0.00200738 0.0166646 0.0257338 0.0204817 0.0594936 0.10582 0.00573808 0.00409616 -0.0163406 -0.0416686 -0.0325485 0.0115107 0.0189518 0.0804166 0.00454577 0.00407159 0.0240574 -0.00481307 -0.00220513 0.00465628 0.00440751 0.00414428 0.00509322 -0.00504525 0.00080086 -0.0258296 0.00436168 0.000592452 0.00832835 -0.00630798 0.0224275 0.0069131 0.0072752 0.0253015 0.0147467 0.158138 0.240883 -0.0162503 0.077343 0.0105664 0.0378861 0.0166 -0.00246815 0.0256036 -0.00395865 -0.00269812 -0.00140053 0.0262949 0.0427262 0.0184325
internal_weight=0 8887.24 8203.99 2662.38 2374.45 5829.54 1210.39 1322.22 683.25 1616.65 1226.15 377.681 1036.01 135.039 784.846 16.464 10.5965 7.42637 349.492 4619.15 99.1197 666.786 291.172 127.708 109.401 12.9587 4520.03 4413.16 106.873 900.967 43.0611 4290.05 4262.12 4231.65 3836.11 395.543 308.598 86.9453 3703.41 1495.77 705.527 790.245 51.6997 2207.63 694.861 757.803 42.7596 5.54198 2.6095 123.107 2.93248 96.442 30.705 848.465 805.003 40.3365 764.666 742.283 719.196 47.8162 39.5071 36.2142
internal_count=172268 162701 68065 9567 5535 62530 37467 4138 94636 3817 2796 919 28119 2031 2384 1385 768 388 827 25063 618 93251 36648 1958 1584 203 24445 24132 313 26088 139 23033 22969 22852 20692 2160 1652 508 20322 9069 3574 5495 239 11253 3511 1718 243 230 106 1099 124 1381 245 1877 21619 771 20848 20163 19086 1682 1329 1242
is_linear=0
shrinkage=0.05


Tree=54
num_leaves=63
num_cat=0
split_feature=11 11 11 11 8 12 8 8 14 11 8 1 5 12 12 6 1 6 8 6 1 1 2 0 2 6 12 6 4 8 12 5 8 8 1 0 6 6 12 8 1 8 4 12 8 6 1 4 12 1 5 8 0 8 3 3 8 3 11 1 8 3
split_gain=1205.53 489.925 92.2679 90.9405 53.9308 42.6952 30.9355 30.6099 24.6829 22.4119 24.3679 24.0642 18.578 19.4564 18.6275 18.1836 17.4985 17.4028 16.644 21.1477 16.4467 90.1351 16.3157 21.5424 26.8862 20.5972 19.983 19.2545 24.3235 20.869 28.9644 18.1577 28.0062 18.9342 25.4346 17.0434 22.9627 19.2387 16.6943 21.2029 24.5624 16.6623 16.2534 22.7972 20.318 16.2173 25.0803 16.3124 15.9221 15.7034 35.151 15.5514 15.5914 15.3527 15.222 40.5351 23.4381 14.5965 14.5901 14.1592 16.7604 17.4634
threshold=0.44291666666666679 0.65458333333333352 0.49241666666666678 0.38758333333333345 8.2500000000000018 7.7104775395250416 8.5500000000000025 6.3500000000000005 1.0000000180025095e-35 0.70758333333333356 14.950000000000001 0.29890344416154752 3.5000000000000004 7.8456465816557683 7.7698471729170837 43.500000000000007 0.27242053751626655 31.500000000000004 11.65 63.500000000000007 1.7157555890732363 1.7858051948051952 0.97988487179487194 26.068275000000003 1.5344354166666669 51.500000000000007 8.400068494298889 43.500000000000007 3.5000000000000004 14.250000000000002 8.1850567217334085 3.5000000000000004 11.850000000000003 14.350000000000003 0.6047625143247265 28.441350000000003 49.500000000000007 34.500000000000007 8.1998714733105853 10.450000000000001 0.66384236842105271 10.450000000000001 1.5000000000000002 7.5637346582655356 7.4500000000000011 27.500000000000004 0.67502727272727292 2.5000000000000004 8.7763189802188357 2.0098521428571434 2.5000000000000004 2.6500000000000008 16.853632958801501 15.350000000000003 13.30254518545709 13.256184881179701 15.450000000000001 14.219724768465246 0.59741666666666682 1.0985261050061053 11.250000000000002 13.065225374564525
decision_type=2 2 2 2 2 2 2 2 2 2 2 2 2 2 2 2 2 2 2 2 2 2 2 2 2 2 2 2 2 2 2 2 2 2 2 2 2 2 2 2 2 2 2 2 2 2 2 2 2 2 2 2 2 2 2 2 2 2 2 2 2 2
left_child=3 2 4 -1 17 16 57 15 12 10 -3 -12 -8 14 -14 -5 -4 -2 19 42 45 -22 27 26 -25 35 -24 -10 29 38 -31 33 41 -30 -35 37 49 -26 39 40 -29 -33 43 44 -18 46 -13 -48 -40 53 -51 52 -44 -37 55 56 -28 -7 -20 60 61 -21
right_child=1 9 5 7 -6 6 8 -9 22 -11 11 20 13 -15 -16 -17 18 -19 58 59 21 -23 23 24 25 -27 54 28 31 30 -32 32 -34 34 -36 36 -38 -39 48 -41 -42 -43 51 -45 -46 -47 47 -49 -50 50 -52 -53 -54 -55 -56 -57 -58 -59 -60 -61 -62 -63
leaf_value=0.050130007333026777 0.018776302596141992 -0.036711974793819734 -0.038461679113012272 0.031181109216290977 0.026133530344946282 -0.026656007275111523 0.0090908347077496825 0.040697962678588488 -0.01326952340224908 -0.048091330036346885 0.18604985037989213 0.26024767903433987 -0.053031650618038634 -0.0359596868621717 0.073311355732218461 0.015412928110555467 -0.020385026070402143 0.0056474731769272958 0.010883584379948429 0.010936779121158563 0.46965836037940173 -0.015168575938016796 -0.031408518365598263 -0.028340637163469098 0.110333366116054 -0.036318714841619262 -0.028097523525848562 0.053142169752375637 -0.034987888122279404 0.00063476058525418653 0.20076469770729821 0.029988077717646534 -0.050675590384503803 -0.053083363431585928 0.10801576649965644 -0.024540226701021121 0.14960135268964656 -0.0091639457756236744 -0.049890587561332092 0.011488928883267947 0.24052055976757908 0.21302457004359365 -0.045451886395128219 -0.054898882825395748 0.0054218984376499428 -0.025051320346809278 0.20962887651910714 -0.047340966472642576 0.17118396442139178 -0.04996823325328896 0.19348822487355483 0.0051167582343432765 -0.0021792008854425739 0.061269421872954088 -0.049419893917435613 0.21091922673592647 0.16839915561417518 0.056585107219682865 -0.026949557944015313 -0.033919680090923644 0.081584924927209604 -0.066412773778407111
leaf_weight=1282.6634121239185 331.08390631526709 234.07471002312377 23.88596679084003 464.90327078849077 655.76212012022734 193.77196364570409 420.04651529714465 519.45292454957962 102.85068175010383 362.65815846202895 1.5716329952701915 1.1824982510879625 4.1749135646969071 46.400934178382158 8.951554222032426 304.62076959013939 115.42113512940705 1070.9158447533846 1017.0694916974753 27.733361455611885 1.0530803580768395 5.5524950013495982 193.18881642259657 49.805842814035714 11.510174139402809 13.291243817657231 9.0926183927804249 5.3604863323271337 32.934435884468257 3.017186837270855 4.6095033893361688 2.3226743256673199 3.2162644090130925 3.9783936375752074 5.9775707107037306 27.102849647402763 2.8640853976830831 4.619288880378007 7.8811781723052245 11.561753509566186 2.6319146463647485 2.8755627200007439 29.271904735825956 22.818804800510406 223.94244583882391 46.939539680723101 0.66895312629640136 3.0267317765392363 0.80196873378008593 2.6678164824843398 3.0807954259216785 3280.5936443852261 72.430712005123496 6.3327649757266036 5.2251401077955952 2.9471435612067571 1.7161904210224737 5.2853217124938956 25.97220353782177 64.228335946798325 5.7748174387961617 9.7643024288117868
leaf_count=5429 728 31118 129 1433 1528 10115 10274 1754 2601 57201 104 89 64 1614 91 951 771 2568 3590 260 95 500 5342 1829 117 551 604 89 1155 34 91 78 88 83 92 719 78 142 439 194 67 60 221 373 885 5128 73 328 66 76 48 17986 492 57 282 124 58 145 324 621 18 104
internal_value=0 0.00179836 0.0051354 0.0406964 0.0142949 0.00205516 -0.00639006 0.031302 -0.00281016 -0.0397474 -0.0294274 -0.00090927 0.00537699 -0.0207167 0.0326524 0.0249485 0.00412013 0.00875255 0.00432971 0.0028106 -0.00633337 0.0672297 -0.01032 -0.0169832 -0.000130434 0.0194712 -0.026588 0.00134902 0.0186502 0.0501875 0.123271 -0.003353 0.063241 -0.0166508 0.0432558 0.0323431 0.0153539 0.0759571 0.0299062 0.0555223 0.117674 0.134294 0.00343966 -0.0066202 -0.003344 -0.0159187 0.069692 0.00215304 -0.0271865 0.0050583 0.0807275 0.00451853 -0.0147154 -0.0080044 0.0221208 0.0498166 0.00390099 -0.0243934 0.00993424 -0.0190371 0.00296474 -0.00919494
internal_weight=0 8835.49 8178.76 2571.64 2057.76 6121 1202.1 1288.98 1003.04 656.728 294.07 59.9949 479.574 59.5274 13.1265 769.524 4918.91 1402 4895.02 3851.98 58.4233 6.60558 523.464 333.445 121.275 71.469 212.17 190.02 87.1689 35.864 7.62669 51.3049 8.4145 42.8904 9.95596 58.1778 42.0483 16.1295 28.2373 19.5542 7.9924 5.19824 3744.48 362.182 339.364 51.8177 4.87818 3.69568 8.68315 39.1842 5.74861 3382.3 101.703 33.4356 18.9811 13.756 10.8088 199.057 1043.04 107.501 43.2725 37.4977
internal_count=172268 162701 68065 9567 4824 63241 37467 4138 27207 94636 37435 6317 12043 1769 155 2384 25774 3296 25645 21731 6213 595 15164 10027 3617 1788 6410 5137 2536 980 125 1556 226 1330 175 1237 978 259 855 350 156 138 20728 2029 1656 5618 490 401 505 900 124 18699 713 776 1068 786 662 10260 3914 1003 382 364
is_linear=0
shrinkage=0.05


Tree=55
num_leaves=63
num_cat=0
split_feature=12 11 11 11 8 8 6 11 6 6 8 7 10 9 12 5 1 1 10 11 10 11 5 11 1 12 8 1 3 9 7 12 1 6 9 6 7 6 11 9 6 1 12 9 8 13 8 9 1 12 10 1 7 10 10 7 1 1 1 7 12 12
split_gain=1191.61 473.676 115.854 66.5819 37.4205 31.7597 28.2935 28.0708 23.8329 23.6334 19.6281 19.4692 29.5754 29.3274 38.8948 19.7396 31.2499 23.8708 19.637 19.1342 19.0657 19.3363 17.6113 23.0459 26.5871 26.187 22.7554 43.5806 21.0043 25.1942 19.9578 17.466 17.4554 19.4044 19.5684 32.9137 18.8941 18.0864 24.3683 26.1908 30.6227 25.76 23.6337 20.6774 17.7929 19.4275 22.2195 17.5802 17.3842 17.2358 17.5911 17.0924 24.1256 16.6705 21.2787 19.5146 18.671 53.5507 25.8151 16.2767 16.1065 22.5818
threshold=5.8715679782189625 0.64191666666666691 0.40675000000000011 0.52291666666666681 10.050000000000002 6.9500000000000011 51.500000000000007 0.70558333333333356 53.500000000000007 23.500000000000004 14.850000000000003 15.500000000000002 59.500000000000007 44.500000000000007 7.3934085905420694 1.5000000000000002 0.83737670199389191 0.42340491752256465 57.500000000000007 0.47441666666666676 96.500000000000014 0.48125000000000012 2.5000000000000004 0.60458333333333347 0.44819630252100845 8.4137327396578616 13.65 0.48275142518063419 12.977266509387183 72.500000000000014 7.5000000000000009 4.908429448785566 1.1250391304347829 43.500000000000007 71.500000000000014 32.500000000000007 14.500000000000002 33.500000000000007 0.5740833333333335 78.500000000000014 29.500000000000004 0.94060569906975144 7.2848102876857732 69.500000000000014 10.750000000000002 1.0000000180025095e-35 11.050000000000002 66.500000000000014 0.97681397154655591 7.7104775395250416 93.500000000000014 0.29890344416154752 17.500000000000004 83.500000000000014 79.500000000000014 12.500000000000002 1.0582800162800166 1.1904609523809526 1.6808461344537819 7.5000000000000009 6.9422842501157573 7.0573066323592561
decision_type=2 2 2 2 2 2 2 2 2 2 2 2 2 2 2 2 2 2 2 2 2 2 2 2 2 2 2 2 2 2 2 2 2 2 2 2 2 2 2 2 2 2 2 2 2 2 2 2 2 2 2 2 2 2 2 2 2 2 2 2 2 2
left_child=2 3 31 4 9 8 11 10 -4 -2 -3 32 15 14 -14 16 17 -13 -19 -6 21 -11 26 -24 25 -25 30 -28 -29 -30 -8 -1 36 34 49 -36 48 38 43 41 -41 -40 -39 -38 -44 46 -46 -35 -5 50 -34 52 -12 54 -32 -56 -57 -58 -59 -50 -18 -62
right_child=1 7 5 6 19 -7 22 -9 -10 20 51 12 13 -15 -16 -17 60 18 -20 -21 -22 -23 23 24 -26 -27 27 28 29 -31 53 -33 33 47 35 -37 37 42 39 40 -42 -43 44 -45 45 -47 -48 -49 59 -51 -52 -53 -54 -55 55 56 57 58 -60 -61 61 -63
leaf_value=0.050859622928916465 0.028576553922811977 -0.03377133373925504 0.024737131923256619 0.0013119479149127451 0.037718617868108609 0.037477957150802634 0.025082680296142336 -0.047458951800154303 0.002608852774244884 0.011631967532966705 -0.041489614609805832 -0.024599196908583639 0.046806700778146568 -0.014636828343978316 -0.045302456732041224 -0.0048187242869093998 -0.033643718052786299 0.031068258575608437 0.096756193164371451 0.015790909204377663 -0.034568433498447647 0.0028647445126843817 0.0070282166531549332 0.2035201168287708 -0.039121121180732521 -0.04579586447865229 0.10157981911415366 -0.027543292149918408 0 0.091577425211897559 -0.018474499708162864 0.039550927535705063 0.02007131197805195 0.0041615674078528883 0.010916487059793034 -0.022548567541165111 0.034212601819381426 0.030741136245826514 0.0014381463188040556 0.02298351118832016 0.24781146489053191 0.11674182705906307 -0.04715233248832873 -0.046142079341036195 0.10436196412759212 0.095722595572154151 -0.027824452077904044 0.036668171951302939 -0.067374795826940531 -0.017133167618111969 -0.031623425660621443 -0.010312074524219028 0.28704065860378791 -0.046063747614353834 -0.054025762378341669 0.0067483847583164579 0.32920331455305263 -0.050934871680209194 0.14693507694670702 -0.011779543334751683 0.048122466570683427 -0.00053134344068062913
leaf_weight=1068.8555939011276 118.02524574100971 322.76719724899158 589.00847485661507 761.21316893678159 120.48890230059624 413.6370879560709 26.8596595749259 354.10293897520751 154.04276502132416 1007.3720078542829 0.98623030632734243 17.313388858921826 43.390778973698616 528.3144251210615 15.424225543625651 325.47957623843104 29.543731041252613 115.17802938073874 12.671347674913703 584.64838154613972 28.92038768529892 1679.6701035574079 288.78413462638855 2.2405498735606661 48.934189760126173 1.8110228283330796 11.332074541598557 41.37203299626708 28.99834559392184 9.9904596395790559 419.89210647810251 513.38911495357752 338.15124517679214 65.151650278829038 178.71910607535392 124.54877958074212 27.999878108501434 44.460091911256313 13.004235354252165 2.5665885852649799 3.8760673720389605 7.7077364064753047 27.147424171678722 11.065390460193155 3.5834923768416109 5.1585338357835999 22.856177470646799 116.90029988158494 14.50821543112397 39.597952255047858 17.138317663222551 82.685242284554988 1.0666113086044786 51.241222308948636 5.1656420659273889 9.6550899818539637 1.9912154506891946 3.6200796943157911 2.840902641415596 140.11402168404311 27.232217594981194 185.63278713356704
leaf_count=4754 248 37837 1657 7085 304 1326 219 58443 446 2326 89 271 124 11254 216 3269 112 1080 138 1274 140 4703 2838 55 2195 106 80 496 246 85 6419 2052 1103 319 1426 1419 94 181 193 87 83 59 685 86 48 82 322 1039 127 576 115 7070 31 1589 101 270 42 112 39 1273 81 1996
internal_value=0 0.000487778 0.0383992 0.0041818 0.00923947 0.0263583 -5.83989e-05 -0.0371371 0.0201574 0.00667178 -0.0281462 0.00215401 -0.00258998 -0.0109019 0.0225303 0.00424769 0.0118738 0.0302131 0.0376883 0.0195497 0.00571703 0.00615375 -0.0076306 0.00145055 -0.0288107 0.0924546 -0.0127016 0.0102258 -0.0027046 0.0235275 -0.0167454 0.0471962 0.00529472 0.010527 0.00672431 -0.00281366 0.00104584 0.0163822 0.0367629 0.0730862 0.16073 0.0449422 0.00323392 0.0112645 -0.0175161 0.00785641 -0.00939449 0.025071 -0.00178733 0.0140608 0.0175554 -0.00664666 0.132289 -0.0190325 -0.015886 0.0304808 0.0550278 0.10887 0.0362202 -0.0170685 0.000862981 0.00568923
internal_weight=0 8521.11 2738.93 7759.5 3539.13 1156.69 4220.38 761.608 743.051 2833.99 407.505 3265.65 1300.18 587.129 58.815 713.051 387.572 145.163 127.849 705.137 2715.96 2687.04 954.729 341.77 52.9858 4.05157 612.959 91.6929 80.3608 38.9888 521.266 1582.24 1965.47 880.207 698.155 303.268 1085.26 169.426 66.2199 27.1546 6.44266 20.712 103.206 39.0653 58.7456 31.5982 26.4397 182.052 915.835 394.888 355.29 84.7381 2.05284 494.406 443.165 23.2729 18.1073 8.4522 6.46098 154.622 242.409 212.865
internal_count=172535 162300 10235 58830 8995 3429 49835 103470 2103 7417 45027 34943 18541 11594 340 6947 3678 1489 1218 1578 7169 7029 14892 5194 2356 161 9698 907 827 331 8791 6806 16402 5997 4639 2845 10405 1920 602 422 170 252 1318 180 1137 452 370 1358 8485 1794 1218 7190 120 8572 6983 564 463 193 151 1400 2189 2077
is_linear=0
shrinkage=0.05


Tree=56
num_leaves=63
num_cat=0
split_feature=11 11 11 11 8 8 6 1 11 6 10 1 1 10 11 0 1 8 1 0 5 2 10 9 8 11 4 1 1 9 11 8 2 2 10 5 2 1 3 5 10 9 10 8 9 6 10 9 9 3 1 2 8 9 2 9 11 11 11 13 10 10
split_gain=1126.55 453.408 88.8388 74.422 35.7882 33.2737 33.1466 30.1269 28.3998 28.1605 24.733 23.9479 28.1925 25.9427 25.6146 23.2018 35.5476 26.1818 26.5306 22.7043 22.3761 22.8002 24.0074 27.2495 21.1742 20.2383 22.1007 20.4974 57.3522 36.0208 20.057 19.7603 24.9748 30.4838 19.6238 22.1328 19.4778 26.0207 21.5335 20.259 19.2598 23.6852 19.0634 19.9797 18.9999 18.6376 17.998 17.8537 27.346 17.5421 17.2651 16.7255 16.7196 17.1932 16.6244 16.5906 20.1498 15.5704 15.3077 22.3681 20.0875 16.8651
threshold=0.44291666666666679 0.64191666666666691 0.38758333333333345 0.49775000000000008 11.15 6.3500000000000005 40.500000000000007 0.89122500696184914 0.70558333333333356 51.500000000000007 71.500000000000014 1.1250391304347829 1.0884484563055994 61.500000000000007 0.56425000000000014 18.585371486643442 1.3801311249137338 12.350000000000003 2.1983307697593415 14.940141014964547 3.5000000000000004 1.030439761156035 58.500000000000007 44.500000000000007 5.1500000000000012 0.58475000000000021 5.5000000000000009 0.45362916448630741 0.44563631300473411 48.500000000000007 0.42541666666666672 15.15 0.82290749459473733 0.83336376550620261 57.500000000000007 1.5000000000000002 0.82290749459473733 0.56443823090489775 13.327784847474403 3.5000000000000004 66.500000000000014 77.500000000000014 31.500000000000004 16.850000000000005 43.500000000000007 37.500000000000007 16.500000000000004 58.500000000000007 67.500000000000014 13.573673844242437 1.8381724903474905 0.61354081232493007 11.250000000000002 77.500000000000014 1.2580999052844735 63.500000000000007 0.50741666666666685 0.5740833333333335 0.54241666666666677 1.0000000180025095e-35 65.500000000000014 81.500000000000014
decision_type=2 2 2 2 2 2 2 2 2 2 2 2 2 2 2 2 2 2 2 2 2 2 2 2 2 2 2 2 2 2 2 2 2 2 2 2 2 2 2 2 2 2 2 2 2 2 2 2 2 2 2 2 2 2 2 2 2 2 2 2 2 2
left_child=2 3 -1 4 6 30 7 10 42 11 -2 12 13 20 24 16 19 18 44 34 -5 22 23 -22 -15 46 27 28 29 -27 -4 32 -16 -34 35 -13 37 58 -39 -38 47 -42 43 -3 -17 -35 -11 -21 -49 50 -18 -24 53 -20 -46 -25 -57 -52 60 -60 -26 -62
right_child=1 8 5 9 -6 -7 -8 -9 -10 25 -12 15 -14 14 31 17 49 -19 52 40 21 -23 51 55 36 26 -28 -29 -30 -31 -32 -33 33 45 -36 -37 39 38 -40 -41 41 -43 -44 -45 54 -47 -48 48 -50 -51 57 -53 -54 -55 -56 56 -58 -59 59 -61 61 -63
leaf_value=0.049357522041654889 0.010743644890102761 -0.019007230850354381 0.02964844288246446 0.0081425970503557852 0.031711132406388835 0.040188436611079195 0.0037911944209624579 0.022507577597060534 -0.047307730683266234 0.048891700491716941 -0.023485623922013615 -0.030309929873306787 -0.029244140065036773 -0.020260407153946593 -0.035893723406099247 0.043188310338176987 -0.036657254050338817 0.022508648830209588 -8.1709024864703937e-05 -0.052256175553124111 0.056415372729610072 0.012751581392221649 0.095233035149762169 -0.078101005480261845 -0.036445297000081311 0.2299678844061718 -0.044762128297190409 -0.014690421039380725 0.18427346691265301 -0.036521138341645644 0.012473205378437907 0.030389723698338245 0.098798190163593314 0.0018366400241849542 -0.043406690334058612 0.047438923393612033 0.0019204205713150091 0.012541920126991591 0.06193742248702 -0.033966499157266176 0.032265865268433495 0.12737139669203748 -0.029339408720231459 0.11861367893896298 0.073156298678221682 -0.026897327386699268 -0.002750339456656706 0.061387406289329732 -0.011663046596629222 0.054241162820147286 0.029880614225752156 -0.0038635725827518294 -0.081269610947850915 -0.05461962890028798 0.0069984858532249426 0.046238732798492929 -0.039327983561307019 -0.054658229185556656 -0.039922511404657995 0.051299613678704836 0.035561673748081432 -0.021589782009845005
leaf_weight=1181.8567169904709 292.58989590406418 6.2057424513623101 469.10628217086196 1169.3504336895421 209.27016045153141 495.60930816829205 1060.7469658777118 683.61786722391844 337.88335406500846 17.050088405609131 64.227636523544788 16.784271834418178 79.41765330452472 99.513361275196075 126.81252145208418 38.770298097282648 106.41082778200507 330.62709565926343 69.854759047739208 10.296929847449062 7.4554307013750067 65.694793820381165 5.9118392467498806 23.789001686498523 16.441378377377987 1.2991040209308291 57.396545454859734 197.41295852605253 4.9418227113783351 13.279505863785742 268.85724204033613 22.213942974805832 6.3541152654215685 122.47014581039548 28.726776731200516 19.810251937247813 299.88510411605239 44.747556090354919 44.146167952567339 45.132191013544798 32.847713128663599 8.2045972524210793 385.81974553549662 4.3965790667571127 9.498150975443421 104.0700467871502 1013.4489321690053 22.192217661067843 29.85999502800405 6.7727087689563623 20.510732490569357 14.271561720408497 9.453479399904607 18.181490316055715 1088.4983661901206 7.6928306818008414 56.659786279313266 7.285010151565074 34.657836314290762 8.1986081879585964 63.738967068493366 15.992369282990692
leaf_count=5463 686 350 1650 7816 499 1772 2636 1521 58443 39 185 117 832 798 4301 93 1022 1960 416 46 17 426 35 159 72 12 2274 6585 101 519 723 282 125 2870 414 85 1298 187 156 224 264 98 44602 75 67 3188 6527 69 234 41 78 130 97 296 8158 13 593 165 293 44 205 89
internal_value=0 0.000960244 0.0395529 0.00442293 0.0119858 0.0301521 0.0100175 0.0163595 -0.0366329 0.00133687 0.00456347 0.00326642 4.53302e-05 0.0010157 -0.00485916 0.00753283 -0.00495907 0.0100084 0.00665431 0.0105026 0.00560499 -0.0107142 -0.0240716 -0.034551 0.00100737 -0.00510536 -0.0171739 -0.00983425 0.0388467 -0.0110287 0.0234004 -0.0151991 -0.018036 -0.0082797 -0.0125114 0.0116573 0.00471296 0.0160554 0.0371708 -0.00276799 0.0250874 0.0516582 -0.0275121 0.0381694 0.00880442 -0.0113474 -0.00188639 0.00745779 0.0194438 -0.0234932 -0.0274907 0.0252423 -0.0183488 -0.011451 0.00758194 -0.0423573 -0.0289657 0.00742801 0.00250149 -0.0222762 0.0136065 0.024023
internal_weight=0 8708.79 2415.43 7974.48 2310.45 1233.57 2101.18 1040.44 734.305 5664.03 356.818 4359.2 2484.62 2405.2 1054.37 1874.59 309.702 1564.88 1234.26 168.723 1350.83 181.475 115.78 95.597 672.454 1304.83 274.33 216.933 19.5204 14.5786 737.964 381.921 359.707 232.894 65.3213 36.5945 572.94 227.923 88.8937 345.017 103.401 41.0523 396.422 10.6023 1136.77 226.54 1030.5 62.3491 52.0522 140.979 134.207 20.1834 97.4897 88.0362 1098 88.1416 64.3526 27.7957 139.029 42.8564 96.1727 79.7313
internal_count=172535 162927 9608 59457 5527 4145 5028 2392 103470 53930 871 37873 24153 23321 14132 13720 2633 11087 9127 1327 9189 1373 947 782 3366 16057 9491 7217 632 531 2373 10766 10484 6183 616 202 2568 1046 343 1522 711 362 45027 425 8318 6058 6566 349 303 1306 1265 165 809 712 8225 765 606 243 703 337 366 294
is_linear=0
shrinkage=0.05


Tree=57
num_leaves=63
num_cat=0
split_feature=11 11 11 11 8 8 11 6 1 1 10 11 0 1 8 1 0 5 2 10 9 10 6 1 10 9 8 8 11 1 1 9 10 2 2 8 2 10 5 2 1 0 5 6 0 3 3 9 5 3 1 8 9 9 9 11 1 6 10 5 9 9
split_gain=1062.15 423.207 89.9639 67.8996 34.3463 32.6433 28.6826 25.4752 21.559 25.7857 23.4807 23.5315 20.9046 32.3891 23.373 24.0562 20.3124 20.2177 20.8504 22.0581 24.9922 20.1629 19.717 20.6935 19.8918 19.6424 19.2965 19.0811 19.0098 41.1371 42.4169 33.0624 19.8502 18.4644 34.5111 20.2154 21.4382 18.2211 19.9531 17.4891 23.0121 19.6307 18.5304 17.481 17.3109 20.8564 17.6672 17.2134 16.2683 15.9141 15.8824 15.7749 16.1984 15.4531 15.4508 18.5489 15.3503 15.0502 14.7422 28.5022 19.2078 14.7219
threshold=0.44291666666666679 0.64191666666666691 0.38758333333333345 0.49775000000000008 8.3500000000000032 6.3500000000000005 0.70558333333333356 51.500000000000007 1.1250391304347829 1.0884484563055994 61.500000000000007 0.56425000000000014 18.585371486643442 1.3801311249137338 12.350000000000003 2.1983307697593415 14.940141014964547 3.5000000000000004 1.030439761156035 58.500000000000007 44.500000000000007 54.500000000000007 41.500000000000007 1.0286015037593985 59.500000000000007 52.500000000000007 5.1500000000000012 14.850000000000003 0.60458333333333347 0.45362916448630741 0.44563631300473411 48.500000000000007 16.500000000000004 0.82290749459473733 0.83336376550620261 15.15 0.72285805154784755 57.500000000000007 1.5000000000000002 0.82290749459473733 0.56443823090489775 13.25243952206341 3.5000000000000004 40.500000000000007 15.875209235209237 13.394186904387835 12.883457341899176 43.500000000000007 1.0000000180025095e-35 13.573673844242437 1.8381724903474905 11.250000000000002 75.500000000000014 34.500000000000007 63.500000000000007 0.50741666666666685 0.67733401604369348 47.500000000000007 68.500000000000014 1.0000000180025095e-35 71.500000000000014 86.500000000000014
decision_type=2 2 2 2 2 2 2 2 2 2 2 2 2 2 2 2 2 2 2 2 2 2 2 2 2 2 2 2 2 2 2 2 2 2 2 2 2 2 2 2 2 2 2 2 2 2 2 2 2 2 2 2 2 2 2 2 2 2 2 2 2 2
left_child=2 3 -1 4 22 21 27 8 9 10 17 26 13 16 15 47 37 -5 19 20 -19 -4 23 24 -2 -26 -12 -3 32 30 31 -30 -9 35 56 -13 -37 38 -10 40 -28 -42 -41 -36 45 -18 -46 -14 -47 50 57 52 -17 -34 -22 -56 -35 61 60 -60 -48 -15
right_child=1 6 5 7 -6 -7 -8 28 12 -11 11 33 14 49 -16 51 44 18 -20 -21 54 -23 -24 -25 25 -27 39 -29 29 -31 -32 -33 53 34 43 36 -38 -39 -40 42 41 -43 -44 -45 46 48 58 -49 -50 -51 -52 -53 -54 -55 55 -57 -58 -59 59 -61 -62 -63
leaf_value=0.049041954928259662 0.014269495726926887 -0.032673718637369169 0.03048828098697895 0.0077149563088496596 0.020521642130205742 0.039520041734956587 -0.0471510366635896 0.048786539864841647 -0.029151349661349253 -0.028166564700478409 -0.01950060132217837 -0.035230742466256612 0.041100491593539595 -0.048035263912684117 0.021252388097907672 0.0012529099488775939 0.089348726350422916 0.053359319617258164 0.012070717147888176 0.023700483167671052 -0.076006210087597101 0.013725317371188168 0.0016150051433273277 0.020252852421726107 -0.046933535946664121 -0.00097658530185862043 0.0023650470083721379 -0.0054514584696071233 0.23545001382604194 -0.029300362882679804 0.19950891821742542 -0.028497468109277481 -0.078878337056069503 0.0084977271057612002 -7.2537082611977277e-05 -0.026789110656867413 0.11930120517661456 -0.042400543814330727 0.044797737038551291 0.0018232276720069184 0.06052018332400886 0.013441525325940949 -0.032679956029357284 -0.028783247890361803 -0.046417495151107449 0.061544444038279703 0.025913737799190695 0.0071838272993688312 -0.028202928245600063 0.050930409960423667 0.0070631246031146316 -0.079778315768461117 -0.048594209992595193 -0.0030197553142850388 0.04439634086543448 -0.03814083428050366 0.15381045368521173 0.024549256154588656 -0.03483898503546521 0.09140543036725457 -0.054559492472202514 0.015774127817845103
leaf_weight=1131.2699533142149 210.64412907510996 303.45014008693397 385.70280892401934 1172.3846893785521 719.18324878066778 479.2122714035213 322.44641543133184 18.354165766388178 16.587847627699375 78.364340109750628 98.257721984758973 122.84244270902127 38.709335433319211 85.49490756355226 332.61560458689928 65.97918666806072 18.035620968788862 7.4930057823657981 65.929804463870823 20.406387317925692 23.239210127852857 338.65711725130677 772.55355552583933 432.06995932012796 28.1319270581007 133.18245743215084 138.67404502443969 82.339075600728393 1.2645875327289093 142.44210690818727 3.8362623527646056 8.9403232764452678 6.6603296846151343 3.1019210238009682 155.71034131664783 5.4842177946120483 4.426868749782443 27.960071773268282 19.931946368888021 300.07813391089439 40.769918996840715 49.243189200758934 44.581707887351513 80.565123058855534 12.023943580687044 9.6062492569908517 22.66432961076498 1100.8515923283994 10.356200505979357 6.8565762927755705 27.638847903348505 9.1580742802470905 21.464428738690913 1117.8495818022639 7.6175539642572394 55.534327844157815 4.6119145397096872 9.3702984666451794 6.2948469566181329 14.589203487150369 10.896408669650553 9.9321812931448203
leaf_count=5463 471 37837 1267 7816 1746 1772 58443 46 117 832 798 4301 93 788 1960 372 80 17 426 165 159 1106 1928 959 89 334 703 7190 10 6245 73 412 38 78 3740 77 37 414 85 1298 141 202 224 2479 110 55 81 8225 88 41 243 97 340 9233 13 593 54 95 76 103 118 139
internal_value=0 0.000911739 0.0389106 0.0042113 0.0114634 0.0293805 -0.0361212 0.00126649 0.00309987 3.73021e-05 0.000961061 -0.00465266 0.00714228 -0.00474972 0.0094822 0.00630968 0.00994451 0.00531574 -0.0102597 -0.0231843 -0.0334426 0.022661 0.00732712 0.0128085 0.00414458 -0.00904619 0.000951269 -0.0268795 -0.00487624 -0.0212191 0.0600364 0.005693 -0.00263251 -0.0146534 -0.00645729 -0.0296634 0.0385038 -0.0120603 0.0110845 0.00446773 0.0151884 0.034864 -0.00263344 -0.00989149 0.0235728 0.0504715 0.00806791 0.00834382 0.0148272 -0.0226024 -0.0264827 -0.0176182 -0.0109673 -0.00348048 -0.0410821 -0.0280515 0.0968731 -0.0353759 0.0202555 0.05313 -0.000150015 -0.041332
internal_weight=0 8659.68 2334.84 7951.45 2295.77 1203.57 708.236 5655.68 4356.33 2479.32 2400.95 1048.35 1877.02 308.239 1568.78 1236.16 168.947 1352.6 180.22 114.29 93.8841 724.36 1576.58 804.028 371.959 161.314 671.605 385.789 1299.35 156.483 14.0412 10.2049 1142.86 376.743 243.989 132.754 9.91109 64.4799 36.5198 573.347 228.687 90.0131 344.66 236.275 104.467 37.9981 66.4687 1139.56 19.9624 139.293 132.436 96.6017 87.4436 1124.51 86.3911 63.1519 7.71384 104.797 54.4448 20.8841 33.5607 95.4271
internal_count=172535 162927 9608 59457 5527 4145 103470 53930 37873 24153 23321 14132 13720 2633 11087 9127 1327 9189 1373 947 782 2373 3781 1853 894 423 3366 45027 16057 6740 495 422 9317 10766 6351 4415 114 616 202 2568 1046 343 1522 6219 711 223 488 8318 143 1306 1265 809 712 9271 765 606 132 1022 378 179 199 927
is_linear=0
shrinkage=0.05


Tree=58
num_leaves=63
num_cat=0
split_feature=11 11 11 12 10 11 11 7 0 10 1 1 11 7 10 10 9 10 10 4 0 12 1 1 7 2 9 9 7 10 7 10 1 12 7 0 0 11 9 9 10 4 2 10 7 11 9 10 3 14 2 4 10 1 12 9 12 12 10 1 1 10
split_gain=1006.02 414.96 104.925 41.11 32.8007 28.9609 27.021 21.728 20.377 27.4498 23.257 22.8742 31.7185 18.3267 18.146 17.6566 17.0891 16.3077 16.1421 17.671 15.7973 15.6534 16.4387 35.4361 17.0025 23.6214 14.4402 23.4752 14.0102 13.9635 15.8943 13.8767 13.8337 24.2648 19.2183 14.4784 21.7886 23.9672 22.9767 30.8925 23.9854 32.6062 32.7103 30.0983 15.3561 14.6539 20.5954 19.0808 29.0886 32.3305 17.5126 49.8757 14.3674 24.8123 14.3597 13.4191 13.4161 15.403 13.0684 12.888 13.9031 38.4029
threshold=0.42541666666666672 0.64191666666666691 0.48125000000000012 4.908429448785566 49.500000000000007 0.70558333333333356 0.59741666666666682 2.5000000000000004 25.384564285714287 77.500000000000014 1.3500545454545458 1.0204665816326532 0.63975000000000015 6.5000000000000009 16.500000000000004 31.500000000000004 72.500000000000014 45.500000000000007 38.500000000000007 5.5000000000000009 13.25243952206341 7.9317789499972413 0.907095641085789 0.84036806722689095 18.500000000000004 1.0693632889413076 80.500000000000014 73.500000000000014 9.5000000000000018 96.500000000000014 9.5000000000000018 88.500000000000014 1.1723174281858495 7.650477975332346 4.5000000000000009 15.202428571428573 15.239797713666379 0.61625000000000019 63.500000000000007 66.500000000000014 41.500000000000007 2.5000000000000004 0.75601098152936397 62.500000000000007 20.500000000000004 0.61375000000000024 82.500000000000014 58.500000000000007 13.16990388361171 1.0000000180025095e-35 0.48249860088139668 4.5000000000000009 53.500000000000007 1.1250391304347829 7.6707902545301501 66.500000000000014 7.9828122870579348 7.8274963763555814 63.500000000000007 2.1983307697593415 1.8718231582231584 73.500000000000014
decision_type=2 2 2 2 2 2 2 2 2 2 2 2 2 2 2 2 2 2 2 2 2 2 2 2 2 2 2 2 2 2 2 2 2 2 2 2 2 2 2 2 2 2 2 2 2 2 2 2 2 2 2 2 2 2 2 2 2 2 2 2 2 2
left_child=3 2 4 -1 28 15 7 -4 32 10 11 18 -13 -11 -9 26 20 -5 -10 21 58 22 23 24 -20 -26 27 -3 -2 -16 -31 -22 35 -34 -35 45 38 44 -37 -40 -41 42 -42 -44 52 -8 47 48 49 -47 51 -49 56 54 -54 -24 57 -38 -6 60 -12 -62
right_child=1 5 6 17 16 -7 8 14 9 13 59 12 -14 -15 29 -17 -18 -19 19 -21 31 -23 55 -25 25 -27 -28 -29 -30 30 -32 -33 33 34 -36 36 37 -39 39 40 41 -43 43 -45 -46 46 -48 50 -50 -51 -52 -53 53 -55 -56 -57 -58 -59 -60 -61 61 -63
leaf_value=0.05008226502125096 0.034767115880317376 -0.04857209508267879 0.036901814480233996 0.042730151896502359 0.010590715507065605 -0.046988600650534777 -0.039421286647775181 0.031132840416423627 0.087327543617900141 0.10049203013620037 0.021633836113110851 -0.035662731119928737 0.1228764323974839 -0.035518270003176276 0.0029052247023333678 -0.028103701807225642 -0.0053714672247701378 0.028777878853011418 -0.0020486637369638897 -0.039029290384747201 0.016628025155738038 -0.017328490964684241 0.053060646172043383 0.20330281908459324 -0.0015036754024320832 0.16978860471721968 -0.048246959701709793 0.13729221590445959 0.019270518981320803 -0.05143986904981826 -0.0045379491713857436 -0.013978439507689597 0.14599545722185761 0.12223519264325389 -0.032320702266967365 -0.03453284655284438 0.068607882552204597 -0.025720710467254777 0.17345876305717789 0.11644055396539912 -0.048607841470841705 -0.029145841901739966 0.26331344658646988 0.025847446793256398 -0.0392468108789863 0.20796802923643068 -0.050670821331630124 -0.01731069113321906 0.0041416397883160903 0.0021771904615992686 -0.031797643979640668 0.283488028626869 0.11396693383151169 0.13855895319182468 -0.010962048482411871 -0.05143202133598012 0.078104033731953404 -0.022113387786404273 -0.018400543282037021 -0.030166021483972877 0.03859226184189482 0.21387396755657451
leaf_weight=936.24241058900952 201.35364730656147 2.4463839726522547 47.186308659613132 376.82949374988675 88.681432701647282 307.75478311162442 60.151276769116521 56.104167141020298 6.8710550339892498 2.4918105732649556 82.075399345718324 55.949764248915017 3.2342695565894237 50.551621953956783 5477.1750985877588 365.07901279814541 156.30101548135281 483.62375585362315 11.354668125510221 15.683087872341273 784.41364195197821 17.410051385872066 5.2980759534984809 3.7856921069324008 3.5779119916260234 4.3335067704319954 3.3160097352229059 4.9557997873052955 544.53064892441034 23.98552998714149 73.526960241608322 38.617260307073593 1.888762617483734 1.9360308442264784 121.77447778731585 10.543591591529546 7.6711793579161194 97.953702391125262 4.2952506821602574 6.5158138107508412 2.7055988339707273 17.427496701478958 3.0377424489706755 2.4513325924053788 14.651050549931822 4.4165488965809372 20.333068241365254 5.8044949425384393 17.214785062707961 3.3948603058233857 30.873383608646691 1.6929722120985387 2.2922785691916934 3.0279191862791768 57.318957208655775 7.0034463824704289 14.438469026237724 11.565074324607847 68.967968240380287 8.9318200089037401 22.105220340192322 3.5827323636040083
leaf_count=4754 571 96 106 1517 222 58443 1874 133 103 49 1677 1539 80 2547 28718 44602 397 1928 213 536 1951 690 63 62 59 59 273 56 1439 205 864 105 30 12 3782 254 72 4128 96 68 105 666 49 108 405 49 1209 301 488 71 1585 82 42 60 1609 187 140 155 195 258 352 46
internal_value=0 0.00186475 0.00491729 0.0428156 0.0153121 -0.0355926 0.00190876 0.00314092 -0.00651764 0.00376642 0.0106841 -0.00345487 -0.0267219 -0.0288578 0.00285646 -0.0262366 0.00995793 0.0348982 0.0147732 0.0073 0.0124065 0.021213 0.0403295 0.0651671 0.0368563 0.0926463 0.0365705 0.0753699 0.0234647 0.00257044 -0.0161667 0.0151843 -0.0124821 -0.0269679 -0.0297648 -0.00791299 -0.000755832 -0.007696 0.0299535 0.0487959 0.0314932 0.00932765 0.0911164 0.160519 0.00817903 -0.020598 -0.00698493 0.00700526 0.0409381 0.120321 -0.0150453 0.0527907 0.0154784 0.00122113 -0.0058915 -0.00596049 0.0417686 0.0139743 -0.00206422 0.0270123 0.0318214 0.0639675
internal_weight=0 9074.01 8390.46 1796.7 1882.87 683.552 6507.59 5677.98 829.616 304.24 251.197 134.502 59.184 53.0434 5630.79 375.797 1136.98 860.453 75.3175 68.4464 980.68 52.7634 35.3533 23.0518 19.2661 7.91142 10.7182 7.40218 745.884 5574.69 97.5125 823.031 525.376 125.599 123.711 399.777 255.895 208.919 46.9768 36.4332 32.138 25.6222 8.19467 5.48908 110.965 143.881 83.7301 63.397 25.0262 7.81141 38.3709 7.49747 96.3139 62.6392 59.6112 12.3015 33.6747 19.2363 157.649 116.695 107.763 25.688
internal_count=172535 164336 60866 8199 4880 103470 55986 30026 25960 8520 5924 3591 1619 2596 29920 45027 2870 3445 1972 1869 2473 1333 643 393 331 118 425 152 2010 29787 1069 2056 17440 3824 3794 13616 7957 6611 1346 1092 996 928 262 157 2483 5659 3785 2576 608 120 1968 383 2078 1711 1651 250 367 227 417 2333 2075 398
is_linear=0
shrinkage=0.05


Tree=59
num_leaves=63
num_cat=0
split_feature=11 11 11 8 12 11 11 8 7 8 8 10 10 3 8 1 11 7 9 8 2 1 2 10 2 11 3 1 1 3 5 8 10 1 11 2 2 11 10 13 8 11 10 1 10 1 2 1 7 9 10 1 9 2 12 12 12 7 3 9 11 12
split_gain=952.837 386.564 96.3123 42.6409 42.0591 29.1525 24.706 26.7784 19.8075 18.5121 17.3522 17.3471 16.6514 16.1922 16.1401 20.4663 19.884 24.0169 24.1413 18.3067 56.2885 19.8811 15.857 24.9796 14.9915 16.6365 23.8927 14.0565 19.0331 26.4223 15.415 13.2882 17.3229 16.085 14.5913 22.1106 21.5049 14.076 16.1789 13.2495 18.8514 14.8221 13.2366 13.047 12.8632 12.6347 13.6424 19.5267 12.4115 12.3287 12.3164 32.5431 12.2172 11.7583 11.6141 15.0022 30.4424 20.2344 31.6575 13.5349 11.2745 12.5613
threshold=0.42541666666666672 0.64191666666666691 0.48125000000000012 7.8500000000000005 4.908429448785566 0.70558333333333356 0.59741666666666682 15.750000000000002 2.5000000000000004 14.850000000000003 6.3500000000000005 49.500000000000007 11.500000000000002 13.787467316158301 8.1500000000000004 0.48850024420024424 0.60725000000000018 16.500000000000004 65.500000000000014 8.3500000000000032 1.8146044652877988 0.72568260478034929 0.87777792028484347 50.500000000000007 0.6058036434108528 0.6272500000000002 13.728301426562949 1.8113692307692311 1.904709523809524 12.796971693193582 3.5000000000000004 9.2500000000000018 52.500000000000007 2.1983307697593415 0.58625000000000016 1.2262672310405647 1.4847521088435376 0.52658333333333351 99.500000000000014 1.0000000180025095e-35 16.750000000000004 0.6305833333333335 53.500000000000007 0.29890344416154752 78.500000000000014 0.90685223922902514 0.9384973684210528 0.80205393483709286 24.500000000000004 59.500000000000007 45.500000000000007 0.3603751803751804 50.500000000000007 0.76679775427487018 8.8509600595457538 8.8000656294250152 8.8128235214355417 19.500000000000004 12.766315898521109 99.500000000000014 0.60458333333333347 7.9147380664574873
decision_type=2 2 2 2 2 2 2 2 2 2 2 2 2 2 2 2 2 2 2 2 2 2 2 2 2 2 2 2 2 2 2 2 2 2 2 2 2 2 2 2 2 2 2 2 2 2 2 2 2 2 2 2 2 2 2 2 2 2 2 2 2 2
left_child=4 2 3 11 -1 9 8 13 -4 -3 44 -2 -10 14 -8 16 -16 18 -18 20 21 -17 23 -9 25 50 -27 30 29 -29 -21 32 33 34 -14 53 -37 45 48 40 41 -24 -34 -11 -6 46 -33 -48 -39 -45 -19 -52 -49 -36 55 57 -57 -51 -59 -56 -30 -62
right_child=1 5 6 -5 10 -7 7 22 12 43 -12 -13 31 -15 15 19 17 24 -20 27 -22 -23 39 -25 -26 26 -28 28 60 -31 -32 37 42 -35 35 36 -38 38 -40 -41 -42 -43 -44 49 -46 -47 47 52 -50 54 51 -53 -54 -55 59 56 -58 58 -60 -61 61 -63
leaf_value=0.049824032964574445 0.017821839153921541 -0.031561328608015631 0.035345938105637319 0.025875660213959564 0.030590008169757162 -0.046820148740530608 -0.026712446279100601 -0.0037777155945079815 0.038668283206710424 0.11065804048760713 0.043804679429916456 0.0054474655278661408 0.0062549309683344522 -0.050784153758474337 -0.032154348990752535 0.12088619896419761 0.11670181330791927 0.25161014857340047 -0.03340267617193015 -0.0077286494336909015 0.26388629047038542 -0.049719545674972852 0.019163043045591528 0.098114335451675819 0 -0.047768461377996924 0.19016259883563164 0.16969622183775768 -0.052845816474572288 -0.004401422496856721 -0.03292271388262627 0.0087774396283499707 -0.028207117517210886 -0.038276288334420559 0.070762114082882271 0.19475155591174739 0.030972323578840069 0.0027899727462470467 -0.048758211087396641 -0.041967721559204862 -0.015218348462499812 0.1020295610924493 -0.0016620310334284464 -0.050214030394863877 -0.0034180289939072144 0.015992274386698788 -0.058300019487070392 0.026068648795354504 0.058256468277123934 -0.0030114229546917646 0.24097974062390262 0.0034134387290660831 -0.019904379651134285 -0.051268574445773499 -0.033152016049301944 0.25176961336756526 0.0028696697543605541 0.36690928364598696 -0.042778173052297634 0.15952244364987589 0.041809373609005988 -0.013794950084334215
leaf_weight=895.08178929239511 425.58235808461905 285.9787411512807 46.814260959625244 585.8718993589282 504.5180798470974 293.77279516123235 98.787040849216282 10.337522566318514 31.935715408995748 2.2897594175301483 301.6347235776484 852.30061021447182 829.6998942438513 22.706402950920165 9.8147696070373041 2.2172397235408408 3.4135331036523011 2.4902971088886279 11.156158299185334 442.66734050307423 2.4218024676665655 6.3698935890570283 15.332781337201597 13.964402375742791 3.55867442395538 2.9097643774002782 1.5151499742642043 4.2757910117506963 7.5639539323747149 4.223580845631659 70.525770341977477 261.08859173953533 48.0069534573704 19.784769080579281 3.0955033171921986 3.919062387198208 4.2587328441441059 1827.561380147934 15.054956614971159 11.200543597340582 21.522201521322131 8.4510782547295076 2033.3588362019509 13.990677041467277 29.128507830202579 462.03263826668262 19.43865741789341 24.767504498362541 10.052119787782429 32.58265862474218 2.5872295424342155 3.210136161185801 34.384157627820969 5.0453913416713476 23.480939839966599 1.8797232881188382 3.3533277274109423 0.85728881135582813 0.85462882183492184 0.84256686316802998 19.67953709885478 20.620079391635954
leaf_count=4754 1097 37837 106 1654 2015 58443 5976 100 68 120 1306 2129 3196 1276 230 97 68 24 460 12469 65 316 162 159 98 161 33 63 151 121 2251 601 289 100 56 60 65 9878 159 150 266 92 14082 1272 124 1003 65 52 36 2158 39 97 96 114 3111 87 286 59 41 56 285 751
internal_value=0 0.00177486 0.00468111 0.0147019 0.0422779 -0.0350651 0.00180857 -0.00628246 0.00298256 -0.0256088 0.0341805 0.00957357 0.00271211 -0.00926175 -0.00793847 -0.00494115 0.0292863 0.0490413 0.00198026 -0.00735126 0.056163 -0.00420828 0.0210161 0.0547289 0.0906061 0.115822 0.0349994 -0.00859735 0.015048 0.0835556 -0.0112064 0.00250554 0.000192598 0.00613725 0.00718621 0.0539046 0.111469 0.00507162 0.00267255 0.00635773 0.018481 0.0491211 -0.00227802 -0.00428977 0.0287241 0.0106083 0.00326783 -0.0149603 0.00309926 -0.00787281 0.157447 0.11257 -0.000559031 -0.00396514 0.00139057 0.0181773 0.0962571 0.00587242 0.168551 -0.0256472 0.0026297 0.0132709
internal_weight=0 9027.46 8367.58 1863.75 1730.36 659.883 6503.82 823.523 5680.3 366.11 835.281 1277.88 5633.48 742.714 720.008 621.221 40.6557 30.8409 14.5697 580.565 11.0089 8.58713 80.8085 24.3019 16.2713 12.7126 4.42491 569.556 56.3629 8.49937 513.193 5601.55 2947.17 865.803 846.019 16.3187 8.1778 2654.38 1852.67 56.5066 45.3061 23.7839 2081.37 80.1316 533.647 801.712 339.679 78.5903 1837.61 77.8418 8.28766 5.79737 59.1517 8.14089 63.8511 39.5276 5.23305 34.2946 1.71192 24.3235 47.8636 40.2996
internal_count=172535 164336 60866 4880 8199 103470 55986 25960 30026 45027 3445 3226 29920 25031 23755 17779 1210 980 528 16569 478 413 929 259 452 354 194 16091 1371 184 14720 29852 17962 3591 3491 295 125 11890 10073 670 520 254 14371 7190 2139 1817 814 213 9914 7070 160 136 148 170 5798 2631 373 2258 100 3167 1187 1036
is_linear=0
shrinkage=0.05


Tree=60
num_leaves=63
num_cat=0
split_feature=12 12 12 12 8 12 8 12 8 12 1 2 1 2 6 0 6 8 2 3 1 8 2 5 12 8 7 6 12 2 0 6 2 7 5 1 7 1 1 1 2 8 6 5 7 8 6 1 1 3 0 7 2 2 8 8 2 14 12 12 6 6
split_gain=881.198 358.159 63.7879 52.1919 33.2768 22.3692 21.8685 19.6571 31.2027 49.526 52.3834 112.266 21.7482 23.9884 51.5623 19.3502 18.7843 18.4996 19.4588 19.1552 17.5227 20.2775 38.3455 29.0229 34.5247 18.0452 16.8873 16.4398 22.7445 18.4239 18.3208 15.9611 26.8891 14.977 23.7112 39.5929 14.3515 14.2244 25.9556 15.9512 15.3264 14.0151 23.6412 18.3133 17.9735 14.0183 13.8472 13.7441 40.1845 24.8074 27.3345 27.8269 27.557 29.2969 36.3715 24.2205 32.2834 19.5889 25.0326 20.6513 20.618 28.057
threshold=5.6571700605766138 8.572186002826383 4.908429448785566 6.1680155107828378 10.550000000000002 9.2104493021708027 5.2500000000000009 8.0474063850476139 11.350000000000003 8.5589390246246442 0.91885015744545795 0.81200665931168581 0.44819630252100845 0.55176449259610705 48.500000000000007 12.416725123152711 56.500000000000007 3.0500000000000003 1.609792120181406 13.133232919246 1.7634475961538463 11.550000000000002 1.097964199940846 1.5000000000000002 8.2585881274442503 11.950000000000001 2.5000000000000004 38.500000000000007 6.6027716251858601 1.4317320689655175 18.331366666666671 28.500000000000004 0.36219818946717447 8.5000000000000018 1.0000000180025095e-35 0.77760384241608749 10.500000000000002 2.2489022727272734 2.1768969126111988 2.8585214285714291 2.3831925170068033 11.250000000000002 63.500000000000007 3.5000000000000004 10.500000000000002 15.550000000000002 67.500000000000014 0.88805044400044408 0.89639548792489976 12.796971693193582 27.108880555555558 12.500000000000002 1.1142933333333336 1.097964199940846 12.850000000000003 15.15 0.84816059387249909 1.0000000180025095e-35 8.1998714733105853 8.125374102868177 39.500000000000007 29.500000000000004
decision_type=2 2 2 2 2 2 2 2 2 2 2 2 2 2 2 2 2 2 2 2 2 2 2 2 2 2 2 2 2 2 2 2 2 2 2 2 2 2 2 2 2 2 2 2 2 2 2 2 2 2 2 2 2 2 2 2 2 2 2 2 2 2
left_child=2 3 -1 4 17 31 16 26 46 12 11 -11 13 36 -15 -14 -4 -2 19 -19 21 22 -17 -24 -25 -23 -5 28 29 -28 -31 32 -3 34 35 -33 -10 38 40 -39 41 42 -29 -43 -45 -46 -9 55 -49 -50 51 -51 53 54 -53 -27 -57 58 -54 -59 61 -60
right_child=1 5 6 7 -6 -7 -8 8 9 10 -12 -13 15 14 -16 20 -18 18 -20 -21 -22 25 23 24 -26 47 27 37 -30 30 -32 33 -34 -35 -36 -37 -38 39 -40 -41 -42 43 -44 44 45 -47 -48 48 49 50 -52 52 57 -55 -56 56 -58 59 60 -61 -62 -63
leaf_value=0.049868138169111037 -0.0032532544929686595 0.38924113452206227 0.027384997660306588 0.030757595902932901 0.038354755990710962 -0.046805763791020666 0.038312572780920574 -0.021748515445290374 0.081258322381188311 -0.044454498693786558 -0.045108169744071919 0.58026089580998552 -0.045425566280756724 -0.012898112959256001 0.21427055188781999 -0.048639016279116737 -0.0018398054791571167 0.003199768588618319 0.025612146897469924 0.02019357415940411 -0.042489957264089238 -0.050490568066269753 0.026375127876364174 0.4106233449657391 0.072368077066647413 -0.031501554207076461 0.0070215556261968423 0.0006555346494267352 0.0036995989409423602 -0.016316926586105854 0.027246287553460043 0.31233226782810286 0.0013080558850623715 -0.033361281488134262 -0.048071712861506799 -0.044420549116750863 -0.011147889840371995 -0.027436232668290546 0.054384950902905696 0.035392764344679584 -0.051683109946402406 0.0099136028452440315 -0.022608764472990685 0.013471488528871832 -0.036578640128226203 0.040825101568968201 0.17717661604617843 0.19270901286059247 -0.016887061395778873 -0.024031365151621728 0.19954780847587616 0.20685603510238187 -0.020607350468979047 0.24323647445874849 -0.049928896376810111 0.068550293056604344 -0.051488035219489005 0.088048194488283577 0.012193838663251806 -0.037765047078453143 0.0018292172338025417 0.20447784143679151
leaf_weight=858.56551379337907 184.34227669984102 0.35379435168579476 418.25172629579902 56.971204971894622 125.6453033015132 292.53082339512184 532.67992101609707 215.60966164525598 5.4432952934876111 1.2676556771621101 1.727830601390451 1.4837191896513102 24.632179253268987 4.738092700019477 5.0682215103879571 3.5717219002544862 62.92381863668561 437.5614380389452 263.35880016535521 267.82850974053144 20.888470365665853 15.000890634488313 2.4859339282847941 1.6309695430099966 1.5027412869967518 47.899062134791166 402.6790134459734 2393.4852313678712 2211.4063748624176 26.253071159124374 273.83204965293407 1.5450476924888783 30.617074463982135 209.735037448816 3.1624598996713758 1.3931539948098359 17.063431556802243 74.677587538957596 23.041083549149334 11.52808008994907 13.518107349053023 726.38316694926471 114.31372150871903 40.867222185246646 58.127070759423077 6.3603590205311766 0.77417031535878678 3.0710499980486921 44.451679058838636 19.94899787614122 2.2358652632683507 2.192727212328462 5.8848553737625506 3.2464991956949234 3.3364558084867895 16.882799984887246 8.225869099609552 4.1093971189111498 2.8504221714101714 14.28301837062463 3.6593431876972309 6.0239645438268781
leaf_count=4766 478 17 1612 137 366 59579 2211 14415 64 71 192 98 786 92 51 178 246 1160 635 757 1058 953 163 63 89 1838 972 17508 14097 73 551 69 4038 29445 249 126 308 740 121 65 122 4487 1302 199 556 33 43 39 2406 567 80 41 104 51 103 194 284 73 67 618 194 111
internal_value=0 0.00203927 0.0398275 0.00462876 0.0139122 -0.0374274 0.0313158 0.00291847 -0.00651417 0.00405499 0.167217 0.299214 0.00146378 0.0400795 0.104983 -0.00336662 0.0235533 0.0112415 0.0140049 0.00966116 0.00106859 0.00539195 0.0776397 0.158221 0.257217 0.00206447 0.00366884 0.00342555 0.00619313 0.0140308 0.0234143 -0.0262768 0.007139 -0.0310959 0.0452601 0.145637 0.0112401 0.00109456 0.00160828 -0.0189451 0.00124251 0.00145979 -0.000403794 0.00708411 -0.0123677 -0.0288155 -0.0209322 0.00630233 0.0170626 0.0120441 0.0310908 0.0249721 0.0465315 0.125813 0.0528826 -0.010622 0.0289779 0.0272057 0.0635436 -0.00906023 0.1033 0.144098
internal_weight=0 8762.71 1872.42 8223.37 1278.74 539.337 1013.86 6944.63 511.191 294.807 4.47921 2.75137 290.328 32.313 9.80631 258.015 481.176 1153.09 968.749 705.39 233.383 212.494 9.19137 5.61964 3.13371 203.303 6433.44 6376.47 2914.17 702.764 300.085 246.807 30.9709 215.836 6.10066 2.9382 22.5067 3462.3 3376.1 86.2057 3353.05 3339.54 2507.8 831.738 105.355 64.4874 216.384 188.302 115.294 112.223 67.7715 65.5357 45.5867 8.77568 5.52918 73.0077 25.1087 36.811 18.4186 18.3924 12.5337 8.87439
internal_count=172111 163276 8835 69753 3396 93523 4069 66357 25394 10936 361 169 10575 515 143 10060 1858 3030 2552 1917 9274 8216 493 315 152 7723 40963 40826 15693 1596 624 33944 4055 29889 444 195 372 25133 24328 805 24207 24085 18810 5275 788 589 14458 6770 4454 4415 2009 1929 1362 195 144 2316 478 1167 476 691 372 178
is_linear=0
shrinkage=0.05


Tree=61
num_leaves=63
num_cat=0
split_feature=12 12 12 12 8 9 10 12 12 8 3 0 10 10 12 14 8 12 10 0 12 5 7 9 8 7 12 1 9 9 9 10 9 12 10 9 1 6 3 10 6 8 6 3 1 0 1 8 12 8 9 1 1 6 6 7 0 1 8 1 10 1
split_gain=835.557 341.047 65.1189 43.91 35.6971 29.7443 26.4927 30.1212 35.0239 35.4899 43.4057 52.1346 25.7461 22.9612 22.5744 19.2053 23.1007 20.4888 53.981 26.0626 50.4571 41.4383 25.859 19.5242 23.9231 24.9455 32.4849 44.2267 29.0519 31.1411 26.9167 22.4724 42.4207 48.476 20.7549 31.1377 18.7755 18.145 17.3268 17.277 26.654 16.9682 16.8606 16.6202 25.4412 24.9113 29.5775 27.0156 16.0727 17.751 18.7754 15.2617 23.1134 15.1812 17.3843 24.9358 38.0564 52.4738 51.8037 17.3548 15.3131 14.8732
threshold=5.5453885563561185 8.572186002826383 6.1680155107828378 4.908429448785566 5.6500000000000012 97.500000000000014 56.500000000000007 7.7104775395250416 8.5589390246246442 11.350000000000003 12.932835152942593 15.834450000000002 71.500000000000014 83.500000000000014 9.2104493021708027 1.0000000180025095e-35 2.9500000000000006 8.4934806162979406 57.500000000000007 20.539571428571431 8.519577880096298 1.0000000180025095e-35 15.500000000000002 58.500000000000007 12.950000000000001 15.500000000000002 7.9828122870579348 0.70091595203042589 67.500000000000014 78.500000000000014 92.500000000000014 62.500000000000007 86.500000000000014 8.2585881274442503 64.500000000000014 76.500000000000014 1.4062890000000003 56.500000000000007 12.932835152942593 67.500000000000014 66.500000000000014 10.750000000000002 21.500000000000004 13.092111810030188 0.63164132553606256 27.078857142857146 1.886671794871795 11.250000000000002 8.2869027626632015 13.850000000000003 50.500000000000007 2.382055137844612 2.6657444444444449 28.500000000000004 26.500000000000004 17.500000000000004 19.189777857742595 1.1904609523809526 10.15 0.95242743271221542 28.500000000000004 1.904709523809524
decision_type=2 2 2 2 2 2 2 2 2 2 2 2 2 2 2 2 2 2 2 2 2 2 2 2 2 2 2 2 2 2 2 2 2 2 2 2 2 2 2 2 2 2 2 2 2 2 2 2 2 2 2 2 2 2 2 2 2 2 2 2 2 2
left_child=3 2 4 -1 -2 6 51 42 13 -10 -11 -12 41 15 53 16 -9 39 -19 -20 21 -21 -23 48 25 26 -25 34 -29 -30 31 -31 -33 -34 35 -28 -7 -5 -38 -17 43 -6 -8 45 -45 -41 -47 -48 49 -18 -51 -4 -53 54 60 56 57 58 -56 -60 -3 -57
right_child=1 14 5 37 12 36 7 8 9 10 11 -13 -14 -15 -16 17 23 18 19 20 -22 22 -24 24 -26 -27 27 28 29 30 -32 32 33 -35 -36 -37 38 -39 -40 40 -42 -43 -44 44 -46 46 47 -49 -50 50 -52 52 -54 -55 55 61 -58 -59 59 -61 -62 -63
leaf_value=0.049624748533022824 0.0051427887606860997 0.1795201266380563 0.0071493679954232519 0.035996178651355015 0.020649772724278884 -0.039213860235623871 0.050394275498087872 0.19081047546999069 -0.046254023901821061 -0.042893957910324756 0.080980501231445789 0.52640712187941352 -0.0058331801152331515 -0.030634159740209711 -0.046630385519188369 -0.031298495153374212 0.0067062224709250485 0.44503007167036651 -0.049466054181290284 -0.038798637595255654 -0.046765761652963575 0.15875149883994213 0.5761119914806877 -0.0085857801228888028 -0.038794140531861941 -0.014104962734285296 0.16398036467519295 0.30847711123282506 -0.013997651619239576 0.25464464985074153 -0.046009692938753649 -0.0042659743391217763 0.31619399994795677 -0.043356884759559899 -0.050693049496800736 -0.049574624542561285 -0.013511259004238324 0.013352975825183445 0.079365339678489105 -0.041421387181804978 0.19534535565922684 0.041466971219904857 0.0021450777856422175 -0.027642554652133961 0.04053117250978485 -0.008330486115265788 0.22260476080134703 0.0061406585790047194 -0.050439316931455813 0.016152906582226997 0.1050636609353946 -0.051866275775799733 0.012544092274907097 -0.030492173146268689 0.46894850747067712 -0.048788584624245949 -0.046414875197226924 0.50182501423028147 -0.047564269619564281 0.23003075847021021 -0.037757502009321736 0.16602683545388233
leaf_weight=820.5983828753233 612.56397143751383 0.74844781868160382 2955.4915465945378 684.76639833673835 657.43622069060802 67.171750118024647 18.121843568980694 1.5452316431328643 2.264257648959755 1.225067188497633 1.3907802761532368 1.2850937913171945 80.763434693217278 115.62842303095385 279.28481296496466 125.94481934979558 22.419162075966597 0.70466220285743375 6.0442478936165553 0.75548921152949366 2.6666531297378242 0.84612633334472753 0.85759991826489568 35.247644561342895 40.224900274071842 84.402023917995393 3.5073933266103294 1.5581939229741717 5.3982177954167154 3.7575890044681719 1.893902611453085 4.3774938518181425 3.1287535652518272 1.2575155752710996 9.6478239912539703 3.1216081874445081 18.761468354612592 102.63312349095941 6.722497754264622 58.68706365628168 1.5200337315909553 115.84884811192751 3152.9127211309969 22.791214854456484 33.777195310220122 31.412591359578073 2.795734056737273 2.9793121949769557 5.4509916808456174 10.356939595192673 14.440353267826138 27.420781171880662 27.946262448094785 209.3932959116064 0.66989798611029838 6.0074508883990347 2.4414714812301099 0.98289350373670448 2.5664442605338995 0.61181466467678536 16.308914394117892 0.82357840240001667
leaf_count=4766 1587 16 17232 2957 1906 2231 73 43 263 144 47 59 234 7385 59579 4287 399 25 427 83 363 47 89 746 1176 3999 37 24 189 75 127 240 81 102 405 102 625 427 108 2905 71 354 17855 697 1007 1556 87 85 242 95 118 247 159 29889 59 877 371 62 241 48 2270 111
internal_value=0 0.00236136 0.0047924 0.0415157 0.0143656 0.00276839 0.00314998 0.000393302 -0.00927674 0.108321 0.198206 0.307956 0.0209733 -0.0104005 -0.0369355 -0.00608195 0.00402065 -0.0148135 0.0491428 0.0199976 0.102243 0.261288 0.391902 0.00277124 -0.0044225 0.00435445 0.025786 0.0580359 0.105166 0.0874567 0.125628 0.152144 0.105255 0.21333 -0.00380509 0.0634316 -0.02535 0.0330532 0.011008 -0.0175612 -0.00627838 0.0237799 0.00242397 -0.00844832 0.0129757 -0.0211414 0.0107542 0.113789 0.0298025 0.0392589 0.0683437 0.00666068 -0.0193013 -0.0256441 0.00676673 0.0477895 0.111687 0.191922 0.100795 0.00973437 -0.0269416 -0.0201464
internal_weight=0 8926.31 8406.47 1608 1466.61 6939.86 6847.21 3836.35 665.312 6.1652 3.90094 2.67587 854.049 659.147 519.839 543.518 251.736 291.783 11.8748 11.1701 5.12587 2.45922 1.70373 250.191 197.523 157.298 72.8961 37.6485 21.3717 19.8135 14.4153 12.5214 8.76376 4.38627 16.2768 6.629 92.6557 787.4 25.484 279.908 153.963 773.285 3171.03 152.443 56.5684 95.8747 37.1876 5.77505 52.6674 47.2165 24.7973 3010.86 55.367 240.554 31.1609 14.1036 7.27252 4.83105 3.84816 3.17826 17.0574 6.83103
internal_count=172111 163961 70438 8150 4081 66357 63393 45755 27827 513 250 106 2494 27314 93523 19929 8200 11729 1034 1009 582 219 136 8157 7303 6127 2128 1382 838 814 625 498 423 183 544 139 2964 3384 733 10695 6408 2260 17928 6337 1704 4633 1728 172 854 612 213 17638 406 33944 4055 1769 781 410 348 289 2286 988
is_linear=0
shrinkage=0.05


Tree=62
num_leaves=63
num_cat=0
split_feature=11 11 12 11 10 6 12 1 9 6 10 12 1 3 10 11 7 6 6 12 7 6 3 7 1 12 10 10 12 4 12 5 0 1 7 1 1 6 9 6 10 6 9 9 5 1 11 10 7 5 4 0 1 7 5 1 0 3 10 10 1 1
split_gain=800.389 311.729 64.219 44.5058 31.2155 26.5315 24.8504 24.4382 24.2911 21.6529 15.8019 17.0943 15.0744 20.8626 14.3741 26.1067 14.1149 13.0745 12.2823 17.366 19.8747 14.2064 14.2038 17.2461 17.8423 16.3588 31.5525 14.9356 26.9294 17.2547 24.9558 28.0774 39.7644 28.5468 21.7633 14.834 16.6109 13.883 13.7312 13.5769 20.9758 21.4835 25.4434 17.6788 18.3479 16.3915 13.6986 13.5653 13.4689 16.1351 13.3777 13.2618 16.6196 21.6868 20.6033 19.0801 14.7024 23.2611 13.0864 13.0724 13.0473 16.0597
threshold=0.43441666666666673 0.65041666666666687 4.908429448785566 0.50291666666666679 46.500000000000007 63.500000000000007 9.2104493021708027 0.25341918608926334 97.500000000000014 53.500000000000007 54.500000000000007 5.6571700605766138 1.3500545454545458 12.932835152942593 80.500000000000014 0.6272500000000002 8.5000000000000018 44.500000000000007 31.500000000000004 6.6592844682100312 20.500000000000004 28.500000000000004 13.288382406865727 15.500000000000002 0.57728222222222236 8.0147730865314397 78.500000000000014 54.500000000000007 8.0474063850476139 2.5000000000000004 8.1102401796651886 1.0000000180025095e-35 16.853632958801501 0.65982890125747284 14.500000000000002 1.2093738189720336 1.5840669077032714 48.500000000000007 58.500000000000007 42.500000000000007 52.500000000000007 46.500000000000007 72.500000000000014 54.500000000000007 1.0000000180025095e-35 0.49177572964669741 0.54241666666666677 27.500000000000004 14.500000000000002 2.5000000000000004 2.5000000000000004 7.5098769230769244 0.91885015744545795 14.500000000000002 1.5000000000000002 1.4286441558441563 15.552252672497572 13.092111810030188 56.500000000000007 45.500000000000007 1.1907715939974006 0.74688532382650041
decision_type=2 2 2 2 2 2 2 2 2 2 2 2 2 2 2 2 2 2 2 2 2 2 2 2 2 2 2 2 2 2 2 2 2 2 2 2 2 2 2 2 2 2 2 2 2 2 2 2 2 2 2 2 2 2 2 2 2 2 2 2 2 2
left_child=2 3 -1 4 5 17 7 -3 14 10 -4 -12 -10 -14 18 -16 -6 -2 19 -5 21 -21 47 24 48 35 27 28 -27 34 -31 33 37 -32 -29 -26 -37 -33 60 45 41 42 -41 44 -42 -25 -46 50 -24 -50 -20 -40 -53 54 55 -54 59 -58 -56 -55 61 -23
right_child=1 6 9 8 16 -7 -8 -9 12 -11 11 -13 13 -15 15 -17 -18 -19 22 20 -22 38 23 39 25 26 -28 29 -30 30 31 32 -34 -35 -36 36 -38 -39 51 40 43 -43 -44 -45 46 -47 -48 -49 49 -51 -52 52 53 56 58 -57 57 -59 -60 -61 -62 -63
leaf_value=0.049382206784045243 0.023917265530690384 0.30428517834132374 0.039017261515698919 0.023844886768613724 0.014011110788485574 -0.03555772937710671 -0.046446398753835695 -0.025246721170527994 -0.039527005007000682 0.013923145330551107 0.028996622398613392 -0.006703850050775415 -0.024739293264295845 0.069934391249440953 -0.0022812050038049825 -0.041676395760772637 0.0035345469644220717 0.010579838630226476 -0.026425905189123241 0.0023806198846476989 -0.017328350912290881 0.009083699691560549 -0.0025699593229732039 -0.038398744570641873 0.019422751051451789 0.11231658613657021 0.20442322975096439 -0.050907650092961755 -0.053577213512275769 -0.049395805133619471 0.15861154845206987 0.016568714415390276 0.34291515388974547 -0.050114476728602697 0.13604786432035965 -0.050046968817287076 0.024097586585098797 0.1810088704576695 0.071735329637768727 0.087478885395407074 0.062619759857541799 0.0085118354777348419 -0.026655315797495006 -0.02217464815902059 0.030725093655628519 -0.0029666341155876606 -0.056967625194826524 -0.0012543674259478574 0 0.060468444429244234 0.024637686955282262 0.00027021612515451413 0.049468339141008302 0.050155293462151244 0.012539504646933299 -0.010995059470314464 0.037553494827180622 0.105811963196422 -0.039119917740022547 -0.058578294647963949 0.016567701470589089 -0.057920804484400505
leaf_weight=784.31547728553414 506.89860800653696 0.46215865900739928 504.2426030151546 139.77430954575539 412.70908946543932 22.721846334636211 266.54540995880961 253.44262956036255 57.355916473548859 171.00907488912344 264.78317418321967 38.100479446351528 17.673542418517176 8.5372730786912125 585.34577612485737 45.248626947402954 1464.9643051847816 291.24505476653576 14.825614115223287 599.1804845072329 90.261303065810353 16.676477765664458 227.32964812545106 44.509600367862731 256.13357095699757 3.2513998411595812 2.9632242554798713 5.8742679511196938 8.9194312505424005 2.6971551505848792 2.6809257948771101 2.7915430124849081 2.4237910890951753 3.8550490960478783 2.0041733346879482 17.059997191652659 13.310820199549196 2.4386563031002879 11.604613163508473 21.164894999004904 14.988426849246023 64.799459408968687 6.207818842958658 72.138468950986862 8.8989704996347445 123.11929974192753 8.6610873695462924 2473.0673787342384 24.595741597004235 20.140802678186446 88.391514884307981 96.912105128634721 40.78099611774087 4.871439239010213 24.043044935911894 18.940090388990939 61.786921713501215 15.798479840159414 24.624915722757578 6.0874947812408209 34.861648684367537 18.85377275198698
leaf_count=4766 1273 35 2176 297 1051 73 59563 37900 1937 709 1097 128 491 119 8856 3920 3730 756 79 4171 1411 74 1866 826 1129 18 54 195 202 64 45 102 49 129 52 107 47 63 65 98 97 694 128 2085 34 1583 130 24362 307 156 338 945 180 21 89 102 528 95 198 105 110 101
internal_value=0 0.00175326 0.0387116 0.00414777 0.00940073 0.0175366 -0.0357598 -0.0245077 0.00154979 0.0301462 0.0335751 0.0244885 -0.0251799 0.00605597 0.00196676 -0.00512211 0.00584056 0.0190586 0.00291013 0.00727081 0.00508942 0.00717141 0.00142381 0.0066048 0.0118272 0.0197095 0.0497279 0.036664 -0.00829758 0.0589056 0.0872772 0.113769 0.178344 0.0358473 -0.0016128 0.0154957 -0.0174146 0.0961368 0.0147931 -0.00195735 0.00692973 0.0243248 0.0614097 -0.00834677 0.0221214 -0.0124218 -0.0123218 -0.000510971 0.00234862 0.027404 0.0172363 0.0193832 0.017275 0.0256133 0.01054 0.0302229 0.0439759 0.0516354 -0.0135231 -0.00977571 -0.00505294 -0.026394
internal_weight=0 8677.45 1762.45 8157 2698.54 820.866 520.45 253.905 5458.46 978.135 807.126 302.884 83.5667 26.2108 5374.9 630.594 1877.67 798.144 4744.3 1205.06 1065.28 975.022 3539.24 962.958 598.47 326.404 39.8996 36.9364 12.1708 24.7656 16.8871 14.19 7.65399 6.53597 7.87844 286.504 30.3708 5.2302 375.842 364.488 196.859 92.1722 27.3727 104.687 32.5485 167.629 17.5601 2576.28 272.066 44.7365 103.217 305.45 293.845 196.933 108.389 59.7211 88.5443 77.5854 48.668 10.9589 70.3919 35.5303
internal_count=172111 163235 8876 65737 6883 2102 97498 37935 58854 4110 3401 1225 2547 610 56307 12776 4781 2029 43531 8492 8195 6784 35039 10260 4585 2256 973 919 220 699 452 388 214 174 247 1283 154 165 2613 5675 3266 920 226 2346 261 2409 164 24779 2329 463 417 2328 2263 1318 569 282 749 623 287 126 285 175
is_linear=0
shrinkage=0.05


Tree=63
num_leaves=63
num_cat=0
split_feature=11 12 12 11 8 9 10 8 12 2 0 10 11 12 7 14 0 8 11 7 2 11 1 12 1 3 0 2 2 2 9 8 3 7 2 1 7 9 11 3 8 2 3 10 7 9 0 0 12 2 11 2 7 1 1 12 9 9 2 2 1 8
split_gain=755.277 290.594 65.1493 41.2259 38.4943 24.2734 23.8407 23.2468 22.7188 16.2055 17.5156 14.6263 24.2344 35.4604 27.2534 22.8745 40.915 14.4067 21.5517 14.175 14.1748 15.7043 13.6717 21.6307 19.1972 16.9137 15.4111 17.1746 23.2178 16.7805 14.6825 14.403 13.62 13.5626 16.6106 22.3234 23.9018 16.3849 15.2949 13.1831 13.1497 13.1319 21.7764 12.8874 17.1111 18.1887 16.4769 24.3817 23.8243 32.6022 20.5195 16.9363 15.8924 15.2348 22.3612 14.499 14.2053 12.7889 15.958 16.7361 15.69 12.3547
threshold=0.43441666666666673 8.572186002826383 4.908429448785566 0.50291666666666679 10.450000000000001 97.500000000000014 35.500000000000007 6.3500000000000005 9.2104493021708027 1.6259923015873017 19.189777857742595 56.500000000000007 0.62125000000000019 8.5589390246246442 10.500000000000002 1.0000000180025095e-35 18.960900000000006 14.550000000000002 0.63175000000000014 12.500000000000002 2.6074200000000003 0.54508333333333348 1.0125409090909094 7.5403774076715573 1.0466195709052855 13.066655510945527 14.401200000000001 1.276760054707198 1.221823221634333 1.2947923148969733 67.500000000000014 6.9500000000000011 12.916747385498736 10.500000000000002 0.88241250626566425 0.64032035891279604 14.500000000000002 61.500000000000007 0.55525000000000013 13.23195639524312 17.250000000000004 1.6861543143573219 12.932835152942593 44.500000000000007 14.500000000000002 88.500000000000014 25.384564285714287 14.393712765957448 8.2446741571821232 0.97500904977375569 0.61241666666666683 1.1565223704866565 18.500000000000004 0.42340491752256465 0.46673046953046959 7.6296797951277053 81.500000000000014 57.500000000000007 0.64093959750566909 0.7500003256003257 0.44819630252100845 12.450000000000001
decision_type=2 2 2 2 2 2 2 2 2 2 2 2 2 2 2 2 2 2 2 2 2 2 2 2 2 2 2 2 2 2 2 2 2 2 2 2 2 2 2 2 2 2 2 2 2 2 2 2 2 2 2 2 2 2 2 2 2 2 2 2 2 2
left_child=2 3 -1 4 6 11 -2 -4 17 32 -11 20 40 -14 -15 16 -16 -3 -19 -12 22 -22 23 33 25 -24 -26 28 30 -29 -28 -31 -8 -5 35 36 37 -35 61 -30 -13 -7 -43 53 45 -45 47 55 50 -50 52 -51 -48 -25 -55 -46 -57 -38 60 -60 -59 -36
right_child=1 8 7 5 -6 41 9 -9 -10 10 19 12 13 14 15 -17 -18 18 -20 -21 21 -23 24 43 26 -27 27 29 39 31 -32 -33 -34 34 38 -37 57 -39 -40 -41 -42 42 -44 44 46 -47 48 -49 49 51 -52 -53 -54 54 -56 56 -58 58 59 -61 -62 -63
leaf_value=0.049139932331172038 0.020723754944313465 -0.031773228012884958 0.023376210084771202 0.010052414867197056 0.025060853013210677 -0.036093902318807873 -0.0029833388839142902 0.039584579718102933 -0.046259614941203307 -0.014046871447375323 0.025257987008917605 0.0010652234063445744 -0.018745746315824818 0.33672776823138845 -0.044765949685468022 -0.047370807189584918 0.32143381260700032 0.11905438947178998 -0.010519908996147782 0.0067182611687372764 -0.054530187799648105 0.0025786676332719273 0.021492239024855052 -0.04309877801478644 -0.015989779338139248 0.079773865160672378 -0.030091469309853715 0.052449288834128915 -0.04563508202790028 -0.0086305168222938402 0.040522164622634735 0.012352040128923953 0.0063502565103690269 -0.078908018761286156 -0.018410076153263243 0.019730853992703336 0.027595338024395066 -0.019067493020725034 0.0027841431871395068 0.031952927497763302 -0.062733859233989317 -0.02630818547828755 0.084873037019185971 0.041858497086860014 -0.057598843008456108 -0.031986070401114224 -0.0069581790747152497 -0.023613341549986185 0.46730036383444534 -0.042685940304668435 -0.050468853195836355 0.27869055841324836 0.11396821364376659 0.077741163502272739 -0.00031473646605816892 0.039982242386694448 -0.049998444225860354 -0.014575959384906374 -0.061721251644196576 0.0063329233170464072 0.044167613627751255 -0.067687811920415439
leaf_weight=749.65058049187064 270.20799038559198 171.61080885585397 599.01338048279285 156.80672400817275 326.89264488965273 64.583827808033675 657.13562597334385 354.27803207188845 254.68773356918246 52.392511837184429 220.53592169284821 2846.0716962628067 237.26580374222249 0.92417642008513112 1.3700432390905919 2.7806598045863211 1.5085115917026994 3.3063242742791763 54.829153534490615 195.42275000363588 20.82254246622324 27.960104301571846 62.099351266864687 18.008402657695115 64.593575744424015 15.668265496380625 10.511517736129461 24.008988998830318 41.166981873568147 91.348940193187445 23.613867191597819 755.78142777038738 962.52811695635319 14.289059162139891 211.57453725859523 111.58369992859662 41.780188515782356 58.495158918201923 91.300445947796106 6.1617948934435836 7.9974120818078509 13.155884648207577 6.478441707789897 87.9648063685745 4.9134568534791461 9.0602184757590276 4.3292683083564096 55.715688577853143 0.67114356206729953 1.1395699111744759 5.4242198606953016 0.50751953897997726 6.8277342319488525 9.8861995381303114 111.50047785090283 45.513883407693356 4.7203478869050732 23.691142566502094 19.939996331930161 16.196632690727711 21.543754749000072 13.553963780403135
leaf_count=4766 679 26919 2459 440 865 2356 1774 1651 59579 151 522 27047 16282 22 94 284 98 51 6974 489 81 328 423 200 461 63 63 116 353 587 175 4949 2403 56 776 387 105 249 603 30 68 512 84 749 54 195 75 1198 27 106 194 47 64 83 1510 594 194 113 128 72 85 49
internal_value=0 0.00166833 0.0380998 0.00390327 0.00897795 0.00141246 0.00674548 0.0294086 -0.035951 0.00493326 0.0131263 0.00182983 -0.000408694 -0.0155359 0.097949 0.0529174 0.149812 -0.0244864 -0.00287302 0.0165635 0.00485928 -0.0217573 0.00544162 0.00162105 0.0094385 0.0333861 0.0075996 0.00920591 -0.0127096 0.011262 0.0186008 0.0100828 0.00256036 -0.00307645 -0.00638501 0.0018761 -0.0082714 -0.0309762 -0.0144274 -0.0353823 0.000882508 -0.0252033 0.0103674 0.0116486 0.0190002 0.0348856 0.00706627 -0.000261607 0.0500896 0.197149 0.0281706 0.0637619 0.0669558 -0.000281272 0.00606004 0.0232402 0.0313452 0.0051211 -0.00637663 -0.0311477 0.0133269 -0.0214278
internal_weight=0 8642.36 1702.94 8157.93 2685.12 5472.81 2358.22 953.291 484.434 2088.01 468.351 5388.59 3097.92 243.849 6.58339 5.65921 2.87855 229.746 58.1355 415.959 2290.68 48.7826 2241.89 1146.94 1094.95 77.7676 1017.19 952.594 81.4542 871.139 34.1254 847.13 1619.66 780.755 623.949 307.52 195.936 72.7842 316.429 47.3288 2854.07 84.2182 19.6343 366.183 226.788 97.025 129.763 110.863 18.8995 2.31823 16.5812 1.64709 11.157 139.395 121.387 55.1477 50.2342 123.152 81.3715 36.1366 45.2349 225.129
internal_count=172111 163235 8876 69712 6883 62829 6018 4110 93523 5339 1162 59877 43895 16780 498 476 192 33944 7025 1011 15982 409 15573 8353 7220 486 6734 6273 621 5652 238 5536 4177 3063 2623 1195 808 305 1428 383 27115 2952 596 5290 3497 944 2553 2040 513 180 333 153 139 1793 1593 842 788 503 398 200 198 825
is_linear=0
shrinkage=0.05


Tree=64
num_leaves=63
num_cat=0
split_feature=11 11 11 12 8 6 8 12 2 8 10 0 10 12 8 11 6 6 5 12 12 2 11 2 1 6 12 12 8 8 10 6 12 1 0 2 8 6 10 6 0 0 4 2 2 2 6 11 6 10 8 0 0 10 2 8 6 11 1 6 0 8
split_gain=713.927 277.74 52.0265 45.1848 33.0856 26.2836 25.4601 24.9434 22.5086 21.0549 17.9227 18.8312 17.0462 24.9022 22.8468 20.5236 25.3532 15.7173 24.2475 31.0531 46.5487 37.4078 20.2686 14.135 23.5309 14.0484 16.869 20.491 16.6768 14.2987 13.9197 15.3127 17.5748 13.4124 19.4708 16.9972 13.111 13.0274 12.9265 12.859 12.7844 18.2603 19.1069 17.5348 12.6827 17.448 13.706 13.8146 22.8018 12.3531 12.3224 12.2588 11.653 11.5728 11.6035 14.8471 16.1457 12.2789 12.1435 11.5029 11.4234 11.3394
threshold=0.42541666666666672 0.65041666666666687 0.48125000000000012 4.908429448785566 10.750000000000002 62.500000000000007 3.7500000000000004 9.2104493021708027 0.3339699887530771 6.3500000000000005 68.500000000000014 12.955950000000003 56.500000000000007 7.7104775395250416 8.1500000000000004 0.58958333333333346 58.500000000000007 38.500000000000007 1.5000000000000002 8.3141681012867021 8.4666124608356181 1.1023909465020576 0.58791666666666687 0.6058036434108528 0.44563631300473411 40.500000000000007 7.3659974430280668 7.3121864652896775 8.1500000000000004 10.750000000000002 37.500000000000007 52.500000000000007 7.6083644784255631 0.89639548792489976 14.220675000000002 2.2452118614718617 12.350000000000003 21.500000000000004 27.500000000000004 56.500000000000007 10.88558112606745 9.6471735634805444 3.5000000000000004 0.38326429525935507 0.47122336304218665 0.64093959750566909 44.500000000000007 0.45141666666666674 58.500000000000007 54.500000000000007 6.3500000000000005 6.6702933333333343 8.0037052631578955 46.500000000000007 1.9532609500805154 4.7500000000000009 32.500000000000007 0.54758333333333353 1.7858051948051952 64.500000000000014 27.254925000000004 14.850000000000003
decision_type=2 2 2 2 2 2 2 2 2 2 2 2 2 2 2 2 2 2 2 2 2 2 2 2 2 2 2 2 2 2 2 2 2 2 2 2 2 2 2 2 2 2 2 2 2 2 2 2 2 2 2 2 2 2 2 2 2 2 2 2 2 2
left_child=3 2 4 -1 5 6 44 8 -3 39 -8 50 17 37 15 16 -15 33 19 38 21 -21 25 24 -24 29 27 -27 -28 -20 -30 32 -32 40 49 53 -37 -14 60 -5 41 43 -43 -4 -2 -46 -47 -48 -49 -35 -12 -45 -16 -36 55 -55 -57 -56 -59 -39 -19 -10
right_child=1 7 12 9 -6 -7 10 -9 61 -11 11 -13 13 14 52 -17 -18 18 22 20 -22 -23 23 -25 -26 26 28 -29 30 -31 31 -33 -34 34 35 36 -38 59 -40 -41 -42 42 -44 51 45 46 47 48 -50 -51 -52 -53 -54 54 57 56 -58 58 -60 -61 -62 -63
leaf_value=0.048897346885182914 0.033427130714346165 0.28181394296380824 0.041499086092189164 0.027992459362128953 0.03447670588557035 -0.020143069582750403 0.017464701353003532 -0.046061330174202775 -0.029998716471291566 0.042685450974096067 -0.062940753304783922 0.0079570767119698897 0.043781402221938957 -0.0084780282744365363 -0.03898300324925727 -0.041369840361458882 0.14509927978982465 0.013113993541559198 -0.007330237740239838 0.068761113862129006 -0.025736852573325815 0.26219653407230814 -0.05069131058026817 -0.034131385520497132 0.10709135052984367 -0.001707688929686 -0.036207979665573729 -0.062433567047007227 -0.010460727461470786 -0.061217781123385218 0.040699494214204726 0.066726972643391655 -0.032643558124309038 -0.023163578792485272 0.023132701898787481 -0.021877025878337744 0.022865562292352388 0.0019050530295573007 0.0037479111075163548 0.003198507630717687 -0.0024021093003945737 0.012066069973120205 0.081527805627964967 0.025958624773451955 -0.049146432195075959 0.0077297541186924501 0.0030305727115787552 -0.053800166574532064 0.015179713060047999 0.032998224581244066 -0.0030080956459368948 -0.031083913458485296 -0.0031737585377837607 -0.047861074232540574 0.049642404406510333 0.017218466568158331 -0.008484656264114163 0.057024458565704622 -0.0262046816346325 -0.023050549156229724 0.055710615683827604 -0.0041690563289257373
leaf_weight=716.53928866237402 24.478594809770584 0.50088708288967509 18.991022367961705 406.88890642300248 147.21933460980654 70.329762324690819 972.20101558417082 243.14645324647427 186.83466784004122 256.50284611806273 16.507358834147453 207.36508187651634 18.251291427761316 22.866121857427064 23.692420793697238 85.638279344886541 2.9388084961101404 57.51923809107393 35.584276765584946 7.9400558937340993 7.5868228320032349 3.7009480819106102 4.4539681379683298 80.950787780806422 4.7746232124045491 450.64037723094225 11.612073913216589 14.244209658354519 18.616292074322701 18.959341667592525 25.451809246093035 27.408337216824293 11.848318479955195 55.243351233191788 383.13289253087714 51.756947349756956 23.752031663432717 2954.2291211839765 750.31664835382253 60.567942500114441 358.7169492514804 22.00174452085048 18.264493202790618 12.835058473050593 19.823329277336597 180.07013013213873 55.027793496847153 38.146759316325188 17.247220396995544 11.742044407874344 18.139795608818531 34.011667462065816 523.14055721182376 11.940262716263531 34.497521936893463 186.60017873067409 90.449258901178837 6.339688339270654 13.61603496968746 46.784059289842844 21.880670249462128 55.642476127948612
leaf_count=4766 48 40 101 1848 464 208 2683 59563 31215 1308 56 524 75 683 828 6489 81 212 161 205 343 94 165 2252 79 1505 202 121 105 83 122 157 86 322 1461 274 102 17268 4723 263 2113 127 72 82 64 448 147 122 37 52 49 270 18145 62 59 950 605 47 108 518 69 6680
internal_value=0 0.00201502 0.00415923 0.039981 0.0117764 0.00970755 0.0110673 -0.0347167 -0.0233294 0.0311437 0.0144334 0.00223313 0.00210862 -0.000147649 -0.00895977 -0.0295917 0.0093118 0.00498398 0.00156158 0.00725436 0.0699305 0.132394 -0.00529092 -0.027417 0.0306781 -0.00203108 0.00032204 -0.00359213 0.0195251 -0.0262308 0.027386 0.0383508 0.0172435 0.00896564 0.0126332 0.0147991 -0.00772508 0.00177219 0.00578763 0.024792 0.00209647 0.0173403 0.0438212 0.00102691 -0.00112628 -0.00387796 -0.000755756 -0.0146332 -0.0322441 -0.0132098 -0.0318054 -0.0153269 -0.00474124 0.0171475 0.0104512 0.00643451 0.00880901 0.031626 0.000139382 0.00151359 0.0249708 -0.0240962
internal_weight=0 8817.6 8331.48 1440.5 1766.56 1619.34 1549.01 486.124 242.978 723.96 1214.21 242.012 6564.92 3677.54 658.276 111.443 25.8049 2887.38 1553.49 848.944 19.2278 11.641 704.544 90.1794 9.22859 614.365 559.821 464.885 94.9368 54.5436 83.3248 64.7085 37.3001 1333.89 869.07 802.085 75.509 3019.26 829.717 467.457 464.821 106.104 40.2662 65.8377 334.794 310.315 290.492 110.422 55.394 66.9854 34.6472 46.8467 546.833 726.576 343.443 288.99 277.049 54.4532 19.9557 3001.01 79.3999 242.477
internal_count=172111 163926 66428 8185 4850 4386 4178 97498 37935 3419 3312 629 61578 44087 26226 7253 764 17491 10684 5646 642 299 5038 2496 244 2542 2298 1626 672 244 470 365 208 6807 4042 3668 376 17861 5004 2111 2765 652 199 453 866 818 754 306 159 374 105 352 18973 3292 1831 1617 1555 214 155 17786 281 37895
is_linear=0
shrinkage=0.05


Tree=65
num_leaves=63
num_cat=0
split_feature=11 11 11 8 10 11 11 0 11 8 7 0 10 10 2 11 0 10 8 5 2 2 0 8 11 2 7 2 9 2 3 10 10 9 10 9 11 4 9 10 7 10 8 9 7 11 11 11 7 9 9 4 10 8 9 7 10 2 8 4 3 2
split_gain=683.584 258.932 83.9811 37.9028 29.5153 26.1456 24.5137 23.8166 21.2462 20.9069 20.6378 20.5343 19.4951 26.0875 25.7025 28.9187 18.753 16.354 15.5466 13.5864 14.5854 12.5393 16.097 12.4526 18.3853 17.1895 18.4782 14.9342 16.9357 14.6211 49.6038 29.6182 29.1964 22.1082 21.2289 19.7124 26.1093 29.8795 32.8818 19.0815 19.1482 19.0012 20.5775 25.7723 24.0144 17.8381 24.3022 18.6755 23.4212 32.4144 38.8158 18.3378 17.1136 16.2895 16.0775 15.0653 14.0142 16.4951 17.7241 24.4146 15.1856 21.8498
threshold=0.41608333333333342 0.66458333333333353 0.46708333333333346 3.2500000000000004 53.500000000000007 0.55025000000000024 0.36608333333333337 15.005700000000003 0.70758333333333356 10.450000000000001 5.5000000000000009 14.109557442270622 56.500000000000007 44.500000000000007 0.67806279849183093 0.58958333333333346 15.097000000000001 63.500000000000007 2.7500000000000004 3.5000000000000004 1.1188992887356735 1.4700005291005294 24.258321428571431 11.15 0.60858333333333359 1.5869664399092973 26.500000000000004 1.6259923015873017 95.500000000000014 1.00094119425548 13.23195639524312 66.500000000000014 70.500000000000014 66.500000000000014 75.500000000000014 72.500000000000014 0.59125000000000016 3.5000000000000004 69.500000000000014 58.500000000000007 14.500000000000002 85.500000000000014 7.7500000000000009 71.500000000000014 13.500000000000002 0.56208333333333349 0.55525000000000013 0.59291666666666687 15.500000000000002 85.500000000000014 82.500000000000014 3.5000000000000004 70.500000000000014 10.550000000000002 44.500000000000007 13.500000000000002 38.500000000000007 0.62672634857255549 15.750000000000002 3.5000000000000004 12.796971693193582 1.609792120181406
decision_type=2 2 2 2 2 2 2 2 2 2 2 2 2 2 2 2 2 2 2 2 2 2 2 2 2 2 2 2 2 2 2 2 2 2 2 2 2 2 2 2 2 2 2 2 2 2 2 2 2 2 2 2 2 2 2 2 2 2 2 2 2 2
left_child=6 2 3 21 -5 9 -1 12 10 -4 -3 -6 13 -7 15 -15 -9 -8 -18 -11 -21 22 -2 24 29 -26 27 28 -27 45 33 39 -33 54 -34 36 41 38 -38 40 -32 42 52 44 -44 46 -20 -47 49 50 51 -49 -35 -50 -31 -48 57 -25 -59 -60 -58 -62
right_child=1 8 5 4 11 7 17 16 -10 19 -12 -13 -14 14 -16 -17 18 -19 23 20 -22 -23 -24 56 25 26 -28 -29 -30 30 31 32 34 35 -36 -37 37 -39 -40 -41 -42 -43 43 -45 -46 47 55 48 53 -51 -52 -53 -54 -55 -56 -57 60 58 59 -61 61 -63
leaf_value=0.049152501591974512 -0.0020734668804410893 0.12583500142658963 0.0020727162037056635 0.026563014208475927 -0.0096553512424959118 -0.022698968552147848 0.038681887311975638 0.083553950000563135 -0.04832175255546535 0.012569869683752857 -0.026708819345099929 0.015252529991392018 -0.019321331539755914 0.052192711084431402 -0.0082806404508358866 -0.016787834180420416 -0.052526985652777941 0.017493320291370778 -0.034255953067512938 -0.023414037811626737 0.0098319397615355859 0.013551779728172536 -0.039525281629804926 0.091688706754400245 -0.025831613548132015 0.027033556342395917 0.15850796898027281 -0.0079540490292042566 0.22408847286492142 0.048487204781304 0.099278836184274341 0.19553535308275682 -0.053049202504618642 0.076741372850324563 0.090070537398778169 -0.0011298563457300896 0.25122867475948985 0.029268778268799797 0.043329369390468872 -0.055064499467236974 0.0018329417692084351 -0.054633828827837322 0.025931130138871966 0.061617859976356104 -0.034758949975285724 -0.033515178292532831 0.060280047312140983 0.12999464651292744 -0.041631100838567747 -0.049467617356973415 0.29998199783312923 -0.047859686197765067 0 0.05889575790406304 -0.016158268363757559 0.0029724139561868833 -0.0059272304522978436 0.0048752630739032892 -0.018873203602872396 0.075111328876529493 0.011541452113574387 -0.015339648640848302
leaf_weight=591.53414091467857 133.25293400883675 2.1384389400482169 3377.4167653974146 600.11212846636772 103.62533548474312 84.638688136823475 510.12975633144379 6.6074609966017297 218.7110318087507 871.4409751817584 169.35241105407476 405.43282645940781 326.37915035150945 53.837020451202989 77.104983006138355 20.96259104879573 13.992591793648897 112.30796760693192 22.333179103210568 57.916638873517513 76.167401321232319 82.487230062484741 36.585096560418606 7.187421607784926 150.54949702974409 4.9388287900947025 1.805165675934403 55.273643696215004 1.3436769396066663 9.9233922678977233 8.3568527251482063 5.4464650768786695 3.1648512622341505 21.360262459143996 12.183562946505843 350.486119418405 3.8231640215963152 16.584622523747385 3.9225423019379377 6.7219912912696591 12.758513978682457 9.9353780355304462 27.590125728398561 15.516372118145226 39.383432243019342 102.33324211649597 21.025406371802092 3.1981793083250505 18.674597238190476 3.9302485892549157 2.1673573050647974 2.4603866199031472 10.787510316818951 5.0054337847977868 221.82654806040227 25.536907633766532 380.0399227947928 111.82421664986759 9.741785766091196 22.781602807808667 455.94406217010692 90.384934992995113
leaf_count=4104 374 54 11408 1962 308 1182 2759 73 57069 2124 30585 1164 10631 306 1284 739 423 594 177 179 187 222 122 37 10891 247 100 3476 53 50 44 52 56 145 190 5026 54 329 75 111 129 151 145 98 356 1753 124 96 609 149 48 85 139 59 2152 229 6363 916 78 103 7860 1489
internal_value=0 0.00186656 0.00367348 0.0150669 0.0190462 0.00153145 0.0418372 -0.00218465 -0.0379643 0.00395895 -0.0247053 0.0101715 -0.0114015 -0.000449045 0.0119221 0.0327976 7.04982e-05 0.0348702 -0.000171599 0.0102887 -0.00449791 -0.00240581 -0.010189 0.000150055 -0.0033505 -0.0166358 0.00514121 0.000312769 0.0728129 -0.000463087 0.00266576 0.0515106 0.0965653 -0.000582943 0.0600831 0.00533279 0.0205685 0.0678765 0.148477 0.01745 0.0409211 0.0112417 0.0170372 0.00372783 -0.00968141 -0.0122884 0.00842336 -0.0226807 0.00847269 0.0659577 0.124449 0.0523058 0.0509161 -0.0200134 -0.0133489 0.0290308 0.00405284 0.0181472 0.0143899 0.0468352 0.00174018 0.00708309
internal_weight=0 8996.41 8606.21 1361.5 1109.17 7244.72 1213.97 2861.77 390.202 4382.94 171.491 509.058 562.922 236.543 151.905 74.7996 2298.85 622.438 2292.24 1005.53 134.084 252.325 169.838 2278.25 1200.35 213.911 63.3613 61.5561 6.28251 986.437 779.772 48.6322 20.7949 731.139 15.3484 499.39 148.903 24.3303 7.74571 27.8374 21.1154 124.573 114.638 82.4899 66.9736 206.665 68.8955 137.769 35.4362 11.7562 7.82592 5.65857 32.1478 23.68 231.75 46.5623 1077.9 151.535 144.348 32.5234 926.369 546.329
internal_count=172097 164640 76932 4152 3434 72780 7457 58882 87708 13898 30639 1472 14142 3511 2329 1045 44740 3353 44667 2490 366 718 496 44244 27398 14767 3876 3776 300 12631 9302 582 298 8720 246 6518 1492 458 129 284 173 1034 883 599 501 3329 530 2799 1046 378 229 181 284 668 2202 353 16846 1134 1097 181 15712 9349
is_linear=0
shrinkage=0.05


Tree=66
num_leaves=63
num_cat=0
split_feature=11 12 11 8 10 12 11 8 0 0 0 2 10 2 2 9 8 1 8 2 3 1 9 10 11 2 6 6 11 1 1 8 5 12 2 8 8 8 12 12 10 2 1 10 6 1 0 1 12 9 2 0 0 6 11 10 9 9 1 11 6 11
split_gain=647.018 256.64 78.7306 35.0378 27.8874 27.0831 26.197 31.8708 18.737 15.9515 23.2425 19.9629 17.7301 21.6655 26.2348 24.7223 39.2685 20.0545 15.7924 15.3165 14.9172 14.8168 17.6722 15.204 15.4178 99.9196 14.5545 14.5012 21.0924 25.6733 16.4618 14.3194 14.2708 14.1262 13.6011 13.581 43.4405 13.5207 13.4733 15.2594 84.6311 13.3916 35.9174 13.3341 13.9974 13.6704 16.9353 13.1277 13.0845 12.83 12.685 36.0063 13.7807 21.1401 15.1089 12.7845 18.072 12.2086 12.3163 14.6692 20.9428 21.7111
threshold=0.41608333333333342 8.8895248237472604 0.46708333333333346 3.2500000000000004 53.500000000000007 4.908429448785566 0.55991666666666684 6.9500000000000011 14.109557442270622 15.005700000000003 15.097000000000001 0.43310199929971999 55.500000000000007 0.55176449259610705 0.67806279849183093 69.500000000000014 11.15 0.66834454572257374 3.6500000000000008 0.87777792028484347 13.119678008098044 2.2489022727272734 97.500000000000014 98.500000000000014 0.69458333333333355 2.1524412087912093 50.500000000000007 51.500000000000007 0.54241666666666677 1.2093738189720336 0.37352136321195151 2.1500000000000008 2.5000000000000004 7.6914160285154747 1.7875136363636368 7.6500000000000012 7.5500000000000007 13.250000000000002 8.8128235214355417 8.8000656294250152 52.500000000000007 1.0875039682539684 0.90003636363636386 93.500000000000014 38.500000000000007 2.8585214285714291 26.372913573736579 0.57728222222222236 8.7118843175100213 82.500000000000014 1.6408658035065879 18.960900000000006 26.999100000000002 50.500000000000007 0.48675000000000007 44.500000000000007 57.500000000000007 43.500000000000007 1.439344285714286 0.5192500000000001 47.500000000000007 0.55025000000000024
decision_type=2 2 2 2 2 2 2 2 2 2 2 2 2 2 2 2 2 2 2 2 2 2 2 2 2 2 2 2 2 2 2 2 2 2 2 2 2 2 2 2 2 2 2 2 2 2 2 2 2 2 2 2 2 2 2 2 2 2 2 2 2 2
left_child=5 2 3 -2 26 -1 27 -8 -6 11 -11 49 13 -13 15 16 -15 -16 -7 32 -21 22 23 24 38 -26 -5 50 29 31 -30 -29 -19 -22 -24 36 -25 -18 39 48 -41 42 -35 45 -45 -23 -47 -17 -12 -9 52 55 -4 54 -54 -52 -57 -53 -59 -60 61 -61
right_child=1 -3 6 4 8 18 7 9 -10 10 21 12 -14 14 17 47 37 19 -20 20 33 43 34 35 25 -27 -28 28 30 -31 -32 -33 -34 41 -36 -37 -38 -39 -40 40 -42 -43 -44 44 -46 46 -48 -49 -50 -51 51 57 53 -55 -56 56 -58 58 59 60 -62 -63
leaf_value=0.048155212165334027 -0.0022791732040689954 -0.043073451385756842 0.004858698341599587 0.030338594986714502 -0.0091190122394265109 0.02004726915410739 -0.021488548935749266 0.031032941553631472 0.014643259568946437 0.098658558196964855 0.0031676790927663207 -0.048402991545332175 -0.023039845688866092 0.16901308739146292 -0.057197806663733641 -0.034625742061363762 0.080154389224502937 0.059136753209180708 0.038808087671807961 -0.041092450689695269 0.065203483205167861 -0.040540519479369486 -0.051838006197486665 -0.048621427364057862 -0.044605973031003721 0.76368790089930449 0.012127590986084583 -0.036159333239402146 0.052682522225034834 -0.011495929519095239 -0.02082621473422604 0.0075248578818041707 -0.027106503245810338 -0.055098803732826065 0.027847732318642252 -0.044822523472439285 0.33212572292626014 -0.027925445455301214 -0.049486846775847741 0.45564645379745133 -0.04706685727538578 -0.042898705678044428 0.12484012529391877 0.17211145631859198 -0.043946361251375708 0.084946993682505731 -0.054157365750665244 0.065161279522391077 -0.039119940412611395 -0.052611454337475244 0.019466445284889569 0.04018529270976326 0.012403841442675064 0.051149902858350652 -0.01176526677925201 0.0023963083782717817 -0.051486081232559315 0.026619952354506583 0.016680650303152227 -0.013686144806013857 0.039401707783028879 0.02001732813523259
leaf_weight=649.87843526899815 252.61279334872961 307.87816395773552 2444.3551334049553 440.13698612898588 104.22413912415504 167.34154656901956 210.85763671249151 39.787887079175562 401.29870807752013 5.9576127147302023 1641.3577670124359 20.492262996267527 216.48758656065911 7.6590816462412503 16.144783408846706 10.41393717098981 5.2970313732512277 18.16826755786315 351.32985645160079 23.42748302128166 8.7177820801734907 46.67455801833421 25.554797854274511 2.5739799947477908 1.6411965060979121 0.3911167588084935 147.77387933433056 19.138864547014236 7.8524268418550482 278.61066097021103 166.22296412475407 705.3137736544013 6.3472875724546602 5.6151038580574113 6.6101701897568992 27.166194163262844 0.93745500082150091 6.0698466221801937 12.240992082282899 1.0830893767997616 2.7638245490379632 13.029848386999218 5.2624125177972019 1.618399917148053 1.2184718786738811 5.1470466773025674 3.6231087227351964 4.6943577812053254 18.38352567423135 5.0491666649468234 15.416691929101942 41.783112324774265 79.993174538016319 16.092933434993029 332.51602774858475 24.959716700017452 40.448916606605053 124.25367901474237 308.07164691388607 172.18056219816208 30.832603730261326 65.952477797865868
leaf_count=4727 718 76549 8134 1477 308 847 8420 677 1164 68 35470 372 7764 38 315 255 38 247 1883 504 34 1569 2051 159 271 24 485 101 41 1020 1388 2310 139 125 350 1815 30 69 2163 65 377 232 55 42 92 71 117 78 2893 200 37 84 186 51 1229 69 187 301 693 588 101 230
internal_value=0 0.00177664 0.00337432 0.0144858 0.0183634 0.041334 0.00132531 -0.00291616 0.00973345 -0.00114709 0.000878176 -0.0100155 -0.0138641 -0.000698939 0.00676517 0.0444011 0.0821756 -0.00649871 0.0327699 0.00365703 -0.0106951 0.000546117 0.00137975 0.00207469 0.00271609 0.137124 0.0257725 0.00343966 -0.00139011 0.00139403 -0.0174532 0.00635906 0.0365851 0.0110388 -0.0352714 -0.0327376 0.0580248 0.0222641 0.00254193 0.00293073 0.101162 -0.00869336 0.0318423 -0.0242262 0.0792729 -0.029745 0.0269541 -0.00306717 0.00269395 0.0214062 0.00497888 0.0104508 0.00340762 -0.00485555 -0.00706444 -0.0211998 -0.0308761 0.0139025 0.012324 0.00923288 0.000680632 -0.00432628
internal_weight=0 8956.39 8648.51 1346.05 1093.43 1168.55 7302.46 2428.47 505.523 2217.61 1804.94 412.664 367.827 151.339 130.847 34.1343 19.026 96.713 518.671 80.5682 56.0526 1798.99 1740.7 1708.54 1677.86 2.03231 587.911 4874 1177.14 1003.06 174.075 724.453 24.5156 32.6251 32.165 30.6776 3.51143 11.3669 1675.83 1663.59 3.84691 23.9074 10.8775 58.2816 2.83687 55.4447 8.77016 15.1083 1659.74 44.8371 3696.86 823.899 2872.96 428.602 412.509 80.8253 65.4086 743.074 701.291 577.037 268.966 238.133
internal_count=172097 164640 88091 4152 3434 7457 83939 67189 1472 58769 47627 11142 10265 2501 2129 478 145 1651 2730 1336 950 47559 45668 43267 41263 295 1962 16750 4860 3431 1429 2411 386 446 2401 2004 189 107 40968 38805 442 412 180 1891 134 1757 188 333 38363 877 11890 2290 9600 1466 1415 293 256 1997 1913 1612 919 818
is_linear=0
shrinkage=0.05


Tree=67
num_leaves=63
num_cat=0
split_feature=11 12 11 10 12 11 10 11 2 7 7 6 10 10 1 10 10 2 12 12 5 11 11 1 3 12 9 6 1 9 1 7 12 11 10 6 7 11 2 6 12 3 9 11 9 1 6 2 3 9 2 2 1 7 2 9 11 6 14 12 9 9
split_gain=612.023 241.15 72.2178 28.0535 27.6128 23.8005 23.307 24.9585 39.8742 22.7327 22.3611 17.3146 15.6165 14.9794 18.126 15.417 15.1193 16.5853 16.867 23.9224 33.4236 44.0394 15.5164 14.8032 14.5624 15.4436 40.1875 31.4049 23.3553 34.2537 47.8682 15.2826 14.2755 14.6406 14.8517 14.1862 19.4058 22.7162 53.0966 18.7236 15.2744 16.2805 19.1391 16.7918 22.489 14.0905 16.8609 14.0379 13.916 13.4962 25.4993 25.652 20.8758 13.454 18.0209 16.9516 13.2328 12.7032 13.1517 13.5458 21.4322 35.1524
threshold=0.41608333333333342 8.8895248237472604 0.46708333333333346 53.500000000000007 4.908429448785566 0.55025000000000024 59.500000000000007 0.69558333333333355 2.1524412087912093 15.500000000000002 5.5000000000000009 50.500000000000007 63.500000000000007 83.500000000000014 2.1983307697593415 91.500000000000014 68.500000000000014 1.8020944444444447 8.2585881274442503 7.8636658350122941 3.5000000000000004 0.61991666666666689 0.55991666666666684 0.29890344416154752 13.036193712795823 8.1850567217334085 86.500000000000014 33.500000000000007 0.94060569906975144 68.500000000000014 0.95960977696193128 18.500000000000004 7.3380772174650488 0.60725000000000018 74.500000000000014 45.500000000000007 26.500000000000004 0.62941666666666685 1.5481927600441889 43.500000000000007 7.3659974430280668 12.766315898521109 74.500000000000014 0.5814166666666668 68.500000000000014 0.33334798534798538 53.500000000000007 1.4053682917611492 13.065225374564525 90.500000000000014 1.6676751260504206 1.8146044652877988 2.4338090909090915 12.500000000000002 1.6960231597512301 55.500000000000007 0.56425000000000014 41.500000000000007 1.0000000180025095e-35 8.2869027626632015 88.500000000000014 76.500000000000014
decision_type=2 2 2 2 2 2 2 2 2 2 2 2 2 2 2 2 2 2 2 2 2 2 2 2 2 2 2 2 2 2 2 2 2 2 2 2 2 2 2 2 2 2 2 2 2 2 2 2 2 2 2 2 2 2 2 2 2 2 2 2 2 2
left_child=4 2 3 11 -1 -4 35 9 -9 49 -3 -2 -6 16 23 -16 -11 24 19 22 21 -21 -19 -15 56 26 28 -28 32 -30 -31 48 -26 -34 -35 36 39 -38 -39 57 -41 53 43 -43 -45 46 -27 -5 -32 -8 -51 -52 -53 -42 55 -55 -18 58 59 -7 61 -61
right_child=1 10 5 47 12 6 7 8 -10 13 -12 -13 -14 14 15 -17 17 18 -20 20 -22 -23 -24 -25 25 45 27 -29 29 30 31 -33 33 34 -36 -37 37 38 -40 40 41 42 -44 44 -46 -47 -48 -49 -50 50 51 52 -54 54 -56 -57 -58 -59 -60 60 -62 -63
leaf_value=0.047897853081018862 0.025956153168198028 0.10500829819532823 0.0035885346504139128 0.0012512426418857 0.036340432048998741 0.0088374722675370401 -5.8310266564832486e-05 -0.040087479110760292 0.43709059679847323 -0.019970478557272669 -0.044028920605804156 0.0073341219198412499 0.013746203619832961 0.16247688888396536 -0.04713984081191204 0.12873073457692416 -0.058528703770845542 0.063241912834100106 -0.049027729263725568 0.17489086291224973 0.30843667743421377 -0.048965118372540112 -0.010212108755694822 -0.037255186162665023 0.071532241194105936 -0.043604925260727651 0.36485687399097361 0.048243886873181437 0.0065211188750346942 0.34155477764039843 0.19798995988113111 -0.047405157886630821 -0.035441695251341283 -0.047291669932602698 0.1136079372867588 -0.0047412055422877217 0.033636919896843212 -0.041736348478142615 0.4389668397727774 -0.01418239964414561 0.17949786503494555 0.075725335434305485 -0.02421580224559601 -0.056752520777468798 0.073404820571476917 -0.03178909581539429 0.19611689202931912 0.016345120805759183 0.024953046008546791 -0.043118433743516121 0.11303561882624749 -0.052308852380635741 0.1160012507865941 0.11931263185175811 0.14373045669275683 -0.052111000799093837 -0.012961858152432424 -0.019391466893811622 -0.001005379407036502 0.0034311915472971383 -0.04910223143057444 0.11597932463795768
leaf_weight=621.42243942245841 493.25810359418392 2.427387908101081 4375.7245519831777 428.53214571252465 408.4845448769629 313.10588635504246 859.85144403763115 0.87265158630907425 0.71793515048921108 229.81599492672831 292.59293583431281 168.33510185778141 95.246709309518337 0.83024739287793536 1.9231707821600128 3.0925116641446948 18.910495813935995 10.631203718483446 6.719387825112789 4.1980882855132204 1.5641940468922246 4.3747171009890735 21.478820218704641 103.18428894877434 4.3884233105927697 1.2835941128432744 1.3385855769738548 1.8931706082075832 17.887996750883762 1.9244310455396751 2.2780041545629501 2.0923098875209689 32.992664032615721 2.2538503203541032 3.5081628896296024 452.82916222838685 7.7785737309604865 1.0213652262464168 1.1221250132657585 15.801093537360428 3.1506507005542508 19.899877835065126 13.086303988937287 7.1339341429993492 6.0264836656861007 31.957267165184021 1.4504020130261777 241.12445133551955 2.4846706325188279 46.297852655872703 5.7786733140237656 8.5710059097036702 2.2315142136067143 2.0870030224323255 3.8150179204531014 4.1176465912722051 102.92308822087944 58.036845216527581 429.51671886863187 13.948787136003377 5.235247027128934 13.904106399975715
leaf_count=4727 1674 53 13898 1222 2231 2369 17009 140 18 8349 76496 554 499 43 140 117 190 45 918 73 57 252 358 7318 32 99 38 84 232 32 41 83 774 97 122 9043 87 104 49 82 27 64 381 118 86 2980 27 702 69 3064 190 437 80 11 52 147 5815 1057 5469 544 470 558
internal_value=0 0.00169144 0.00321348 0.0139221 0.0408249 0.00125684 -0.0022436 -0.0064626 0.185451 -0.00667608 -0.0427506 0.0212274 0.0320818 -0.0141028 -0.0309367 0.0607157 -0.0104771 -0.00262186 0.0237402 0.0355205 0.102168 0.0608328 0.0140732 -0.0354584 -0.00827453 0.0050786 0.0181562 0.1879 0.00996918 0.046704 0.127018 0.062026 -0.012677 -0.0225008 0.0500849 0.00249506 0.00606705 0.075302 0.216034 0.00529751 0.0291975 0.0408418 0.0265825 0.0468532 0.0025768 -0.0222856 0.0842374 0.00669522 0.111115 -0.00170059 -0.0240432 0.0288581 -0.0163368 0.0898504 0.0596718 0.00573407 -0.0201178 0.00313496 0.00482906 0.0120804 0.0424977 0.0600078
internal_weight=0 8915.31 8620.29 1331.25 1125.15 7289.04 2913.32 1541.7 1.59059 1540.11 295.02 661.593 503.731 617.38 109.03 5.01568 508.35 278.534 48.9664 42.247 10.137 8.57281 32.11 104.015 229.567 107.734 73.0423 3.23176 69.8105 26.6674 8.77942 6.85498 43.1431 38.7547 5.76201 1371.62 918.788 9.92206 2.14349 908.866 75.118 59.3169 46.1466 33.0603 13.1604 34.6913 2.734 669.657 4.76267 922.73 62.879 16.5812 10.8025 13.1703 10.0197 6.20465 121.834 833.748 775.711 346.194 33.0881 27.8529
internal_count=172097 164640 88091 4152 7457 83939 70041 49323 158 49165 76549 2228 2730 28385 7618 257 20767 12418 1703 785 382 325 403 7361 10715 4710 1604 122 1482 457 225 193 1025 993 219 20718 11675 240 153 11435 968 886 649 268 204 3106 126 1924 110 20780 3771 707 517 237 210 158 6005 10467 9410 3941 1572 1102
is_linear=0
shrinkage=0.05


Tree=68
num_leaves=63
num_cat=0
split_feature=11 12 12 8 12 11 8 8 8 9 8 9 0 0 2 2 2 8 12 11 3 11 8 12 9 2 1 2 1 14 9 3 11 12 12 9 2 12 0 6 11 9 1 6 0 3 0 6 2 2 9 6 0 11 9 6 11 12 8 6 9 11
split_gain=578.668 226.583 66.6633 39.3361 28.117 21.9639 28.4356 19.0138 16.9166 16.0937 15.8786 14.7098 14.6456 19.9683 17.5163 17.0476 20.1766 17.8957 16.3003 20.3851 30.1355 15.2086 31.2699 17.2646 14.0535 13.2485 12.9909 12.74 16.4055 13.9132 12.1631 14.4075 11.8877 16.3623 19.4564 11.8187 14.2545 13.1222 44.7564 56.5712 17.9482 19.0338 12.9887 18.0424 32.0402 14.2046 22.157 24.7703 21.2589 20.88 20.3164 24.9207 19.6787 19.0927 48.5634 18.9806 18.521 22.8873 37.2835 21.4097 17.6155 24.6956
threshold=0.41608333333333342 8.8895248237472604 6.0762464689341531 5.6500000000000012 4.908429448785566 0.55991666666666684 6.9500000000000011 3.6500000000000008 10.750000000000002 54.500000000000007 3.6500000000000008 93.500000000000014 15.005700000000003 15.097000000000001 0.43310199929971999 0.55176449259610705 0.56792979242979258 9.3500000000000032 8.838154482399057 0.65341666666666687 13.576644918865666 0.69558333333333355 10.65 8.6105584533782693 64.500000000000014 1.4700005291005294 2.2489022727272734 0.48249860088139668 0.50808946608946626 1.0000000180025095e-35 92.500000000000014 12.766315898521109 0.60975000000000013 7.5175940773221432 7.5637346582655356 97.500000000000014 1.7875136363636368 8.5455746761379405 17.317198114579579 56.500000000000007 0.64391666666666691 77.500000000000014 0.84036806722689095 63.500000000000007 15.286400000000002 13.23195639524312 20.252657142857146 46.500000000000007 0.98046940035273378 1.6861543143573219 54.500000000000007 28.500000000000004 17.309825000000004 0.64708333333333357 85.500000000000014 52.500000000000007 0.60325000000000017 7.650477975332346 9.6500000000000004 33.500000000000007 62.500000000000007 0.5704166666666669
decision_type=2 2 2 2 2 2 2 2 2 2 2 2 2 2 2 2 2 2 2 2 2 2 2 2 2 2 2 2 2 2 2 2 2 2 2 2 2 2 2 2 2 2 2 2 2 2 2 2 2 2 2 2 2 2 2 2 2 2 2 2 2 2
left_child=4 2 3 25 -1 7 -7 9 -5 -4 -6 27 14 -14 -8 -16 17 -17 32 20 -20 23 -23 26 -19 -2 35 -11 29 -29 -28 -32 33 -18 -35 37 -37 42 39 40 41 -39 -15 45 -45 46 47 49 -48 50 -44 -52 55 56 -55 60 57 59 -59 -53 -47 -62
right_child=1 -3 5 8 10 6 12 -9 -10 11 -12 -13 13 21 15 16 18 24 19 -21 -22 22 -24 -25 -26 -27 30 28 -30 -31 31 -33 -34 34 -36 36 -38 38 -40 -41 -42 -43 43 44 -46 52 48 -49 -50 -51 51 53 -54 54 -56 -57 -58 58 -60 -61 61 -63
leaf_value=0.047637628756838073 -0.0013838160632876505 -0.042423832981030231 -0.064413597918710805 0.018753130846789132 0.018396881843299441 -0.020509596742006975 0.019573315309089612 0.0040169766653107616 0.042609154255321219 0.032185143264542998 0.037686021538683674 -0.047458456821456441 0.089314875453796516 -0.0053536907786617544 -0.039972593528690974 0.16793105742859313 -0.031002031028386435 0.071620072641760166 0.30475300315240389 -0.044781732864560359 -0.0411092386710466 0.33130172252127443 -0.042653460499633249 -0.024193557567298445 -0.051763269503273639 0.014023822407621844 -0.028338497574319971 -0.088945576595919118 -0.002845759794253925 -0.0088047755975561668 -0.044859007484753417 0.16721479215984014 -0.028599148052161245 0.060804448535171633 -0.0036287553398821632 -0.052048547534175149 0.035068351190377621 0.031592772818964422 -0.0086505268767090512 0.46494610151526533 -0.045748865534818148 0.25029923109775087 0.056676671437821326 0.18272617464394214 -0.040468013324037551 -0.010702231562725296 0.14101734553709941 -0.042247078406829827 0.0074568671457529217 -0.037418778483485328 -0.033746100720391484 -0.061626378895995364 0.13043571740819287 -0.045075502417440683 0.34240989124453852 -0.054760510761344895 -0.024469104737298318 0.16056658140079166 0.013203887484120958 0.026975971930452588 0.10410672615876207 0.023934447228134034
leaf_weight=594.26411068812013 383.32467699050903 282.75127516919747 12.07360691949725 600.55232203751802 160.12594687193632 204.88750825868919 45.477366785518825 4532.50635429658 85.309039063751698 23.304385345429182 329.35383543372154 19.977839022874832 6.2634615246206513 421.07876728940755 51.348149802070111 2.6132530039176336 50.982331829145551 5.5114641203545016 1.537515364121645 1.6962468051351605 0.95097986748442043 0.94103964557871167 1.1211087531410155 68.422210702206939 3.7888334328308702 218.80820211023092 51.748647233936936 10.507048463448882 287.1651936750859 11.429912703111768 1.3418197482824319 1.6792869651690123 85.055093396920711 12.634935062378643 145.78273460827768 19.658599637448791 6.0105205508880308 2.1877703773789134 14.423596328124402 1.0627825041301546 1.8579219304956494 1.8797546802088616 18.055570287164301 1.5821490339003492 34.296008212026209 21.523475776426494 2.8945643571205428 46.537324227392673 859.85711894789711 31.936933757737279 37.55936091626063 9.1274630725383741 4.1516463859006754 1.6632730620913201 1.4041242711246011 7.6140610752627245 25.377587888855487 7.1820063013583448 10.705174025148152 25.944236492738128 12.48117759823799 42.241204540710896
leaf_count=4727 1112 76549 57 2040 847 8420 877 15238 316 77 1883 138 68 8893 1555 82 471 48 55 293 87 44 125 10900 122 595 1348 73 1205 51 90 37 5246 114 2192 1227 236 84 1893 65 157 76 169 31 1115 239 43 1264 15958 555 655 72 58 167 48 185 772 71 96 175 45 666
internal_value=0 0.00160783 0.00305673 0.0135453 0.040308 0.00120809 -0.00269394 0.00313273 0.0217335 -0.00784839 0.0313911 -0.0058784 -0.00103854 0.000894831 -0.0096001 -0.0132843 -0.00884402 0.0546245 -0.0114101 0.0852779 0.174168 0.000578651 0.133115 0.000416061 0.0208073 0.00420824 0.00139641 -0.00335086 -0.00605577 -0.0476458 -0.0225346 0.0730012 -0.0128297 -0.00638992 0.00151382 0.00218542 -0.0313988 0.00271451 0.0415227 0.144446 0.0793693 0.137446 0.00219699 0.00484619 -0.0300061 0.00592514 0.00434175 -0.00998627 0.00792705 -0.00105101 0.00741039 -6.62936e-05 0.0252398 0.0154344 0.135931 0.0198232 0.0104851 0.0273438 0.0732142 0.00366526 0.0273987 0.042468
internal_weight=0 8881.79 8599.04 1287.99 1083.74 7311.04 2414.08 4896.96 685.861 364.458 489.48 352.384 2209.19 1801.81 407.379 361.902 310.553 11.9136 298.64 4.18474 2.4885 1795.55 2.06215 1793.49 9.3003 602.133 1725.06 332.407 309.102 21.937 54.7698 3.02111 294.455 209.4 158.418 1670.29 25.6691 1644.63 21.4118 6.98823 5.92545 4.06753 1623.21 1202.13 35.8782 1166.26 1078.24 215.493 862.752 168.956 137.019 118.963 88.0116 81.4039 3.0674 83.8599 78.3365 52.9589 17.8872 35.0717 76.2459 54.7224
internal_count=172097 164640 88091 4063 7457 84028 67189 16839 2356 1601 2730 1544 58769 47627 11142 10265 8710 252 8458 435 142 47559 169 47390 170 1707 36490 1406 1329 124 1475 127 8023 2777 2306 35015 1463 33552 2275 382 317 160 31277 22384 1146 21238 20045 4044 16001 2780 2225 2056 1193 1401 215 1135 1186 414 167 247 950 711
is_linear=0
shrinkage=0.05


Tree=69
num_leaves=63
num_cat=0
split_feature=11 12 11 8 12 10 10 11 6 7 8 11 8 8 7 12 9 2 12 10 10 8 14 8 7 9 2 2 8 11 5 10 9 6 9 10 10 9 9 10 2 14 6 2 8 3 10 6 8 2 6 3 11 11 2 2 9 11 8 6 6 7
split_gain=546.783 212.826 61.6879 31.2122 28.5879 23.8395 21.3821 29.9946 22.7437 20.8241 16.9583 16.2388 19.5443 15.5545 15.351 14.2633 16.4067 16.31 15.1899 40.2217 99.3906 13.8877 36.238 13.7156 13.3252 19.927 17.414 17.1702 17.0323 14.6687 47.4199 38.0579 41.2257 21.2217 15.3679 14.0616 15.5443 15.1171 13.8263 13.3408 14.8702 16.4381 14.9736 13.0543 13.0812 12.5871 12.5042 12.4105 12.3536 13.7217 39.1925 17.7436 15.3399 42.0015 14.7482 29.7649 55.0252 13.1943 13.4585 39.2421 24.1748 23.801
threshold=0.41608333333333342 8.8895248237472604 0.46708333333333346 3.0500000000000003 4.908429448785566 53.500000000000007 57.500000000000007 0.61241666666666683 39.500000000000007 5.5000000000000009 7.8500000000000005 0.69558333333333355 10.65 3.6500000000000008 2.5000000000000004 6.9422842501157573 97.500000000000014 2.3831925170068033 8.8000656294250152 50.500000000000007 52.500000000000007 7.9500000000000011 1.0000000180025095e-35 1.0500000000000003 9.5000000000000018 84.500000000000014 0.62672634857255549 1.1710408532176959 5.8500000000000005 0.6249166666666669 1.0000000180025095e-35 49.500000000000007 68.500000000000014 48.500000000000007 48.500000000000007 49.500000000000007 45.500000000000007 63.500000000000007 73.500000000000014 23.500000000000004 1.2161499882329816 1.0000000180025095e-35 46.500000000000007 1.4317320689655175 2.1500000000000008 13.454450677262638 49.500000000000007 50.500000000000007 11.350000000000003 0.61354081232493007 27.500000000000004 12.948917798757252 0.64708333333333357 0.64608333333333356 1.729300793650794 1.9178112554112556 81.500000000000014 0.67258333333333353 11.550000000000002 49.500000000000007 59.500000000000007 12.500000000000002
decision_type=2 2 2 2 2 2 2 2 2 2 2 2 2 2 2 2 2 2 2 2 2 2 2 2 2 2 2 2 2 2 2 2 2 2 2 2 2 2 2 2 2 2 2 2 2 2 2 2 2 2 2 2 2 2 2 2 2 2 2 2 2 2
left_child=4 2 3 23 -1 47 8 14 -4 -3 -9 21 -13 -6 -8 17 18 -10 24 -20 -21 22 -12 -2 -17 26 46 28 -28 34 31 -31 -33 -34 -30 36 -36 -38 -39 -29 41 -41 -43 44 -25 -7 -26 -5 49 50 -23 52 53 54 -51 56 -56 58 59 -50 61 -61
right_child=1 9 6 5 13 45 7 10 15 -11 11 12 -14 -15 -16 16 -18 -19 19 20 -22 48 -24 43 25 -27 27 39 29 30 -32 32 33 -35 35 -37 37 38 -40 40 -42 42 -44 -45 -46 -47 -48 -49 57 51 -52 -53 -54 -55 55 -57 -58 -59 -60 60 -62 -63
leaf_value=0.0473740295275734 0.012050000010932543 0.096709868441538061 0.0081880284479574281 0.027887403837725169 0.017771744750900438 0.011788528522596688 0.032558035768760506 -0.041993813669770397 0.0055330548714038301 -0.04345792350149752 0.33234606269113487 0.24758121310553369 -0.041358769825581246 0.037074582810187377 -0.0002231799294231154 0.013950755115675157 -0.053508159845870644 -0.031121287957029748 -0.046977348835946474 0.67491288372362501 -0.042157680162809089 0.31833621772818838 -0.044418179042802729 -0.044568500807959738 0.027747019579689083 -0.031267573719535507 0.043912776307774765 0.045228306386904955 0.02040616028743614 -0.0016712141949365563 -0.050132390855191458 -0.043394369175928815 0.10409200068333889 0.38440526768320976 -0.027232113944846922 -0.042634532726894811 0.04513924955673982 -0.049926549499990286 0.030256933386946142 0.080758139791363107 -0.0050908027274908819 0.062413266175158889 -0.055085720789638026 0.007373477433195043 -0.0069759812426244423 -0.010729512226665948 -0.010481348335671364 0.010969783416574886 -0.021823789096514803 -0.020587621347991733 -0.0013983579832183264 -0.050572615042489028 -0.043006180696702513 0.30384715245465155 0.0054929681628429787 -0.012994971915794233 0.33344571797308642 -0.040986902287905143 -0.0037891948105765343 0.39815935032781463 -0.041760368133542447 0.11791021110868689
leaf_weight=568.34870825894177 84.686015449464321 2.5635287817567578 1662.6050191139802 421.32442592829466 157.54116041958332 436.30101282149553 35.987500999122858 47.921669719740748 880.80842126905918 268.54803830385208 0.94453611224889678 1.2256223666481667 0.95761318178847421 318.32951419055462 3432.2898917156272 88.256681551691145 16.884108859114349 31.299074560403824 2.3026217543520024 0.72616547159850586 1.109334275126457 0.98073605820536514 1.5421204110607505 42.966637320816517 67.000284470617771 73.469472160097212 11.080685922875999 16.400774358771741 19.007897144183517 4.0269898246042448 9.9423573636449856 1.1610101321712134 1.1727483109571042 2.1924138525500894 93.778366378508508 81.712044487707317 17.244874162599444 13.05953440628946 8.9264634363353235 11.02312508970499 223.2405095002614 4.5788149875588715 6.3274522190913558 49.565206080675125 50.922186426818371 72.036719508469105 31.107211995404214 147.69279196858406 7.0172110958956164 39.570336998440325 8.1980927810072881 51.41948703257367 28.590478087309748 1.0286327172070731 3.4159102183766654 10.32536430004984 1.9790261774323878 22.391085452400148 191.32460390077904 1.2312960834242406 1.018326020799577 2.2464771275408566
leaf_count=4727 225 53 9940 1497 847 1293 89 5515 2274 76496 94 43 116 1883 25487 437 902 107 273 47 171 51 182 146 417 2368 91 62 71 196 656 64 48 93 743 914 86 129 117 105 3045 41 127 140 146 211 321 494 468 2509 712 4852 4797 99 179 519 85 3892 10161 33 83 128
internal_value=0 0.00152814 0.00290749 0.012915 0.0397837 0.0164733 0.00111008 -0.00141587 0.00401941 -0.0420789 -0.0139788 -0.0103791 0.122395 0.0306998 0.000116451 -1.24977e-05 -0.00486256 0.0042665 -0.00380838 0.0905444 0.259161 -0.0112018 0.104075 -0.00386641 -0.00432379 -0.00664845 -0.0037325 -0.00735347 -0.0163663 -0.0190506 0.0235881 0.109449 0.207294 0.293983 -0.0224547 -0.0262799 -0.0161707 0.0101457 -0.0171555 0.00170276 -0.00120577 0.0379603 -0.00518257 -0.0132991 -0.0242619 0.00858617 0.0155766 0.0235078 -0.0120163 -0.0233752 0.0352883 -0.0273845 -0.0132406 0.00183079 -0.0042361 0.036477 0.130585 -0.00464862 -0.000594417 0.0516403 0.165366 0.226885
internal_weight=0 8848.66 8577.55 1305.49 1044.22 1077.35 7272.05 3891.61 3380.44 271.112 423.329 375.407 2.18324 475.871 3468.28 1717.84 805.732 912.107 788.848 4.13812 1.8355 373.224 2.48666 228.14 784.71 696.453 622.984 524.876 263.305 252.225 18.4955 8.55316 4.52617 3.36516 233.729 214.721 133.009 39.2309 21.986 261.571 245.17 21.9294 10.9063 143.454 93.8888 508.338 98.1075 569.017 370.737 145.508 9.17883 136.329 84.9097 56.3193 55.2906 15.7203 5.39494 225.229 202.838 11.5133 4.4961 3.47777
internal_count=172097 164640 88091 4152 7457 3495 83939 60094 23845 76549 34518 29003 159 2730 25576 13905 11524 2381 10622 491 218 28844 276 657 10131 9694 7326 6588 3208 3117 1057 401 205 141 2060 1989 1075 332 246 3380 3318 273 168 432 292 1504 738 1991 28568 13803 763 13040 8188 3391 3292 783 264 14765 10873 712 244 161
is_linear=0
shrinkage=0.05


Tree=70
num_leaves=63
num_cat=0
split_feature=11 12 11 10 11 8 0 11 1 13 0 3 11 8 10 2 1 9 1 11 15 5 1 11 2 11 8 3 11 2 2 5 14 1 2 12 11 8 8 0 2 1 1 9 12 2 1 10 11 2 2 9 9 9 8 3 10 0 12 2 2 11
split_gain=515.969 167.961 69.3636 44.8832 23.113 22.0904 18.3058 19.1085 38.3923 92.8441 17.3376 16.514 16.4844 20.9523 43.3797 37.1919 50.2861 81.7111 64.0018 44.6654 22.666 17.6289 25.4283 16.2621 24.3032 25.2085 15.8238 15.4842 14.6777 22.8449 43.5251 22.2906 14.1962 13.6854 24.676 35.7617 18.7384 18.5593 57.2418 47.2337 43.0076 53.3114 37.3447 24.9239 23.8358 34.5049 19.6835 21.3347 26.0491 13.6513 36.648 13.007 16.0867 16.3109 27.7608 16.675 33.0883 20.9887 18.6959 18.5104 27.8297 22.9877
threshold=0.43441666666666673 8.8128235214355417 0.37741666666666679 52.500000000000007 0.47441666666666676 6.3500000000000005 4.6368000000000009 0.62608333333333355 0.39068568555627387 1.0000000180025095e-35 9.5242380952380969 14.120718137569563 0.71458333333333357 15.350000000000003 68.500000000000014 1.0160237222210737 0.60019888175916558 68.500000000000014 0.67502727272727292 0.68658333333333355 1.0000000180025095e-35 3.5000000000000004 1.4220750000000002 0.67258333333333353 2.0235902236652241 0.68858333333333355 10.050000000000002 13.979857431065533 0.6249166666666669 1.0259252950752953 1.1023909465020576 1.0000000180025095e-35 1.0000000180025095e-35 1.4854006526287231 1.729300793650794 8.1850567217334085 0.6329166666666669 11.65 12.350000000000003 16.853632958801501 1.3879142951625096 0.95960977696193128 0.70091595203042589 76.500000000000014 8.7873617833232327 1.1058068989211849 1.4286441558441563 55.500000000000007 0.64075000000000015 1.0065526360544221 1.0160237222210737 98.500000000000014 86.500000000000014 79.500000000000014 6.3500000000000005 12.977266509387183 85.500000000000014 19.406657142857146 7.5175940773221432 1.5000172438672441 0.86595160765160772 0.55525000000000013
decision_type=2 2 2 2 2 2 2 2 2 2 2 2 2 2 2 2 2 2 2 2 2 2 2 2 2 2 2 2 2 2 2 2 2 2 2 2 2 2 2 2 2 2 2 2 2 2 2 2 2 2 2 2 2 2 2 2 2 2 2 2 2 2
left_child=2 3 -1 4 26 -4 -5 28 9 -9 11 -6 13 -3 -15 16 20 -18 -19 -20 -16 -17 -23 -12 25 -25 -2 32 51 -30 -31 -32 33 34 36 -36 -10 46 39 -39 41 42 -41 -43 49 -46 47 48 -38 -40 -51 52 53 -8 -55 -56 59 58 -58 60 -57 -62
right_child=1 12 5 6 10 -7 7 8 27 -11 23 -13 -14 14 15 21 17 18 19 -21 -22 22 -24 24 -26 -27 -28 -29 29 30 31 -33 -34 -35 35 -37 37 38 44 40 -42 43 -44 -45 45 -47 -48 -49 -50 50 -52 -53 -54 54 55 56 57 -59 -60 -61 61 -63
leaf_value=0.047208251377022115 0.012588620827869716 -0.033889153760169793 0.018202648483263691 0.051664298546804002 -0.021633110149157628 0.035528016188139853 7.3549882220260614e-05 0.02313393285595701 -0.041098346942002019 0.55530599342856035 0.0055548100478333426 0.027109095066070257 -0.047610547939682737 -0.038729033827217235 -0.047059455991130095 -0.048091730295608676 -0.041968302290671611 0.79799180146793058 0.50782631231804887 -0.038521223162989282 0.30261153555662235 -0.031128778176843255 0.53205479859754778 -0.012119128796178491 0.28850534964366703 0.22329552384600598 0.036340286313778003 0.21147510219407917 -0.04832139984169951 0.34831348051959349 0.1393974463365289 -0.048339883832118069 -0.025013921191592705 -0.040503555908123809 0.42586347636642385 -0.038795543197687465 0.29475091844808671 -0.046484357424858395 -0.050480087144270519 0.41417002123280888 -0.043410551371601547 0.25595357720269457 0.02604000499883935 0.63078480054986796 -0.039461342409484824 0.4074310547593582 0.25717912427862694 -0.030976504033220595 -0.041943019244334342 0.29220484093990218 0.0027922843116995996 -0.033604707838096437 0.013202900847921273 -0.027856869009376457 -0.01203880634905688 -0.018520982164175564 0.18420769779458618 0.27941383684719229 -0.046300831234424654 -0.061424461088226794 -0.0077298906615713148 0.070166572250151632
leaf_weight=563.432493083179 462.3979026041925 98.123843317385763 523.50075252354145 16.469588997308165 102.91554092103615 285.95727950148284 4276.7662408463657 4.9991614287719122 20.208550170063972 0.88827488664537657 2269.5050519267097 20.7327412199229 161.00979641336016 15.158352883532645 2.4214688837528215 4.385369319235906 1.1086072272155436 0.83987394557334516 0.61353388801217057 0.7265913924202323 0.46611223137006152 0.42038170853629697 0.24348377995193005 5.0968598681502035 1.0782708791084585 1.3486483339220283 83.019850246608257 0.64627647399902244 3.383045672439037 1.3970113010145722 3.0313967866823077 3.0651107477024198 180.47766927583143 19.876970595680177 0.73745365720242151 0.75372385326772928 1.0529792420566075 2.2915310724638385 10.695709435734896 0.76001948397606645 1.2679311372339723 1.1953070275485518 2.3895978340879083 1.0729121249169109 0.78779919026419409 0.77205175347626209 0.55002267379313607 31.118097710423172 1.0574067798443136 1.055230791214856 21.403074320871383 29.10825672140345 215.78405215311795 145.01842864230275 107.34736740775406 30.508870132733136 1.5467030107974999 1.7048223121091721 1.7681084661744533 8.1116785025224072 14.087800890207289 28.024563056882471
leaf_count=4823 1375 23433 2460 126 793 1640 27851 314 1179 33 13923 98 52650 2544 397 889 239 77 28 142 64 84 44 611 95 55 309 11 212 44 129 172 17276 1860 21 94 34 227 761 50 136 51 182 64 93 56 58 3940 112 26 1496 868 3393 1616 1560 633 8 44 102 137 60 487
internal_value=0 0.000672037 0.0337274 0.00199508 0.00692476 0.024333 -0.000800639 -0.000969515 -0.0130862 0.112195 0.00481047 -0.0134045 -0.0370142 -0.0232439 0.0161365 0.0903539 0.171673 0.302425 0.473913 0.226029 0.0159504 -0.00954624 0.211494 0.00580233 0.0787579 0.0390337 0.0162191 -0.0155966 -0.00020686 0.0575436 0.106003 0.0449459 -0.0161736 -0.00271979 0.00483618 0.200179 0.00160122 0.0128428 0.0343624 0.146174 0.212656 0.27319 0.1311 0.454516 0.00496657 0.189937 -0.0148637 -0.0202749 0.129523 -0.00413068 0.0178474 -0.000338321 -0.00013614 -0.000761207 -0.0113315 0.0010612 0.0175133 0.140856 0.0620358 0.00961774 0.0176954 0.0440329
internal_weight=0 8424.79 1372.89 8139.28 2946.09 809.458 5193.18 5176.71 306.058 5.88744 2400.68 123.648 285.517 124.508 26.3838 11.2254 6.17619 3.28861 2.18 1.34013 2.88758 5.04923 0.663865 2277.03 7.52378 6.44551 545.418 300.17 4870.65 10.8766 7.49352 6.09651 299.524 119.046 99.1694 1.49118 97.6782 77.4697 43.6912 8.9773 6.68577 5.41784 3.14962 2.26822 34.7139 1.55985 33.7785 33.2285 2.11039 33.154 22.4583 4859.78 4830.67 4614.88 338.118 193.1 85.7525 5.01963 3.31481 80.7329 72.6212 42.1124
internal_count=172289 163366 8923 82775 17259 4100 65516 65390 28074 347 15575 891 80591 27941 4508 1964 947 486 247 170 461 1017 128 14684 761 666 1684 27727 37316 557 345 301 27716 10440 8580 115 8465 7286 3142 710 483 347 232 115 2432 149 4144 4086 146 2283 1522 36759 35891 32498 4647 3031 1471 154 110 1317 1180 547
is_linear=0
shrinkage=0.05


Tree=71
num_leaves=63
num_cat=0
split_feature=12 12 12 10 12 7 10 6 2 0 2 3 5 9 8 9 9 12 8 10 2 12 8 5 10 10 7 9 9 6 5 3 7 12 10 2 4 6 8 8 10 6 0 4 10 3 2 0 10 9 0 9 6 0 2 6 9 8 8 6 9 7
split_gain=471.606 161.026 55.2733 47.4776 32.8527 26.2337 23.2009 19.6355 18.014 19.0263 20.2454 23.7963 24.5466 26.8355 22.765 29.3168 44.7207 15.6729 17.8875 33.1989 51.3892 42.4377 54.1791 81.6585 78.7154 22.2154 15.3826 14.9573 14.942 14.8961 18.2579 14.8156 17.2559 20.7247 31.7717 37.3406 17.3658 17.0972 17.8168 14.8293 14.2916 14.2868 14.1139 13.9708 23.6764 15.3056 20.4814 18.7015 25.291 17.9245 17.599 18.8574 19.4473 20.2217 14.0609 17.0302 14.0026 13.7548 24.2724 13.5444 13.2874 15.3858
threshold=5.5453885563561185 8.8128235214355417 4.908429448785566 54.500000000000007 6.0762464689341531 15.500000000000002 84.500000000000014 53.500000000000007 2.7667425000000008 15.202428571428573 0.70401290742117817 13.133232919246 3.5000000000000004 67.500000000000014 5.4500000000000011 74.500000000000014 78.500000000000014 9.3849275706498094 15.350000000000003 68.500000000000014 1.0160237222210737 9.157313570905087 16.750000000000004 2.5000000000000004 75.500000000000014 84.500000000000014 2.5000000000000004 80.500000000000014 53.500000000000007 34.500000000000007 2.5000000000000004 13.256184881179701 14.500000000000002 7.9317789499972413 63.500000000000007 1.263890881966822 5.5000000000000009 29.500000000000004 7.5500000000000007 17.150000000000002 31.500000000000004 24.500000000000004 15.202428571428573 5.5000000000000009 62.500000000000007 12.883457341899176 1.0212186942309394 20.769492857142861 57.500000000000007 69.500000000000014 17.784821052631582 70.500000000000014 37.500000000000007 20.053820118663957 1.1103295514147689 23.500000000000004 50.500000000000007 3.6500000000000008 9.3500000000000032 62.500000000000007 68.500000000000014 20.500000000000004
decision_type=2 2 2 2 2 2 2 2 2 2 2 2 2 2 2 2 2 2 2 2 2 2 2 2 2 2 2 2 2 2 2 2 2 2 2 2 2 2 2 2 2 2 2 2 2 2 2 2 2 2 2 2 2 2 2 2 2 2 2 2 2 2
left_child=2 3 -1 4 59 26 8 -4 9 10 11 14 -13 28 -7 -16 -17 18 -3 -20 21 25 23 24 -23 -21 -5 40 -14 30 -12 39 36 37 42 -36 -33 -34 -39 -28 -6 -42 -35 45 -45 46 -11 48 -48 -49 -50 56 -53 -54 -46 -56 -52 -15 -59 -2 61 -57
right_child=1 17 7 5 27 6 -8 -9 -10 43 29 12 13 57 15 16 -18 -19 19 20 -22 22 -24 -25 -26 -27 31 -29 -30 -31 -32 32 33 34 35 -37 -38 38 -40 -41 41 -43 -44 44 54 -47 47 49 50 -51 51 52 53 -55 55 60 -58 58 -60 -61 -62 -63
leaf_value=0.047171853841375545 0.019465891368994372 -0.033584592869411067 0.029366124714094638 0.026984710564554967 0.01581126262696016 -0.045327452891294112 -0.025769085554343946 0.0064699512662785355 -0.054673756383975425 -0.056656442748579075 0.011971364710636371 -0.023419387300272782 0.037975607629072351 0.18279147833327478 0.044266585884020375 0.36690929652027227 -0.041375860176560204 -0.047437572557807998 -0.03856969513828154 -0.046551859741782296 -0.021046518897577044 1.3026239335149545 -0.037757023579402145 0.12611634518922901 0.28633993884520564 0.2006143361953372 -0.00062589151135642796 -0.0035179115300747708 -0.066287945096175235 -0.043364491172411541 -0.05432203487288715 0.0010593277319572404 0.067869746600859024 0.073093130947670254 -0.030353604682045239 0.18809797250932725 0.023079120221220398 0.023237949127984957 -0.025361325015658905 -0.055300609260312342 0.022209923896906222 0.0036736451642479652 0.20200307848359392 0.0075764644486224003 -0.047698538196253387 0.0081384375846409677 -0.088135220890267665 0.00081254460197307014 -0.019916386313419479 -0.027804271140286774 0.091017856199349045 0.030763556244771714 0.32440347367477745 0.070908791684637207 0.06999322872967495 0.0034379673279563102 -0.006821404804914207 -0.04987874078531504 0.19969566030475389 -0.01872827247976554 -0.045155579669698305 -0.052603959203696642
leaf_weight=525.75229776650667 542.06212826818228 96.417910914169624 500.69306905195117 58.382643812336028 335.88083947775885 4.6990621970035162 140.04230869794264 115.98028963804245 17.484707611147314 18.626464646309614 33.993041697889566 83.271995583549142 8.3079393678344804 3.5472197718918315 11.91742110531777 1.7843220965005451 0.98053267737850536 150.70104915066622 15.148342391941698 2.0278005134314285 7.0816344995982945 0.34343233285471819 0.69164704135619093 0.9745588400401175 0.49417615029960871 1.4752168643753973 2440.4012148580514 468.63192521268502 5.70009607868269 79.358468174468726 14.80104023683816 691.40475235646591 12.925011506304143 4.556694363709541 9.3485355046577734 2.3627630290575317 102.86696562636644 53.507119315676391 28.935528695583344 12.368292601779102 109.91238748282194 1934.6094883345068 4.5307178925722837 105.54829993983731 42.156516746152192 481.35133113805205 3.5644649397581842 204.30590805830434 6.3473714315332499 74.478279704228044 7.3301987187005597 2.2092485479079178 2.007199917454273 1.460334970615804 5.6293194591999045 64.370924001559615 7.0026041050441563 2.4685373608954255 1.4592414679937062 24.040293291211128 32.526842546649277 14.98693957692012
leaf_count=4772 1855 24403 2819 166 1121 48 6804 599 468 557 566 1513 43 18 182 44 111 50871 2902 259 1689 40 151 59 100 117 21828 6723 88 2045 368 5280 52 105 505 58 742 244 208 450 433 10321 74 1477 1175 8585 58 2242 170 3442 24 85 71 61 59 618 140 100 47 79 1678 377
internal_value=0 0.00105608 0.0352489 0.00230178 0.00682842 -0.000848788 -0.00640193 0.0250698 -0.00437793 -0.00370698 -0.0160611 -0.00162314 -0.0110892 0.03636 0.0490782 0.0797332 0.223979 -0.0365542 -0.0233293 0.0115072 0.0696973 0.17609 0.329667 0.467156 0.802853 0.0588279 0.0015579 0.0046397 -0.00426564 -0.0299954 -0.00810557 0.00111423 0.0065615 0.0245607 0.0697285 0.0145152 0.00391997 0.0145949 0.00611005 -0.000905875 0.00624788 0.00467363 0.139407 -0.000798776 -0.0107583 0.00246234 -0.00586919 -0.00277128 0.0346992 -0.00682185 0.0517704 0.0747453 0.151514 0.224027 -0.0229068 -0.0139376 0.0431539 0.112203 0.0442572 0.0178321 -0.0182638 -0.00713565
internal_weight=0 8595.8 1142.43 8320.45 3415.14 4905.31 1483.72 616.673 1343.68 1326.19 252.289 124.136 104.755 21.483 19.3813 14.6823 2.76485 275.356 124.655 28.2368 13.0885 6.00683 2.50381 1.81217 0.837608 3.50302 3421.59 2849.03 14.008 128.153 48.7941 3363.21 910.438 116.166 20.7987 11.7113 794.272 95.3677 82.4426 2452.77 2380.4 2044.52 9.08741 1073.9 265.219 808.683 327.332 308.706 29.9214 278.784 26.357 20.0096 5.67678 3.46753 159.671 117.514 14.3328 7.475 3.92778 566.102 111.885 79.3579
internal_count=172289 164099 8190 83508 20532 62976 33264 3418 26460 25992 5173 2194 1809 296 385 337 155 80591 29720 5317 2415 726 350 199 140 376 29712 18598 131 2979 934 29546 7268 1246 742 563 6022 504 452 22278 11875 10754 179 20819 5384 15435 6850 6293 609 5684 551 381 217 132 3907 2732 164 165 147 1934 2673 995
is_linear=0
shrinkage=0.05


Tree=72
num_leaves=63
num_cat=0
split_feature=11 12 11 11 10 10 7 10 3 11 2 6 3 3 9 9 11 11 5 2 10 10 7 12 1 10 1 6 12 6 1 2 12 9 1 6 1 9 15 11 2 6 1 15 6 9 3 7 12 9 9 2 12 2 14 12 11 7 1 1 5 3
split_gain=456.993 150.489 51.48 41.6554 23.0533 20.8703 19.7634 20.6729 17.9623 20.1403 25.8268 20.7278 17.1647 26.0401 16.8508 26.8435 16.5973 15.189 16.9519 31.2556 22.3379 14.9853 14.9632 14.5219 20.3052 29.5098 20.0872 16.5547 18.1932 14.2354 14.0704 18.4595 29.6507 31.2527 17.1298 16.2414 24.5894 18.2166 25.6131 16.8939 12.8097 12.7668 12.7084 16.053 15.5904 22.0794 15.4334 18.0757 15.8973 15.8993 37.6925 21.6039 21.3033 48.2713 64.5256 21.6397 35.9044 21.9322 21.6915 16.6426 16.6072 18.1679
threshold=0.42541666666666672 8.8128235214355417 0.37741666666666679 0.46708333333333346 52.500000000000007 41.500000000000007 15.500000000000002 84.500000000000014 13.395297616506907 0.62608333333333355 0.43310199929971999 60.500000000000007 13.23195639524312 13.19590898424544 56.500000000000007 46.500000000000007 0.71458333333333357 0.67358333333333353 1.0000000180025095e-35 2.0235902236652241 51.500000000000007 63.500000000000007 14.500000000000002 7.9317789499972413 1.0582800162800166 63.500000000000007 0.84036806722689095 29.500000000000004 7.2848102876857732 47.500000000000007 0.64032035891279604 0.83851908939014208 7.9317789499972413 77.500000000000014 0.63164132553606256 35.500000000000007 0.77287968478927638 85.500000000000014 1.0000000180025095e-35 0.64075000000000015 1.4443627183047134 24.500000000000004 1.3500545454545458 1.0000000180025095e-35 60.500000000000007 73.500000000000014 12.916747385498736 3.5000000000000004 7.2848102876857732 76.500000000000014 68.500000000000014 0.78874792118975257 8.5589390246246442 1.08335 1.0000000180025095e-35 8.0790587122037785 0.61108333333333353 13.500000000000002 0.73263094481276314 1.1042282039721087 1.0000000180025095e-35 13.16990388361171
decision_type=2 2 2 2 2 2 2 2 2 2 2 2 2 2 2 2 2 2 2 2 2 2 2 2 2 2 2 2 2 2 2 2 2 2 2 2 2 2 2 2 2 2 2 2 2 2 2 2 2 2 2 2 2 2 2 2 2 2 2 2 2 2
left_child=2 3 -1 5 17 -2 12 8 9 11 -11 -8 13 42 15 -13 -3 30 19 -19 -20 -4 41 26 25 -25 27 -24 -29 -30 34 32 -32 -34 -5 36 -33 -38 -39 -37 -28 -14 43 46 -45 -46 -6 -48 -49 50 -50 -51 55 54 -54 56 57 58 -53 60 61 -60
right_child=1 16 21 4 6 -7 7 -9 -10 10 -12 14 22 -15 -16 -17 -18 18 20 -21 -22 -23 23 24 -26 -27 40 28 29 -31 31 35 33 -35 -36 39 37 38 -40 -41 -42 -43 -44 44 45 -47 47 48 49 51 -52 52 53 -55 -56 -57 -58 -59 59 -61 -62 -63
leaf_value=0.046670881412584242 0.023605302537659439 -0.022088308790829778 0.02900035770401892 -0.00038345616414879212 -0.010008289351060429 0.0073646173102694572 0.0018353942530870645 -0.024738355521056538 -0.021069077494729881 0.32735846514643274 -0.022216186841626247 -0.067020891283032166 -0.036521081013353822 -0.063580826621307693 -0.045080434054789273 0.027931700990744653 -0.047351982440833086 0.068947847752736019 -0.047937672958998929 0.41657640910471461 0.28288968494196765 0.0089956358995141681 0.08594292971956792 0.092118442584114668 0.15179648274196098 -0.029792409078655026 -0.06794838970072023 0.035021884586365744 -0.059179440441683065 0.032282761039253691 0.015885785407675924 -0.028159679518150318 0.019654801413130807 0.16721260806499019 -0.033579795660639525 0.0019625770186541109 0.01534097998028946 -0.027244194168782127 0.051078345438552157 -0.050114063462006177 0.015611910155282833 0.005492379537548487 0.0041947234348053315 0.0048394685064818976 0.0068670662425044764 0.11829095311264 0.050003942617207545 -0.0071805707467142953 0.021967236585396961 -0.050872103407308772 -0.043165936294111661 0.14358572816773971 0.66169708333820831 -0.042373849504241362 -0.034147979662550572 -0.0290685040261211 0.22587809442387974 -0.051198714962081851 -0.015490210023269516 0.1068676816475853 -0.053858784543131269 0.12432435270849043
leaf_weight=516.22414922900498 256.69735955446959 118.98002825933509 468.20942379534245 429.05998774291947 794.99932604981586 870.06543907523155 1027.1843080567196 134.70034102955833 141.76485963817686 0.42914206720888515 130.85678840382025 10.316140178591011 18.431718784850091 16.570022762753069 44.419859742745757 25.969259701669216 146.85926496889442 3.132275097072124 3.4224259583279495 0.75425163796171535 0.49667844967916597 118.12320457026362 10.064952855929731 10.547482405789202 4.6238318281248203 9.1452976139262301 10.446668390184643 40.853386308997869 11.319191731512548 6.6232777191326013 106.74165097158402 38.491953680757433 7.4810966094955784 7.0098575903102756 42.668671919964254 1142.9101298823953 649.11120788939297 53.836959388107061 12.816529950592665 15.683848877903072 7.9190324898809186 706.4285482079722 806.96113759512082 198.21690856479108 10.976318005006762 7.5091546196490517 18.255476179532707 306.65936925075948 68.390375025104731 6.3646294376812866 32.769033120013773 5.8691899720579412 0.74160273699089818 1.1463330765254793 0.51422955468297005 9.2924500089138728 2.779883313458412 5.2830060068517914 4.7804779093712586 5.7249634945765129 6.3616863321512929 4.2884460156783462
leaf_count=4823 890 27941 2782 2721 8523 2613 10310 6796 2780 34 13472 73 138 184 967 181 52650 242 411 37 34 623 35 204 77 509 83 120 134 85 408 250 129 153 306 6364 2571 672 99 1467 37 5824 6933 1917 101 128 52 1071 742 301 765 69 64 180 83 596 87 148 67 62 126 45
internal_value=0 0.000947117 0.0351442 0.00213297 0.000729551 0.0110707 -0.00134896 -0.0060408 -0.00421171 -0.00227761 -0.0207872 -7.8018e-05 0.000906463 -0.00131025 -0.0244652 0.000688731 -0.0360762 0.00459017 0.073828 0.146423 0 0.0249809 0.00704585 0.024096 0.0582575 0.0353861 0.0144595 0.0268868 0.0165636 -0.0251482 0.00436956 0.0061747 0.0250973 0.0920339 -0.0034032 0.00497155 0.0106821 0.0127815 -0.012055 0.00124904 -0.0317582 0.00441228 -0.000856295 -0.00359361 0.00897548 0.0527916 -0.00573565 0.00134258 -0.000584119 0.0124891 0.000797177 0.0346061 0.0464256 0.189076 0.391576 0.0381842 0.0561692 0.0407606 0.0590443 0.0347896 0.00720979 0.0507138
internal_weight=0 8572.72 1102.56 8306.88 7180.12 1126.76 4666.5 1515.64 1380.94 1239.18 131.286 1107.89 3150.86 2314.45 80.7053 36.2854 265.839 2513.62 7.80563 3.88653 3.9191 586.333 836.403 111.543 24.3166 19.6928 87.2265 68.8608 58.7959 17.9425 2505.81 2034.08 121.233 14.491 471.729 1912.85 754.257 715.765 66.6535 1158.59 18.3657 724.86 2297.88 1490.92 216.702 18.4855 1274.22 479.221 460.966 154.306 101.159 53.1469 46.7823 2.40217 1.25583 44.3801 35.0877 32.3078 27.0248 21.1556 15.4306 9.06892
internal_count=172289 164061 8228 83470 79967 3503 64103 34613 27817 25037 13506 11531 29490 22244 1221 254 80591 15864 724 279 445 3405 7246 1284 790 713 494 374 339 219 15140 12113 690 282 3027 11423 3592 3342 771 7831 120 5962 22060 15127 2146 229 12981 4458 4406 3335 1507 1828 1527 327 147 1200 604 517 369 300 238 112
is_linear=0
shrinkage=0.05


Tree=73
num_leaves=63
num_cat=0
split_feature=11 12 11 11 8 9 8 4 7 11 8 6 12 12 12 4 9 6 6 6 7 3 1 15 7 9 3 9 3 9 7 6 11 8 4 3 9 5 1 1 1 12 11 3 11 8 12 3 9 8 4 5 8 9 1 11 1 8 3 8 8 6
split_gain=429.151 140.624 51.6903 38.0318 26.6449 21.2192 18.249 17.1582 16.7827 16.6961 18.3517 23.7043 15.9256 22.0805 23.9507 39.9898 15.7013 22.1544 14.4362 14.2964 17.0531 16.9495 14.1089 27.7052 13.7957 13.2213 23.8737 22.9568 13.7577 13.7176 24.9644 19.8909 24.5593 12.9431 12.6455 20.0895 16.9289 15.1834 11.8974 11.7652 11.7412 11.5566 22.6605 18.288 15.7423 15.1341 26.289 13.8052 16.9068 23.383 20.2904 18.2026 13.0597 12.7412 15.2752 16.3364 12.5415 16.4866 11.8815 24.2473 50.6602 11.9264
threshold=0.42541666666666672 8.8128235214355417 0.37741666666666679 0.46708333333333346 6.9500000000000011 98.500000000000014 6.3500000000000005 4.5000000000000009 2.5000000000000004 0.71458333333333357 15.350000000000003 22.500000000000004 9.119677959305255 9.1845709865033225 9.157313570905087 3.5000000000000004 84.500000000000014 30.500000000000004 52.500000000000007 51.500000000000007 10.500000000000002 12.906620650216407 1.2301200000000001 1.0000000180025095e-35 4.5000000000000009 86.500000000000014 13.30254518545709 91.500000000000014 13.288382406865727 90.500000000000014 14.500000000000002 59.500000000000007 0.55758333333333354 4.9500000000000011 5.5000000000000009 13.366413324127498 47.500000000000007 3.5000000000000004 0.23551980896322142 0.66834454572257374 0.29890344416154752 7.9491072131553784 0.58791666666666687 13.728301426562949 0.60725000000000018 14.950000000000001 8.7873617833232327 12.796971693193582 79.500000000000014 12.850000000000003 4.5000000000000009 4.5000000000000009 13.450000000000001 69.500000000000014 1.731780865800866 0.6282500000000002 1.0554513765182187 10.050000000000002 12.850192847790025 11.950000000000001 12.65 48.500000000000007
decision_type=2 2 2 2 2 2 2 2 2 2 2 2 2 2 2 2 2 2 2 2 2 2 2 2 2 2 2 2 2 2 2 2 2 2 2 2 2 2 2 2 2 2 2 2 2 2 2 2 2 2 2 2 2 2 2 2 2 2 2 2 2 2
left_child=2 3 -1 4 -2 8 18 -7 -5 10 -3 -12 -13 14 24 -16 40 -18 -4 20 34 33 -9 -24 -14 -23 27 29 -29 30 31 32 -27 -21 36 37 -10 39 -22 -36 -15 -40 43 -43 56 47 53 48 -46 51 52 -50 -51 -47 55 -55 -44 -58 59 -49 -61 -60
right_child=1 9 6 5 -6 7 -8 22 19 -11 11 12 13 16 15 -17 17 -19 -20 21 38 25 23 -25 -26 26 -28 28 -30 -31 -32 -33 -34 -35 35 -37 -38 -39 41 -41 -42 42 44 -45 45 46 -48 58 49 50 -52 -53 -54 54 -56 -57 57 -59 61 60 -62 -63
leaf_value=0.04639055680731443 0.0047033451632280806 -0.032316455131682326 0.022832764382487897 0.028724058664585651 0.020722275453840103 -0.04864543907628649 0.036729356534385367 -0.029570010278404821 0.037122727606144101 -0.047210995242449427 0.36144213638385947 -0.025295499112282599 0.2411799249540082 0.12737359087484118 -0.026993129395830623 0.64229660860133864 0.27998708583691756 -0.040492960467229028 -0.0012195446378109184 -0.025754228630512445 -0.044158956458405167 0.00071517037494666779 -0.0057471534356590519 0.13444955083874208 -0.042462466866293805 0.050330688923238498 -0.022912442169359074 -0.040453275873524423 0.094078993690864587 0.16409806642254451 -0.052371596432426552 -0.0049852509997421988 0.22059835204511466 -0.0058048351637563275 -0.024627018594069943 0.050642902381984427 0.0029797640565081885 -0.02212351671992175 0.0015733687345735889 0.018896323626793905 -0.048699701586967126 0.13684013512798759 -0.044989192603667238 0.020258021841446018 -0.04686976487849269 -0.0057204035798263352 0.1674620997237396 -0.047352962558255121 -0.028988234387184109 0.1944113725644008 -0.046847046785096602 0.22351181829508385 0.031268477918458659 0.089447689380814085 0.11223456756531228 -0.017806992138860517 0.069060520894536528 -0.053945039230774476 -0.009704577597756614 0.38835615912892418 0.012312919117510229 0.031643950952536692
leaf_weight=493.94129024073482 706.42748818919063 89.64257183088921 300.00201548263431 53.983356943354011 411.40761116147041 38.985836924053729 195.11066843010485 21.0404889928177 37.745584801770747 140.10395004786551 0.3846828152891274 15.075128118041905 0.56824446097016279 1.0170801267959158 0.32870678557083 0.477193056140095 1.0731968381442127 0.91295347874984134 78.253232216462493 90.089088001754135 14.779389004223047 673.05640246300027 13.460023763123901 4.641570347826927 1.073043758748099 4.4363236017525249 14.782184238545595 7.6044296212494356 2.4161197356879711 4.3266797987744203 3.5495391450822344 3.3890211703255764 4.2754766494035721 847.37763417605311 16.590751801617444 37.033035854808986 915.78438202524558 29.939672091975808 3659.3324722554535 209.08801332022995 5.8898231694474816 3.9485001815483001 46.868932202924043 21.27379956189543 48.795667994301766 46.873979276511818 2.6236130078323177 2.920852616429328 27.824963592924181 3.0780704319477072 2.2430615765042603 0.62959989625960489 2.2039049505256116 5.0507714264094892 5.4527547974139443 11.207649870309977 6.0379630168899876 4.7713974146172404 201.0665755267255 1.2610924895852806 2.7251044255681336 18.954438573215157
leaf_count=4823 1979 23433 1678 134 1524 2032 1314 1048 82 52650 47 2427 2 94 62 61 39 220 413 830 168 7603 513 94 212 14 416 300 73 100 198 65 104 13470 87 147 4540 188 21057 943 1344 47 1352 264 4287 1400 110 310 3042 116 219 62 137 29 89 527 122 74 12184 46 125 1219
internal_value=0 0.000897596 0.0345233 0.00202644 0.0106047 0.000688869 0.0242849 -0.0252071 0.000975068 -0.0355526 -0.0214538 0.0146796 0.00809711 0.0527576 0.182756 0.390945 0.0147944 0.135399 0.0178446 0.000761213 0.00201077 -0.0033015 -0.0016705 0.0304682 0.0610794 0.00247501 0.0287542 0.054372 -0.00691221 0.0852428 0.0622216 0.0963989 0.136015 -0.00772982 0.0071387 0.0162349 0.00434031 0.0112126 0.000465836 0.0156651 -0.0206105 0.000627995 -0.00678669 0.0391745 -0.00943745 -0.00574917 0.0150048 -0.0105097 -0.0277233 -0.00156027 0.0760819 -0.022463 0.129115 0.00886466 0.0404646 0.0155498 -0.0337842 0.0143091 -0.00404774 0.0599864 0.139096 -0.006107
internal_weight=0 8547.9 1067.31 8291.36 1117.84 7173.52 573.366 78.1279 7095.39 256.547 116.443 26.8001 26.4154 11.3402 2.44719 0.8059 8.89305 1.98615 378.255 7041.41 5386.11 1655.3 39.1421 18.1016 1.64129 717.836 44.7798 29.9976 10.0205 19.977 15.6504 12.1008 8.7118 937.467 1246.18 292.651 953.53 255.618 4139.92 225.679 6.9069 4125.15 465.813 25.2223 440.59 382.912 71.2088 311.703 84.7753 35.9796 7.52504 28.4546 5.28198 68.5852 21.7112 16.2584 57.6783 10.8094 226.928 6.90705 3.9862 220.021
internal_count=172289 164061 8228 83470 3503 79967 3405 3687 76280 80591 27941 4508 4461 2034 337 123 1697 259 2091 76146 52973 23173 1655 607 214 8873 1270 854 373 481 381 183 118 14300 5987 1365 4622 1218 46986 1030 1438 46818 25761 311 25450 23902 2155 21747 7863 3576 472 3104 253 2045 645 556 1548 196 13884 481 171 13403
is_linear=0
shrinkage=0.05


Tree=74
num_leaves=63
num_cat=0
split_feature=11 11 11 10 11 11 7 0 0 1 10 7 10 6 10 11 6 6 1 10 0 0 7 9 0 0 1 1 0 11 4 6 1 3 7 10 0 10 7 10 6 11 11 11 0 5 9 1 9 11 10 4 11 1 1 11 7 11 4 10 9 9
split_gain=402.729 126.601 51.804 35.2439 27.6071 23.492 18.7469 25.5911 17.2246 15.6425 14.4795 13.8932 13.5245 16.0769 16.1003 15.4714 45.407 112.596 26.8456 13.1762 18.1764 26.4697 15.4596 12.6411 13.6878 22.849 12.6287 19.8595 18.321 14.9495 18.1087 16.1545 15.6417 17.9646 17.2399 15.7116 15.2465 16.2838 20.5916 13.6941 19.197 13.0882 26.6691 16.4694 15.416 14.9778 17.5767 12.6275 14.7496 17.8453 12.5844 15.6164 12.5799 12.5028 35.2236 12.1962 15.8058 20.7028 16.7091 20.9359 55.1837 17.9067
threshold=0.42541666666666672 0.66458333333333353 0.37741666666666679 54.500000000000007 0.45941666666666675 0.71458333333333357 15.500000000000002 15.202428571428573 4.6368000000000009 2.5409079365079368 63.500000000000007 2.5000000000000004 84.500000000000014 22.500000000000004 87.500000000000014 0.65958333333333352 40.500000000000007 37.500000000000007 1.6930751322751325 98.500000000000014 25.110450000000004 26.733550208855473 9.5000000000000018 60.500000000000007 26.999100000000002 25.384564285714287 0.64032035891279604 0.63164132553606256 21.135921568627456 0.53008333333333346 2.5000000000000004 56.500000000000007 1.2578231253023706 13.327784847474403 24.500000000000004 46.500000000000007 27.799363888888895 53.500000000000007 17.500000000000004 35.500000000000007 31.500000000000004 0.5704166666666669 0.57958333333333356 0.55991666666666684 22.319442423024991 1.0000000180025095e-35 80.500000000000014 0.76207760781263512 73.500000000000014 0.5814166666666668 46.500000000000007 1.5000000000000002 0.62608333333333355 0.52901180301180306 0.49821925351337121 0.64075000000000015 20.500000000000004 0.65141666666666687 5.5000000000000009 77.500000000000014 85.500000000000014 77.500000000000014
decision_type=2 2 2 2 2 2 2 2 2 2 2 2 2 2 2 2 2 2 2 2 2 2 2 2 2 2 2 2 2 2 2 2 2 2 2 2 2 2 2 2 2 2 2 2 2 2 2 2 2 2 2 2 2 2 2 2 2 2 2 2 2 2
left_child=2 3 -1 4 -2 -3 11 8 -8 12 -4 -5 15 -14 -15 52 17 18 -17 -13 47 22 -22 24 25 -16 27 28 -6 31 39 -28 -32 34 36 -36 37 -34 -39 40 -31 43 -43 50 45 46 -44 48 -21 -50 -41 -52 -9 54 -54 -55 57 58 59 61 -61 -57
right_child=1 5 10 6 26 -7 7 9 -10 -11 -12 19 13 14 23 16 -18 -19 -20 20 21 -23 -24 -25 -26 -27 29 -29 -30 30 32 -33 33 -35 35 -37 -38 38 -40 41 -42 42 44 -45 -46 -47 -48 -49 49 -51 51 -53 53 55 -56 56 -58 -59 -60 60 -62 -63
leaf_value=0.046104687162042329 0.017701311273396327 -0.018371106206176799 0.027682537816618814 0.025655860372328761 0.001789611139655649 -0.047064250658090001 0.064337039309249763 0.001218634509526942 -0.021114023795944428 -0.050948631117735205 0.0077140224214762411 0.0013537180503354316 0.08323837241256532 -0.057238076803280552 0.0041399329010938877 -0.04507430071880255 -0.047297389998999649 0.75232216927278617 0.37601777833398237 -0.03312154394341929 -0.0065046930609723441 -0.02941923651493707 0.10495516301721708 -0.034465854282732536 -0.037801783704903578 0.11631334114180505 0.011961086316329396 -0.033050799247224032 -0.061618633141122148 0.03652007836895764 -0.0073541184869983971 -0.0038051071241524586 -0.0062079543976243448 -0.068942004464709064 0.02196779569083461 0.15291787776532059 0.018298718389818221 0.0005885689601319474 0.12654454216760203 0.035089059619158251 -0.033680903708914654 -0.063174949254083776 0.072900727191030149 0.059414265131193779 -0.019924939676787764 0.0017261580648671522 -0.021723735152664049 -0.064224548471168597 0.1414783874127396 -0.046022402787071648 0.02636172473042174 -0.041704076242613401 -0.045632736170840738 -0.041895532003725311 0.3028424421942133 0.085710809700353621 -0.049695543417566622 -0.049133286434618992 -0.047710693357043261 0.061772473048295855 0.63503650509974774 -0.047745059637460646
leaf_weight=472.69257301278412 433.2706983871758 155.07461011572741 445.91328730806708 57.418692865408957 494.14771714666858 133.67650103080086 5.907224031398072 965.31340945512056 268.92710506520234 16.18556053750217 115.03786532767117 3274.2813023047056 3.5976826637051991 25.177464770618826 24.404052721103657 1.8231208277866242 3.2497624712996185 0.64724421687424172 0.36919847643002857 18.439853454940025 4.7897786526009467 17.570287823211402 8.3134781378321332 32.03931955457665 11.916334779933093 5.5097454418428233 1056.8758048936725 48.770774516975507 11.559840893838553 14.122212775982915 516.07585327816196 191.39907098561525 202.44133809302002 7.716625439003109 6.1687433491460961 3.6918989568948746 145.69166553672403 8.42667124327272 5.2611259785480788 44.649067513644695 30.583943501114845 12.302446650341151 23.91439650091343 34.285742145031691 21.619499394670129 26.161016765981913 6.0243641461711368 24.035589367616922 2.9025138821452847 2.0780576854012907 17.935578376054764 15.678621683269737 1.9288536282256239 41.136928328312933 1.0252157109789548 8.4612171580083722 11.757552661234511 7.3556107743643215 3.3784863902255884 1.6791912061162286 0.48356763087213028 3.4302196013741186
leaf_count=4823 1582 35086 2782 166 3392 52650 55 9674 7005 367 623 26252 68 1033 499 339 605 72 62 263 37 340 128 2234 261 110 2546 381 106 61 5588 522 1774 86 77 65 1021 87 64 132 249 104 200 138 430 510 165 573 30 221 62 76 209 2573 50 416 1359 1011 330 165 54 346
internal_value=0 0.000851572 0.033899 0.00199345 0.0059149 -0.0316835 -0.000734365 -0.00550618 -0.0192364 -0.00227769 0.0235985 0.00128743 -0.00158677 -0.0189018 -0.0227425 9.94962e-05 0.0789225 0.221772 0.0369685 0.000867815 -0.0194074 0.0104436 0.0640926 -0.010856 0.00714747 0.0252861 0.00417893 -0.0026131 0.000318397 0.00575614 0.00161854 0.00953953 -0.00168437 0.00601463 0.0076024 0.0725415 0.00579926 -0.00260801 0.0499311 0.0135956 -0.0113615 0.019131 0.00484533 0.0304985 0.0157441 0.02959 0.0536847 -0.0387882 -0.0123092 0.0628967 0.0177075 -0.00526733 -0.000362118 -0.0193255 0.0796252 -0.0232501 -0.00206891 0.0204293 0.0501788 0.0742345 0.214557 0.0467199
internal_weight=0 8523.06 1033.64 8234.31 3378.77 288.751 4855.53 1445.7 274.834 1170.87 560.951 3409.83 1154.68 102.645 99.0469 1052.04 6.08933 2.83956 2.19232 3352.41 78.1296 30.6735 13.1033 73.8695 41.8301 29.9138 2945.5 554.478 505.708 2391.03 1142.75 1248.27 895.474 379.398 371.681 9.86064 361.821 216.129 13.6878 247.277 44.7062 202.571 90.0217 112.549 77.7193 56.0998 29.9388 47.456 23.4204 4.98057 78.2633 33.6142 1045.95 80.6368 2.95407 77.6828 36.5458 24.7883 17.4327 14.0542 2.16276 11.8914
internal_count=172289 164061 8228 76325 19418 87736 56907 28897 7060 21837 3405 28010 21470 4205 4137 17265 1078 473 401 27844 1592 505 165 3104 870 609 17836 3879 3498 13957 10889 3068 8762 3174 3088 142 2946 1925 151 2127 310 1817 1409 408 1305 875 365 1087 514 251 270 138 16187 6513 259 6254 3681 2322 1311 981 219 762
is_linear=0
shrinkage=0.05


Tree=75
num_leaves=63
num_cat=0
split_feature=12 12 12 12 8 8 6 6 12 12 6 4 10 12 10 9 12 4 10 10 9 9 9 1 1 1 0 3 10 10 8 12 12 8 2 1 10 10 8 1 15 12 1 1 1 4 6 9 10 9 8 0 8 8 1 9 2 6 2 1 1 2
split_gain=370.573 136.636 38.2653 33.5669 27.6015 21.9264 19.656 19.1555 26.783 24.7635 21.3978 31.2991 24.9972 30.1554 26.1745 30.9453 24.3506 26.1848 17.6293 29.8787 73.739 106.291 16.6334 27.7282 17.4566 23.0849 51.5201 36.6769 21.0251 19.8086 18.7453 18.0091 21.6328 24.3592 21.1236 17.5859 17.0923 21.8818 16.7167 16.1254 16.1059 16.0338 15.5988 15.5762 56.0855 22.1175 19.8718 15.5642 14.7494 15.4524 14.1866 14.0308 18.5765 16.4996 13.9368 15.2032 13.8373 13.5929 21.387 19.2434 13.1797 32.2622
threshold=5.4219604853889924 8.7248440507087164 4.908429448785566 5.9745666903330372 6.9500000000000011 3.6500000000000008 63.500000000000007 28.500000000000004 9.3447844079828446 9.3306340847291036 26.500000000000004 4.5000000000000009 61.500000000000007 9.1062547944385219 77.500000000000014 88.500000000000014 8.8128235214355417 1.5000000000000002 45.500000000000007 44.500000000000007 92.500000000000014 96.500000000000014 98.500000000000014 1.5840669077032714 2.1983307697593415 1.3500545454545458 21.573852151625527 12.977266509387183 89.500000000000014 97.500000000000014 2.9500000000000006 7.650477975332346 7.5175940773221432 10.050000000000002 1.8146044652877988 1.3801311249137338 99.500000000000014 97.500000000000014 13.550000000000002 1.6748579801151233 1.0000000180025095e-35 7.2533304334424988 1.4062890000000003 1.2301200000000001 1.2000789473684212 3.5000000000000004 62.500000000000007 63.500000000000007 59.500000000000007 66.500000000000014 9.1500000000000004 13.850106926406928 15.750000000000002 17.050000000000004 2.8585214285714291 67.500000000000014 1.6322006046863191 36.500000000000007 1.4505435879532655 1.3333919413919415 0.76207760781263512 0.88830627302926646
decision_type=2 2 2 2 2 2 2 2 2 2 2 2 2 2 2 2 2 2 2 2 2 2 2 2 2 2 2 2 2 2 2 2 2 2 2 2 2 2 2 2 2 2 2 2 2 2 2 2 2 2 2 2 2 2 2 2 2 2 2 2 2 2
left_child=2 3 -1 4 -2 -4 22 8 9 10 -3 12 -12 14 16 -16 -14 -18 19 51 -21 -22 24 -24 25 27 30 36 41 60 -27 32 38 34 -34 -33 37 43 -32 -25 -28 -26 56 44 -5 -46 57 -39 -44 -50 -41 52 -9 -54 -43 -56 -42 58 -45 -59 -29 -62
right_child=1 7 5 6 -6 -7 -8 18 -10 -11 11 -13 13 -15 15 -17 17 -19 -20 20 21 -23 23 39 28 26 40 29 -30 -31 31 35 33 -35 -36 -37 -38 47 -40 50 42 54 48 46 45 -47 -48 -49 49 -51 -52 -53 53 -55 55 -57 -58 59 -60 -61 61 -63
leaf_value=0.045712284002557321 0.0048867076212925197 -0.02842441907634723 0.0079386994852889657 -0.0047634753607378125 0.022805652614926192 0.032568928978372713 -0.014134333156083995 -0.046681261810681551 -0.049465507438382211 0.25527195446950157 -0.043371175247581092 -0.047327402553663439 0.56754735608408913 -0.041073132868053593 -0.042563070407601801 0.47046534555668285 0.37443387481163209 -0.036059592363151552 -0.042204678505798419 -0.040027136166718463 1.3603674341189746 -0.021824161441813292 -0.038067718866767838 0.10179193382396615 -0.0087779724273193971 -0.083001169697258875 0.013926571198841262 0.0016050838282664357 0.050761384242117236 -0.029133372684942455 -0.01021591935967957 0.036593159249780939 0.01678878395693326 -0.0095971909799166741 0.15329233007633186 -0.042923549796328481 -0.044790086735338575 0.15345048885781404 0.039275358744639305 -0.060966392193913525 -0.068575166173221999 -0.056096985171150887 0.01829262368319743 -0.028628666453065017 0.065672522176606213 0.016018922705506238 0.067683893171857218 0.0035985017338800601 0.0086903767196392628 -0.038335937347390894 0.060502753073083941 -0.049668014460819199 0.20938213734523489 -0.040566030764441034 0.087826172676196967 -0.053315181241693183 0.0032365588698490301 -0.01647002526271522 0.010682219644133363 -0.055541804395807748 0.044515166259146532 0.0064663683811332189
leaf_weight=446.18040245771408 622.10806520283222 9.3271175469271892 134.84908951446414 1553.1321628706064 329.09242908656597 278.02832392416894 205.30085631436668 2.4383990990463618 14.768916866276411 1.1502826509531576 1.3058539603371153 3.1442638563457876 0.86791823804378587 0.98508299607783545 1.1425440667662767 0.28395034745335568 0.83101555146276929 0.60376337240450084 223.960418098839 0.87876229151152141 0.18354162923060358 0.25332605396397412 57.714483606629074 5.8567058085463932 131.78658449649811 8.4460215675644559 1156.9448258974589 1843.4447134090587 11.886594776529817 44.661221057642251 239.31675937213004 7.8527788324281564 5.1580252181738633 10.720760978758333 6.5238501634448767 53.099620684050024 26.165921887382865 3.6485942113213232 18.241813912987709 4.9557814288418722 15.171253886539491 37.030156034044921 82.964919057674706 55.934625902213156 35.718272721860558 61.246558814309537 7.1468043834902337 3.3617791393771768 37.847501250915229 32.095302645582706 4.475217214319855 8.287373000988735 2.0901368483901028 0.86052466277033079 3.7835598438978186 3.6213303131517023 11.719731093849985 152.75962142460048 90.161571301054209 39.916487189009786 58.218728523235768 1277.6845833347179
leaf_count=4819 2022 2093 808 18564 1421 1897 3464 449 5911 103 252 709 49 282 202 54 33 134 72621 228 39 84 2652 98 463 62 9498 15995 213 1230 1003 188 64 80 65 2055 958 64 40 212 175 1222 413 539 263 515 97 160 279 607 127 2004 96 175 39 121 87 1975 733 619 398 10633
internal_value=0 0.00111257 0.0355466 0.00225117 0.0110932 0.0245405 0.00111467 -0.0336649 0.00107022 0.03938 0.0243805 0.0783895 0.144568 0.197485 0.261234 0.0804122 0.363161 0.207343 -0.0386862 0.0134749 0.232287 0.694789 0.00155034 -0.0221736 0.00179434 0.00220244 0.00729284 0.000567532 -0.0132271 0.00388284 -0.00979369 -0.00794152 -0.0025554 0.0444309 0.0940989 -0.032554 -0.00469734 -0.00416889 -0.00667737 0.0373626 0.0117626 -0.017598 -0.0021343 -0.00448296 -0.00245656 0.0344098 -0.0141313 0.0833544 0.00401951 -0.0128416 -0.00277196 -0.00874457 0.0530355 0.135909 -0.043566 0.0183447 -0.0371966 -0.0158915 -0.0043435 -0.024615 0.0043491 0.00813149
internal_weight=0 8630.28 859.058 8356.92 951.2 412.877 7405.72 273.363 34.4107 19.6418 18.4915 9.16439 6.02013 4.71427 3.72919 1.42649 2.3027 1.43478 238.952 14.9921 1.31563 0.436868 7200.42 73.0022 7127.41 6939.3 1686.1 5253.2 188.108 3224.01 349.36 340.914 279.961 22.4026 11.6819 60.9524 2029.19 2003.03 257.559 15.2877 1336.74 176.222 179.799 1996.02 1650.1 96.9648 345.919 7.01037 152.908 69.9428 9.431 13.6764 5.38906 2.95066 44.435 7.40489 26.891 338.772 146.096 192.676 3179.35 1335.9
internal_count=172455 164931 7524 79413 3443 2705 75970 85518 9822 3911 3808 1715 1006 754 472 256 216 167 75696 3075 351 123 72506 3089 69417 67359 14616 52743 2058 28256 3557 3495 1252 209 129 2243 24487 23529 1043 437 11059 1845 1561 23305 19342 778 3963 224 1299 886 339 2724 720 271 1382 160 262 3866 1272 2594 27026 11031
is_linear=0
shrinkage=0.05


Tree=76
num_leaves=63
num_cat=0
split_feature=11 12 11 10 12 1 10 6 11 11 6 4 10 9 10 12 10 5 9 1 10 12 1 12 10 1 1 0 1 1 6 12 6 1 10 9 0 10 1 11 6 0 1 9 1 7 0 9 7 10 10 10 0 4 11 12 7 1 12 11 1 10
split_gain=353.378 129.406 41.1624 27.344 25.1187 21.9892 19.6813 18.3469 29.4842 23.4835 25.0017 29.5377 26.5825 20.5818 22.2051 78.7451 17.1777 23.2798 16.8577 23.3501 16.6484 20.6425 28.4035 35.4271 16.4933 19.57 22.0451 40.1412 22.6868 26.8906 21.4494 21.8035 19.7789 18.704 17.5032 16.7059 18.3879 17.0817 15.7414 15.3716 15.3292 14.9426 24.8286 17.6523 26.7334 16.9416 24.6357 21.5245 30.6551 18.5014 17.381 21.0692 19.9489 20.3885 25.2184 14.687 14.4925 18.876 14.3455 19.0088 15.0294 14.2944
threshold=0.40675000000000011 8.7248440507087164 0.45141666666666674 38.500000000000007 4.7628946521208926 0.40324277859291874 78.500000000000014 28.500000000000004 0.70758333333333356 0.70658333333333356 25.500000000000004 4.5000000000000009 61.500000000000007 76.500000000000014 88.500000000000014 9.0163271201821509 77.500000000000014 1.5000000000000002 98.500000000000014 1.5840669077032714 45.500000000000007 9.6476209155190098 1.5840669077032714 9.6953911752996955 98.500000000000014 2.1983307697593415 1.3500545454545458 21.573852151625527 1.2301200000000001 1.2000789473684212 56.500000000000007 7.4925034417655452 36.500000000000007 2.3991700000000002 87.500000000000014 58.500000000000007 25.384564285714287 57.500000000000007 1.5750692307692309 0.59291666666666687 41.500000000000007 22.409815126050422 0.67733401604369348 87.500000000000014 0.72304203939640388 10.500000000000002 7.8217538461538476 94.500000000000014 7.5000000000000009 84.500000000000014 95.500000000000014 89.500000000000014 9.5242380952380969 3.5000000000000004 0.5704166666666669 6.1680155107828378 26.500000000000004 1.494085452847806 7.650477975332346 0.57225000000000015 1.3801311249137338 76.500000000000014
decision_type=2 2 2 2 2 2 2 2 2 2 2 2 2 2 2 2 2 2 2 2 2 2 2 2 2 2 2 2 2 2 2 2 2 2 2 2 2 2 2 2 2 2 2 2 2 2 2 2 2 2 2 2 2 2 2 2 2 2 2 2 2 2
left_child=4 2 3 -2 -1 -5 -7 8 9 10 -3 12 -12 -14 16 -16 17 -15 24 -20 21 -9 23 -23 25 26 28 58 29 41 34 35 39 -26 56 38 -37 -38 -32 -30 -27 45 -43 -44 -45 47 -47 49 -49 -4 51 -48 -52 -54 -55 -39 -29 -58 59 -28 -60 -46
right_child=1 7 18 5 -6 6 -8 20 -10 -11 11 -13 13 14 15 -17 -18 -19 19 -21 -22 22 -24 -25 33 40 27 30 32 -31 31 -33 -34 -35 -36 36 37 55 -40 -41 -42 42 43 44 61 46 50 48 -50 -51 52 -53 53 54 -56 -57 57 -59 60 -61 -62 -63
leaf_value=0.047008688496880092 0.030353782300139326 -0.048827756228831343 0.0051747605984816059 -0.039686037601629975 0.028232973909440864 0.012342861194435969 -0.022450734586871454 -0.018923003592225474 -0.049489208746464813 0.4066602990376284 -0.045595431280623704 -0.048073504275601073 0.034265382131486041 0.37979349269404472 -0.02900394007332073 0.9766510282416041 -0.038609177695981489 0.10686218579683415 -0.037291113679955183 0.029807457637829677 -0.041849616073930271 0.29991009170413957 0.57059000327935816 -0.045672162239589559 -0.021886216764041077 -0.0025021644220828633 -0.0078933306287986248 0.013492264091232404 0.0071001749811304658 0.020999800165806999 0.044317361708890911 -0.051493401373915205 -0.018674377320773591 0.12491521002426463 -0.017160854627295091 -0.069091822620371154 0.016662616807827695 0.029541331240977506 -0.011495072852544194 -0.030495829450774881 -0.030385790239568458 -0.065308901378021408 -0.0045350300738067955 0.18758496255784154 0.0058319851582954597 -0.020038756184085366 0.0019067583861114041 -0.032683422103180308 0.11216572239250883 0.031541014362045046 0.18918434940208773 -0.032596349066326129 -0.052984611144756416 0.13634767497259212 -0.047693113199229996 -0.049360021147575872 0.17157116271466966 0.012266673354178373 0.033162586982029056 0.030614350088460564 -0.039192598134505173 0.075469418972861135
leaf_weight=363.47876159474254 176.86288464814425 5.9681371648330304 799.02725395560265 23.011141255497932 354.85534829460084 587.88171341270208 43.476784855127335 11.807020404608918 15.657210000557823 0.33767668693326314 1.791196248261256 3.4231711355969301 2.2202715107705444 1.2881878339685502 0.3595015516038983 0.28944528265856206 0.73939808574505139 2.2324900168459862 58.327738405670971 16.499999819789082 214.80089701432735 1.007123469840735 0.22219162085093547 2.1299800002016127 98.782411977648735 126.48251132294536 272.51700954139233 1236.5838612893131 184.44963885098696 171.38032883452252 33.125516295433044 22.878108411561698 273.36400635284372 2.1110835541039696 46.76881064940244 12.161299787461756 45.229600012302399 7.5606708228588095 20.135726939886808 31.770450768060982 81.149210709147155 16.179985827300698 1128.7438653991558 2.2813074970617881 49.671668412629515 138.52834701072425 2459.7842325344682 5.2998238895088461 11.086211152840404 72.612752234563231 2.2552291937172404 44.945133114233613 4.6258474225178352 5.5974884517490846 2.6528394022025168 24.897999674081802 3.2596343867480746 4.3684688373468816 8.1160572846420092 36.189185666851699 54.248993127141148 8.6036577643826586
leaf_count=4116 820 1287 3385 97 2790 2359 158 2137 6581 82 308 703 346 123 58 55 154 125 2764 497 72621 69 68 801 2960 1124 1074 8513 677 1324 100 1373 3467 57 840 98 171 15 76 1012 1198 229 11749 45 1335 1658 25001 53 107 532 28 1264 189 22 194 216 42 75 187 336 2190 420
internal_value=0 0.00126206 0.00233962 0.012905 0.0377457 0.00817739 0.0099358 -0.0331838 0.000781251 0.0432915 0.0341469 0.0747368 0.122429 0.165383 0.221819 0.483378 0.170656 0.215838 0.00118692 -0.0224087 -0.0382706 0.0120338 0.119686 0.0695651 0.00142175 0.00169447 0.00212914 0.00687654 0.000524813 0.00154653 0.010617 -0.0062786 -0.00973761 -0.0186444 0.0127936 0.000945563 -0.0121673 -0.00311468 0.0231414 0.00154132 -0.0134334 0.000843454 -0.00396385 -0.00311965 0.0231438 0.00247901 0.000479551 0.0084582 0.065099 0.00738033 0.00161027 0.00128436 0.0548684 0.0296814 0.0767093 -0.0307935 0.0139249 0.0823268 -0.00779559 -0.00335449 -0.0296584 0.0163104
internal_weight=0 8719.76 8455.49 831.233 718.334 654.37 631.358 264.274 34.3067 18.6495 18.3118 12.3437 8.92049 7.12929 4.90902 0.648947 4.26008 3.52068 7624.25 74.8277 229.967 15.1663 3.3593 3.1371 7549.43 7448.53 7240.9 1828.04 5412.86 4923.28 1456.97 165.989 489.584 100.893 1290.98 143.111 89.8496 77.6883 53.2612 216.22 207.632 4751.9 1205.48 1189.3 60.5566 3546.42 2658.39 888.026 16.386 871.64 2519.86 2504.73 15.1314 12.8762 8.25033 32.4587 1244.21 7.6281 371.071 308.706 62.3651 58.2753
internal_count=172455 165549 80031 3434 6906 2614 2517 85518 9822 3241 3159 1872 1169 861 515 113 402 248 76597 3261 75696 3075 938 870 73336 70319 67997 15306 52691 47535 11519 2049 5156 3017 9470 676 500 402 176 1689 2322 46211 13778 13549 1800 32433 28356 4077 160 3917 26698 26265 433 405 216 231 8630 117 3787 1410 2377 1755
is_linear=0
shrinkage=0.05


Tree=77
num_leaves=63
num_cat=0
split_feature=11 12 11 8 12 8 6 11 9 1 8 12 9 11 6 4 12 1 8 1 0 1 1 6 12 6 6 8 15 2 7 11 15 6 1 1 8 9 8 2 12 12 11 1 2 11 8 9 4 9 9 6 1 4 0 1 9 8 7 0 8 9
split_gain=332.794 120.843 37.73 25.4843 25.3919 20.502 17.555 26.5759 15.4524 21.5401 14.9625 52.5443 60.269 17.085 20.5037 17.1457 16.8463 14.2435 26.5898 22.5319 40.3884 21.3084 23.8062 20.0967 21.329 17.1691 16.348 16.1455 20.6104 14.7073 17.8789 15.6255 14.1458 17.2168 14.1351 16.4904 14.6296 14.5722 14.6036 14.0528 13.6959 13.5715 17.1441 13.9704 13.5358 20.7061 29.8398 18.1053 13.4819 22.6512 15.2151 13.4694 18.3915 13.2337 13.1566 23.227 15.435 33.8383 15.0527 22.7834 24.4969 18.7051
threshold=0.40675000000000011 8.7248440507087164 0.45141666666666674 6.6500000000000012 4.7628946521208926 3.6500000000000008 28.500000000000004 0.70758333333333356 98.500000000000014 1.5840669077032714 8.6500000000000004 9.0163271201821509 91.500000000000014 0.70658333333333356 26.500000000000004 2.5000000000000004 8.7637096908729202 2.1983307697593415 7.5500000000000007 1.3500545454545458 21.573852151625527 1.2301200000000001 1.2000789473684212 56.500000000000007 7.4925034417655452 36.500000000000007 41.500000000000007 7.3500000000000005 1.0000000180025095e-35 1.4505435879532655 11.500000000000002 0.51541666666666686 1.0000000180025095e-35 25.500000000000004 1.3333919413919415 1.300057142857143 5.2500000000000009 87.500000000000014 8.2500000000000018 1.4188026259545967 6.6027716251858601 7.650477975332346 0.57225000000000015 1.3801311249137338 1.4580860628904109 0.54758333333333353 9.6500000000000004 73.500000000000014 3.5000000000000004 64.500000000000014 67.500000000000014 43.500000000000007 0.52925614690320588 5.5000000000000009 22.409815126050422 0.67733401604369348 87.500000000000014 4.0500000000000007 10.500000000000002 7.8217538461538476 15.950000000000001 94.500000000000014
decision_type=2 2 2 2 2 2 2 2 2 2 2 2 2 2 2 2 2 2 2 2 2 2 2 2 2 2 2 2 2 2 2 2 2 2 2 2 2 2 2 2 2 2 2 2 2 2 2 2 2 2 2 2 2 2 2 2 2 2 2 2 2 2
left_child=4 2 3 51 -1 -6 7 10 17 -10 11 -3 -13 14 -12 -16 -17 19 53 21 41 22 54 -22 -25 29 -20 28 -24 30 -23 -31 33 -11 35 36 -27 -36 -39 -32 -37 42 -21 -43 47 -46 -47 48 50 -50 -29 52 -2 -19 58 -56 -57 -58 61 -60 -61 -4
right_child=1 6 8 -5 5 -7 -8 -9 9 32 13 12 -14 -15 15 16 -18 18 26 20 23 25 27 24 -26 34 -28 44 -30 31 39 -33 -34 -35 37 40 -38 38 -40 -41 -42 43 -44 -45 45 46 -48 -49 49 -51 -52 -53 -54 -55 55 56 57 -59 59 60 -62 -63
leaf_value=0.046764557038968174 -0.027926793616171702 -0.041403602596173379 0.0065240048434513703 0.024459049535530637 0.010376738779500854 0.036227581338840721 -0.037818682540922015 -0.049451371052160714 -0.036369326654655691 0.13503266651554363 -0.049381867663150711 0.88762756258892783 -0.024412144557917476 0.29104400040244049 0.1202482743810986 0.20403141640716416 -0.048045251228271836 -0.0034569827727244395 -0.01173067435457858 -0.0082090729438734893 0.012285900263651216 0.014875687303329804 -0.01948989228536056 0.00090875980092270715 -0.05136121827320566 -0.058427500438830299 -0.048703661754394917 0.034525846965252086 0.065111011504349378 0.033499146256178412 -0.013366719964714606 -0.0028401517931724387 0.10576978133740143 -0.024171432118462635 -0.050613972511003413 0.054676854332193096 -0.013755596903552797 -0.055309300343488521 0.14492701663868091 -0.064479010906217465 -0.0085115755562700287 0.029937289421433391 0.027901963392069365 -0.038877116083400748 0.005892711245474567 0.21527393627045779 0.040492940515654524 -0.020893249877860967 0.033076731466149083 -0.048656864972123424 0.10546572991177346 -0.0030447304763899403 0.016637848569828955 0.039132577415782938 -0.063524808179421841 -0.0045670525946196533 0.09188070357168665 0.0016891335840018994 -0.019605448640118196 0.00052091495729741086 0.039360868190746995 0.059450955417983189
leaf_weight=347.51210260391235 25.089092027395964 1.0257950038649166 890.30456375726499 285.94679126888514 116.28684378787875 229.40177189745009 221.31840765918605 14.904785712016745 56.856174195418134 1.9159981915727282 7.0493091663811418 0.3264125424902885 0.28787247580476105 0.48559672385454078 5.4729237316641939 0.68486107978969801 4.1138930825982243 53.913092924980447 80.130047577898949 275.83585547469556 1311.0363475675695 34.660585542675108 41.169438887387514 144.6458675134927 22.430262848269194 20.524420954752713 48.158405989874154 29.241230251733214 8.6110724965110403 50.588962234556675 42.517271295888349 70.469397549051791 4.2287575756199649 10.660287206294013 44.288600234081969 15.00176879763603 173.77053346042521 1.5537442732602351 1.8958568612579254 19.864386653061956 19.538749170489609 8.3857100759632868 37.17560064420104 53.804243680322543 7.5523515418171909 4.2636479353532177 5.8811392234638333 19.710093718487769 35.448479794897139 11.00072453683242 10.378226790577171 233.55534733459353 277.66112067177892 27.3177804579027 16.107174383942038 1143.613641418051 13.153440951369701 48.875966076506302 139.32259395089932 2502.856831662124 41.174289081245661 16.942392588127404
leaf_count=4116 99 211 4142 1458 886 1904 75696 6581 2764 25 1483 53 71 78 395 74 876 385 902 1102 9885 153 285 699 1445 188 966 126 44 104 413 821 72 400 634 27 2318 41 61 282 336 199 344 2312 19 40 122 385 166 132 66 830 1047 151 236 12308 110 1741 1722 27243 512 169
internal_value=0 0.00119887 0.00222559 0.0124009 0.0371959 0.0275515 -0.0326588 0.00045307 0.00112634 -0.0216438 0.0390152 0.17954 0.509638 0.0248624 0.0154852 0.0605315 -0.00761852 0.00134964 -0.0114985 0.00171754 0.00648324 0.000104886 0.00108793 0.0102034 -0.00610519 -0.00979094 -0.0256761 0.0192923 -0.00465413 0.000677174 -0.0137927 0.0123195 0.0278015 0.000562788 -0.0180612 -0.0128559 -0.0185279 -0.0428297 0.0543121 -0.0297997 0.0188669 -0.00815802 -0.00389674 -0.0294847 0.028983 0.0694868 0.115822 0.0221001 0.0320166 0.0135491 0.053453 0.00595907 0.0129202 0.0108348 0.000431105 -0.00404918 -0.00324525 0.021012 0.00195705 7.2659e-05 0.00115301 0.00752434
internal_weight=0 8694.7 8439.03 822.252 693.201 345.689 255.67 34.3514 7616.78 73.6612 19.4467 1.64008 0.614285 17.8066 17.321 10.2717 4.79875 7543.11 209.519 7333.6 1853.31 5480.28 4985.61 1478.11 167.076 494.674 128.288 173.256 49.7805 218.101 97.0422 121.058 16.805 12.5763 276.574 228.835 194.295 47.7382 3.4496 62.3817 34.5405 375.201 313.011 62.19 123.476 17.6971 10.1448 105.779 86.0687 46.4492 39.6195 536.306 302.75 81.2309 4812.35 1221.75 1205.64 62.0294 3590.6 2683.35 2544.03 907.247
internal_count=172455 165549 80031 3434 6906 2790 85518 9822 76597 3261 3241 335 124 2906 2828 1345 950 73336 2404 70932 15986 54946 49568 12029 2144 5378 1868 1385 329 1773 848 925 497 425 3605 2869 2506 736 102 695 363 3957 1446 2511 1056 181 162 875 490 298 192 1976 1146 536 48183 14395 14159 1851 33788 29477 27755 4311
is_linear=0
shrinkage=0.05


Tree=78
num_leaves=63
num_cat=0
split_feature=11 11 11 10 12 8 10 10 2 0 12 9 2 3 7 0 8 10 8 12 11 14 2 0 12 4 0 2 11 2 0 2 3 12 10 2 11 11 8 2 0 2 8 7 10 10 10 2 0 0 3 10 11 3 8 11 11 4 12 0 10 12
split_gain=313.234 112.927 35.0357 25.8042 25.6909 18.0191 17.3774 15.8644 15.7107 14.3184 13.0948 14.6098 13.222 14.5181 12.9349 20.3468 18.1152 16.521 17.388 22.539 49.7212 87.1746 16.2991 20.8244 13.0234 13.2517 13.5652 12.8645 12.7119 12.3683 12.1686 16.7981 26.5192 14.9141 15.7024 14.0015 18.961 12.0676 18.1662 11.7983 13.8267 12.0252 11.6553 11.5248 11.3502 11.019 21.3755 55.1066 14.882 26.1415 10.9355 10.8805 12.2794 11.9384 18.9517 10.6363 12.1765 51.6762 56.2062 92.7002 10.2652 10.1941
threshold=0.40675000000000011 0.67558333333333354 0.45141666666666674 38.500000000000007 4.6021411775053886 3.6500000000000008 78.500000000000014 98.500000000000014 1.5166785714285715 21.669600000000006 8.8641988077738478 97.500000000000014 1.738180366419295 12.932835152942593 10.500000000000002 7.8217538461538476 15.450000000000001 39.500000000000007 16.150000000000002 8.2147505098127613 0.65758333333333352 1.0000000180025095e-35 1.1103295514147689 16.936196700902588 6.4076250969976867 3.5000000000000004 16.485978260869569 0.86666815948601672 0.60975000000000013 0.61354081232493007 11.722139194139196 0.72285805154784755 13.394186904387835 7.4925034417655452 56.500000000000007 0.80671306612735194 0.47441666666666676 0.66858333333333353 16.050000000000004 1.5936496088435377 26.89072777777778 2.2099444444444445 9.2500000000000018 9.5000000000000018 65.500000000000014 45.500000000000007 44.500000000000007 1.8020944444444447 13.850106926406928 13.48846119332689 13.036193712795823 63.500000000000007 0.46708333333333346 14.120718137569563 8.7500000000000018 0.71458333333333357 0.71258333333333357 5.5000000000000009 9.1977213942547227 21.669600000000006 25.500000000000004 6.7105075528319746
decision_type=2 2 2 2 2 2 2 2 2 2 2 2 2 2 2 2 2 2 2 2 2 2 2 2 2 2 2 2 2 2 2 2 2 2 2 2 2 2 2 2 2 2 2 2 2 2 2 2 2 2 2 2 2 2 2 2 2 2 2 2 2 2
left_child=4 2 3 -2 -1 -6 29 10 -9 -10 11 14 -13 43 17 51 -17 24 19 30 22 -22 28 -24 -4 27 -27 -26 -21 -5 33 32 -32 35 -35 36 -19 -18 -39 -11 41 -41 -37 -14 -38 46 48 -48 49 -3 -20 52 -16 -54 -55 56 -47 -58 -59 -60 -40 -34
right_child=1 45 7 6 5 -7 -8 8 9 39 -12 12 13 -15 15 16 37 18 50 20 21 -23 23 -25 25 26 -28 -29 -30 -31 31 -33 61 34 -36 42 44 38 60 40 -42 -43 -44 -45 -46 55 47 -49 -50 -51 -52 -53 53 54 -56 -57 57 58 59 -61 -62 -63
leaf_value=0.048316711567545551 0.029247762110264093 0.019676533592447802 0.03643343948364567 -0.015206385617541333 0.013848214647515018 0.03632886430402394 -0.022010654121683931 -0.032039028557273815 -0.062164388497842997 0.076561894826429444 -0.039755066173277114 -0.030478307841927749 0.037917529728363611 0.077387311088617433 0.045010035189539763 0.00044405886894225121 0.016491878018743189 -0.010181817732915875 -0.055345308262737515 0.073628911950662818 0.68787906576199254 -0.039130756244931265 0.18651359553119973 0.0068744857182368724 -0.048399953729374605 0.056205787879235983 0.0059023156947260458 0.0079072634449947315 -0.030182025992488877 0.011712832669772683 -0.052789138807564508 0.0037101793847232377 0.026067538000927884 0.026114994517990792 -0.049143308695081468 -0.033170870701695415 0.022134913793785512 0.26305553488391398 0.16408519299954577 0.0036006886172386858 -0.032922796119015357 0.1287940667946145 0.017320611675666779 -0.056968613833746184 0.05535223428831948 -0.02847556893594403 -0.042001733488005698 0.51631444978099184 -0.049567737590697485 0.46447227493085896 -0.0046325286325101514 -0.038489600768865005 -0.027057932354919875 0.060282175432561827 -0.027735170742406241 -0.048180403402648946 -0.046274144836951019 -0.030133001585995856 -0.018049309747376004 1.3260064015658566 -0.044732171734702626 -0.014819643958767757
leaf_weight=277.29297408461571 169.93195202201605 2.5016695247031726 70.962798342108727 46.010061256587505 139.33282099664211 252.62049008347094 46.623631726950407 69.315615203464404 5.5449714439455411 7.8306902595795718 19.298991095740348 63.631956053664908 5.687628829386087 6.4371434072963885 9.4503532201051694 5361.7450243462808 130.09379994962364 24.538890108466148 19.358167490456253 4.1722354590892854 0.71268638037145027 0.79173991666175425 3.2077164272777727 3.2823561481200159 15.701646642759441 20.940851375460625 37.718972807750106 27.966869656927884 9.403079994954167 551.00553361698985 34.748893616721034 1264.5546063734218 25.2824497371912 11.574429284781219 16.799372173845768 18.712969619780779 53.482646238058805 1.1613668189384037 0.78254685271531377 5.0385046091396362 10.851959887659177 3.0915910191833973 28.960954364389181 6.9906953189056367 51.163306009024382 89.860417928779498 1.1134302169084556 0.6038924679160117 8.2754596574231964 0.28787869145162392 23.999690310098231 45.724450194276869 58.365595660172403 11.672626320272686 12.558148100040851 108.82327422080562 2.4895664486102755 0.40055021061561991 0.21209333324804902 0.19057410559616983 1.6280797012150285 38.013401097618043
leaf_count=3431 820 513 196 183 1188 2287 167 2640 210 92 4328 3091 64 105 17 58549 1817 67 309 57 85 122 63 179 62 43 106 84 429 2264 202 5290 53 51 209 70 128 77 5 124 311 64 80 422 126 24552 308 49 2164 44 243 970 598 51 93 50946 975 149 87 29 212 205
internal_value=0 0.00113911 0.00204915 0.0119133 0.0366397 0.0283557 0.00732505 0.000998346 -0.0186075 0.0100211 0.00126358 0.00137002 -0.0195063 0.016726 0.00160316 0.000421633 0.000898449 0.0052854 0.00372304 0.00457864 0.0552409 0.323565 0.0333702 0.0979027 0.0199666 0.00847393 0.0240102 -0.0122889 0.00166269 0.00962768 0.00387498 0.00216063 -0.0177576 0.0152261 -0.0182839 0.0206377 0.0291814 0.0190741 0.108748 0.0253107 0.00361549 0.0528013 -0.00242159 -0.0140468 0.0384605 -0.0346564 0.00998747 0.169185 -0.0155667 0.081795 -0.0274648 -0.0185482 -0.00855693 -0.0147933 0.0145332 -0.03751 -0.0249527 0.0677193 0.392582 0.745364 0.024899 0.00144853
internal_weight=0 8671.28 8456.52 813.571 669.246 391.953 643.639 7642.95 101.673 32.3577 7541.28 7521.98 82.7474 19.1155 7439.23 5633.18 5495.41 1806.05 1632.76 1589.4 21.5698 1.50443 20.0654 6.49007 173.291 102.328 58.6598 43.6685 13.5753 597.016 1567.83 1362.6 98.0447 205.233 28.3738 176.859 129.185 133.666 3.57199 26.8127 18.9821 8.1301 47.6739 12.6783 104.646 214.759 12.7823 1.71732 11.065 2.78955 43.3579 137.771 92.0467 82.5964 24.2308 201.976 93.1532 3.29278 0.803218 0.402667 2.41063 63.2959
internal_count=172455 165549 85733 3434 6906 3475 2614 82299 3441 801 78858 74530 3682 591 70848 62389 60660 8459 7968 7416 935 207 728 242 491 295 149 146 486 2447 6481 5750 460 731 260 471 321 2111 294 591 499 188 150 486 254 79816 3078 357 2721 557 552 1729 759 742 144 76738 25792 1240 265 116 217 258
is_linear=0
shrinkage=0.05


Tree=79
num_leaves=63
num_cat=0
split_feature=11 11 11 6 10 10 10 2 11 1 2 0 0 3 1 1 10 1 2 11 6 11 10 6 11 6 1 0 0 11 10 2 1 5 6 11 14 0 15 11 11 1 2 4 0 1 15 3 2 0 10 10 6 11 11 7 0 2 15 1 6 2
split_gain=294.897 106.877 42.2628 30.6061 30.5542 18.3117 14.693 18.6967 16.7546 14.6615 20.8225 30.6249 22.4798 19.7808 17.5293 29.4489 22.4046 16.1514 16.0242 14.7353 14.5506 16.2472 16.1669 14.4674 14.2318 14.2135 13.6335 13.6187 13.585 13.7373 13.4538 16.1331 17.0509 13.3016 13.1782 20.4388 12.7515 12.2854 14.3951 12.2521 17.7382 12.21 33.8058 34.2047 25.8237 22.2549 22.2443 18.0021 16.8674 16.5501 16.4067 15.7826 15.1051 14.8412 23.1401 15.8572 14.105 15.6437 13.6586 13.3602 24.6172 22.2157
threshold=0.3970833333333334 0.67558333333333354 0.45141666666666674 64.500000000000014 38.500000000000007 78.500000000000014 99.500000000000014 1.5166785714285715 0.49775000000000008 2.1983307697593415 1.6500215492434791 21.573852151625527 12.737941153049851 12.977266509387183 0.66834454572257374 0.60019888175916558 86.500000000000014 1.4652673992673997 0.65624324827366853 0.61108333333333353 56.500000000000007 0.58625000000000016 87.500000000000014 41.500000000000007 0.35358333333333342 23.500000000000004 0.40324277859291874 21.669600000000006 26.89072777777778 0.55275000000000019 97.500000000000014 1.4317320689655175 1.0985261050061053 1.5000000000000002 24.500000000000004 0.5740833333333335 1.0000000180025095e-35 11.643736521472713 1.0000000180025095e-35 0.57775000000000021 0.59291666666666687 0.76207760781263512 0.88830627302926646 1.0000000180025095e-35 14.220675000000002 0.74688532382650041 1.0000000180025095e-35 13.23195639524312 0.97048495849297589 11.169812037424942 77.500000000000014 63.500000000000007 44.500000000000007 0.6249166666666669 0.6352500000000002 5.5000000000000009 22.319442423024991 1.181309691777946 1.0000000180025095e-35 0.90003636363636386 58.500000000000007 1.0333428827444959
decision_type=2 2 2 2 2 2 2 2 2 2 2 2 2 2 2 2 2 2 2 2 2 2 2 2 2 2 2 2 2 2 2 2 2 2 2 2 2 2 2 2 2 2 2 2 2 2 2 2 2 2 2 2 2 2 2 2 2 2 2 2 2 2
left_child=24 2 3 4 -2 26 9 -8 -9 10 13 12 -12 14 15 16 18 41 37 36 22 -22 -13 -11 -1 -24 -6 -10 33 -30 34 32 -32 -29 35 -16 -14 38 -4 -38 -41 45 43 -43 51 46 48 56 -15 -45 -48 -44 -51 55 -55 -53 -46 -58 -47 60 61 -49
right_child=1 -3 6 -5 5 -7 7 8 27 23 11 20 19 17 30 -17 -18 -19 -20 -21 21 -23 25 -25 -26 -27 -28 28 29 -31 31 -33 -34 -35 -36 -37 39 -39 -40 40 -42 42 44 49 47 58 50 59 -50 52 -52 53 -54 54 -56 -57 57 -59 -60 -61 -62 -63
leaf_value=0.047596532686729025 0.031209337398984995 -0.034133030873989716 -0.028506494014620548 -0.057895476722665297 -0.024555564265709578 -0.019760263827628983 -0.035702218580370447 -0.10822668098469782 -0.05501195687144135 -0.0014256700914218429 0.088630788043620179 0.013773173753726737 -0.021073474886238341 0.00424022390028475 0.020399643020607101 -0.064035558268116521 0.10421036709632142 -0.055649040685753604 0.042408511825976894 -0.051178671380641583 0.0015386078997038791 -0.051197975928571476 0.077236238685350456 -0.028573167761881291 0.031263604082792051 -0.028394572891853428 0.012464474766037183 0.12006054970218294 0.053496690331287788 -0.052096027367995262 0.04003642552641079 -0.05905546830325295 0.20770862625159678 -0.00070577104929574609 -0.0035072902346655328 -0.022596842969558481 -0.0042290661638893839 -0.082276831101338307 0.053868473305371624 0.062499427973478239 -0.027215512346289217 0.1268285381492183 -0.0018781704315378386 -0.032090825264655391 0.002085382004190321 -0.032547563818557668 -0.0078778693762104283 0.0083849483853151562 -0.054608494098274098 0.059979931831607172 -0.049523824390362105 0.04076429890428257 -0.005517777082452038 0.13997724390194319 -0.04771519543677083 -0.047357041215300509 -0.030247127794400294 0.047815004869238169 0.018294214303095278 0.024644008684615484 0.069625738377537785 -0.04364764795373282
leaf_weight=266.45550750382245 192.31770590506494 207.65321493707597 28.699804060859606 15.12541379034519 25.723109342157841 52.108930323272943 58.516200048616156 2.485709726810458 4.3304958664812174 127.86453575780615 5.7499733529984942 986.24885692005046 96.047109676524997 1522.1107389805838 128.72276791185141 31.10692606237717 4.3368323291651896 11.686525226570664 10.450159110128878 20.369479683460668 113.92238193936646 16.626953804399818 3.3793850243091574 79.98213099129498 275.19065456464887 35.659348974004388 624.89091109111905 7.1325065679848194 6.543334823101759 5.6296754339709878 5.1300268485210818 2.1827968200668693 2.1611694656312466 3.2085836883634329 2280.3161121809389 35.002547767478973 120.7894593924284 7.905477018794044 6.3750225664116433 17.227018899284307 7.9184776186011723 10.043289923109112 135.38560884026811 9.7572821946814638 814.66241613007151 75.90492492960766 222.28774805995636 113.91462705121376 12.163779936498029 28.44863771693781 26.463298604823649 5.4874643124639979 12.510218437993897 2.9807976270094505 3.3853918262757361 55.161235879175365 7.8454343217890701 32.334356267470866 15.786581649910657 218.63988831383176 13.453915504505856 24.909428107785061
leaf_count=3446 1015 79816 410 72 114 198 2351 11 191 1145 36 6724 602 17775 385 464 70 170 69 1520 563 1060 22 1202 2739 660 2756 104 31 292 125 73 42 90 25257 884 499 111 41 150 206 62 1109 109 7954 972 2270 1059 180 205 747 13 150 125 548 720 99 196 153 1823 127 343
internal_value=0 0.00129989 0.00216167 0.012346 0.013545 0.0086998 0.000947171 -0.0193685 0.0130591 0.00118448 0.0015559 0.00698419 -0.0082282 0.000248782 -0.00308104 -0.0248883 -0.00364743 0.0027584 -0.0126737 -0.0104031 0.0105175 -0.00517378 0.0125206 -0.0119051 0.0393149 -0.0189489 0.0109896 0.0248353 0.04059 0.00422904 -0.00228809 0.0568461 0.0925501 0.082463 -0.00252168 0.0111688 -0.0069303 -0.0262497 -0.0132817 0.00235185 0.0340537 0.00296446 0.00634476 0.0428511 0.00478525 0.000276938 0.00151551 0.0075199 0.00376688 0.0259059 -0.0123466 -0.011747 0.0398882 -0.0315773 0.0401992 -0.0392476 0.00352025 0.0324113 -0.0237292 0.0167208 0.0053033 -0.000940053
internal_weight=0 8755.16 8547.51 910.166 895.041 702.723 7637.34 87.8465 29.3303 7549.5 7341.65 1423.94 268.102 5917.71 2542.39 88.8742 57.7673 3375.32 53.4305 262.352 1155.84 130.549 1025.29 207.847 541.646 39.0387 650.614 26.8446 22.5141 12.173 2453.52 9.47399 7.2912 10.3411 2444.04 163.725 241.982 42.9803 35.0748 145.935 25.1455 3363.64 1488.92 60.7594 1428.16 1874.72 1783.03 1225.76 1534.27 50.7161 248.751 202.4 40.9589 67.0149 6.36619 60.6487 854.842 40.1798 91.6915 370.918 152.278 138.824
internal_count=172455 166270 86454 4155 4083 3068 82299 3070 719 79229 76882 12042 3013 64840 27931 1165 701 36909 631 2977 9029 1623 7406 2347 6185 682 2870 708 517 323 26766 240 167 194 26526 1269 1457 562 451 855 356 36739 14642 526 14116 22097 20972 11601 17955 464 3017 2515 355 1406 673 733 8249 295 1125 3352 1529 1402
is_linear=0
shrinkage=0.05


Tree=80
num_leaves=63
num_cat=0
split_feature=11 11 10 12 6 10 1 1 5 1 12 8 1 8 10 10 0 11 0 1 1 6 6 10 10 6 6 8 6 8 6 8 12 1 11 0 10 10 11 12 1 11 6 0 10 11 4 8 3 1 3 8 11 8 5 11 0 5 15 1 11 10
split_gain=301.592 111.713 32.5742 30.9917 27.0106 19.2898 19.2919 23.5419 24.8061 18.3894 17.8184 17.4155 17.0518 21.2058 16.2583 14.3703 16.661 24.4539 17.525 14.6922 30.756 15.1342 14.0459 13.5612 21.414 27.7249 52.4809 13.0988 13.0621 13.0236 12.8226 12.5233 12.0344 12.0193 11.0624 10.9408 12.1999 10.9223 10.8294 10.7042 10.6301 10.6028 13.093 17.2792 44.0673 13.9499 30.4985 22.3959 10.4507 12.5806 16.276 11.8242 15.2768 13.194 12.8626 12.7135 18.365 11.199 10.3074 11.3702 23.7587 12.2519
threshold=0.41608333333333342 0.66958333333333353 52.500000000000007 4.908429448785566 53.500000000000007 39.500000000000007 0.74699383753501414 0.67502727272727292 3.5000000000000004 1.5876737855790539 5.8715679782189625 12.450000000000001 0.907095641085789 3.2500000000000004 44.500000000000007 99.500000000000014 25.110450000000004 0.49775000000000008 26.733550208855473 2.8585214285714291 2.2489022727272734 44.500000000000007 57.500000000000007 37.500000000000007 35.500000000000007 41.500000000000007 37.500000000000007 17.850000000000005 58.500000000000007 6.8500000000000005 65.500000000000014 14.350000000000003 7.7296485340834877 1.6748579801151233 0.55758333333333354 27.108880555555558 47.500000000000007 12.500000000000002 0.54241666666666677 6.7615611535901161 0.27242053751626655 0.71458333333333357 27.500000000000004 13.500545454545456 88.500000000000014 0.71258333333333357 5.5000000000000009 13.250000000000002 12.850192847790025 2.0098521428571434 12.932835152942593 7.4500000000000011 0.5192500000000001 8.6500000000000004 1.0000000180025095e-35 0.55025000000000024 26.999100000000002 3.5000000000000004 1.0000000180025095e-35 1.0714369420950776 0.59125000000000016 43.500000000000007
decision_type=2 2 2 2 2 2 2 2 2 2 2 2 2 2 2 2 2 2 2 2 2 2 2 2 2 2 2 2 2 2 2 2 2 2 2 2 2 2 2 2 2 2 2 2 2 2 2 2 2 2 2 2 2 2 2 2 2 2 2 2 2 2
left_child=3 2 4 -1 10 37 7 8 11 30 -2 -7 35 -14 -5 19 -17 -18 22 20 -4 -22 38 24 40 26 -26 31 -16 -11 39 48 -13 -33 -20 -12 -37 -6 -19 -8 -3 42 43 44 -25 -44 -47 -48 51 57 -51 52 -15 54 -53 -55 -57 -50 59 60 -58 -62
right_child=1 23 15 14 5 6 9 -9 -10 29 12 32 13 27 28 16 17 18 34 -21 21 -23 -24 41 25 -27 -28 -29 -30 -31 -32 33 -34 -35 -36 36 -38 -39 -40 -41 -42 -43 45 -45 -46 46 47 -49 49 50 -52 53 -54 55 -56 56 58 -59 -60 -61 61 -63
leaf_value=0.044603792009562888 0.020828044666949989 0.13154183312140091 7.7647777647102092e-05 0.036938329731143631 0.04723506498541627 -0.041143183650010115 -0.013149433655630052 0.040150039085655384 0.048298425707690412 0.050992138049775662 0.0030596246868715309 0.064933452815851986 -0.032911304842653609 0.0050700447803488698 0.019270740280118728 -0.040551808328669246 -0.12739653381741783 0.080654591041033244 0.024963256891013783 0.03813565374547466 -0.012477068611275604 -0.050876655118702485 0.16288685561190133 0.013583626207542769 -0.031159249512611301 -0.037746748987513692 0.69771516722219717 0.059253432178832756 -0.023192845604351506 -0.0093836234664164599 -0.089257093628868078 0.00067208737610926768 -0.030255939711602588 -0.050699148578993949 -0.052189076966760055 -0.037067919155802702 0.012490286190365261 0.0042716794164419864 -0.015701995805166343 -0.037283624703036963 -0.048828982757762929 -0.048065442951998036 -0.035542153740356831 -0.011560579990167463 0.43864897008212039 -0.045593088019603656 -0.030240967680854533 0.40263911905221755 0.015675310046699819 0.011476956525846424 -0.071832045433490421 0.048873527662841976 -0.034301471963612121 0.015206864664445156 0.010206819706737282 -0.034676862268046026 -0.023132262125835884 0.035487354094701946 -0.035461368641021479 0.005355794008079437 0.19172567992465894 0.051653920867445614
leaf_weight=361.8748785071075 249.19131744280457 0.9026363433804353 5048.2210101247765 147.93315031006932 15.821643442846833 42.12438181345351 117.83256492763758 34.680279724532738 14.259156592190264 13.88785275723785 920.61506880586967 7.6392149627208692 27.203841609880328 83.023935101926327 206.71221862174571 47.640125055098906 3.0865656659007064 5.9531778208911401 8.954834498465063 24.626567729050294 71.677684286143631 40.385590444784611 2.6017413693480185 2.5425196129363026 0.42121816216967978 0.68807913502678275 0.43370355293154716 14.208185699302701 19.660647325217724 24.382704753428698 7.4900445106904945 73.522233304334804 5.6534842655528337 13.333725832402704 9.3557806096505356 35.803740989416838 18.733053889591247 217.25373614043929 5.4362603947520256 76.456165098119527 4.2004631389863789 103.03347823082004 95.007698049070314 10.202567334985359 0.71633338928222645 2.1070543271489433 0.40163119998760544 0.77943660109303892 463.5541524051223 17.019569645170126 8.7695232112891954 41.383047357201576 34.837571388343349 187.75257479399443 45.641404267400503 37.338908049277961 4.9645217992365342 84.990139683475718 12.722453842870889 76.202697284054011 3.0997886769473553 3.4982907471712679
leaf_count=4817 1128 8 58368 1157 43 382 374 181 90 53 5642 21 99 203 1480 1957 15 17 60 188 781 760 52 413 92 183 38 70 134 264 108 552 110 128 572 270 141 1294 238 1279 800 52143 27088 2311 98 900 133 119 2264 76 79 134 276 461 210 465 32 376 130 643 32 72
internal_value=0 0.000797519 0.00173305 0.0341523 0.00585924 -0.00386487 -0.0113868 0.00652104 -0.0101792 -0.0191921 0.00814647 -0.0253758 0.00671225 0.0106201 0.0240253 -0.000643196 -0.0212682 0.00459183 0.0177124 -0.00031155 -0.000496737 -0.0263932 0.0597086 -0.0342427 0.0353221 0.192565 0.367708 0.011609 0.0155521 0.0124714 -0.0252255 0.0110318 0.0241517 -0.00720592 -0.0142554 0.00176508 -0.0199618 0.00722857 0.0344914 -0.0226867 -0.0140491 -0.0364339 -0.0256323 0.0202689 0.118784 -0.0319834 0.0673823 0.260662 0.0124706 0.0171507 -0.016827 0.00739187 -0.00654424 0.0113855 0.0286865 0.00673834 -0.0047642 0.01876 0.00632436 0.012472 0.0584941 0.120086
internal_weight=0 8524.27 8302.83 736.181 3034.89 577.481 344.406 104.357 69.6762 240.049 2457.41 55.4171 2208.22 1233.07 374.306 5267.94 83.0285 35.3884 32.3018 5184.91 5160.28 112.063 13.9912 221.437 6.6461 1.543 0.854922 1205.86 226.373 38.2706 201.779 1191.65 13.2927 86.856 18.3106 975.152 54.5368 233.075 11.3894 194.289 5.1031 214.791 111.757 13.4614 3.25885 98.2958 3.28812 1.18107 1104.8 574.333 25.7891 530.465 117.862 412.604 87.0245 325.579 137.827 548.544 100.488 87.7653 11.5626 6.59808
internal_count=172604 165016 80690 7588 17682 4199 2862 784 603 2078 13483 513 12355 6302 2771 63008 2911 954 939 60097 59909 1541 307 84326 1121 313 130 6203 1614 317 1761 6133 131 680 632 6053 411 1337 255 1653 808 83205 31062 2822 511 28240 1152 252 5453 2795 155 2658 479 2179 344 1835 1374 2640 909 779 136 104
is_linear=0
shrinkage=0.05


Tree=81
num_leaves=63
num_cat=0
split_feature=11 11 12 7 9 5 11 8 14 1 8 11 8 11 8 8 11 1 0 0 1 8 1 0 1 4 1 8 9 0 7 11 9 11 1 9 0 9 1 8 11 8 8 7 3 3 11 12 8 8 12 11 7 1 9 0 9 8 12 11 7 4
split_gain=282.814 104.495 31.0231 23.1956 21.0167 17.9496 17.298 19.236 15.9387 15.697 15.0751 19.5223 17.4802 17.9725 28.7858 21.7064 22.2985 17.0069 21.2201 16.0469 16.0438 15.2641 14.6419 20.9365 15.735 15.0181 16.6019 15.9367 31.1788 19.1105 19.5498 16.0729 15.997 19.0591 15.3965 22.3336 14.4909 13.5601 13.4417 13.4089 13.0002 12.9989 12.7223 12.4221 12.1524 11.9362 21.9157 18.5846 11.581 21.3351 17.2343 18.2971 28.1143 32.0548 19.8822 48.3392 24.3254 19.618 15.1929 15.0255 14.9567 14.0285
threshold=0.41608333333333342 0.66958333333333353 4.908429448785566 2.5000000000000004 80.500000000000014 2.5000000000000004 0.52291666666666681 7.8500000000000005 1.0000000180025095e-35 2.1983307697593415 8.6500000000000004 0.64491666666666692 9.3500000000000032 0.64075000000000015 11.450000000000001 12.850000000000003 0.59741666666666682 0.94066542757653882 7.5098769230769244 15.202428571428573 0.64032035891279604 9.9500000000000011 0.68579267097785623 26.89072777777778 0.63164132553606256 4.5000000000000009 1.5455784946236562 11.450000000000001 84.500000000000014 22.953222222222227 14.500000000000002 0.63875000000000026 83.500000000000014 0.60458333333333347 0.95242743271221542 98.500000000000014 20.694827586206902 94.500000000000014 1.2301200000000001 5.1500000000000012 0.44291666666666679 4.1500000000000012 3.2500000000000004 5.5000000000000009 12.77996220106394 13.23195639524312 0.60458333333333347 7.9997734260620472 15.050000000000002 14.450000000000001 8.0474063850476139 0.61508333333333354 12.500000000000002 0.91885015744545795 78.500000000000014 14.220675000000002 61.500000000000007 12.65 7.898222290587591 0.61241666666666683 4.5000000000000009 2.5000000000000004
decision_type=2 2 2 2 2 2 2 2 2 2 2 2 2 2 2 2 2 2 2 2 2 2 2 2 2 2 2 2 2 2 2 2 2 2 2 2 2 2 2 2 2 2 2 2 2 2 2 2 2 2 2 2 2 2 2 2 2 2 2 2 2 2
left_child=2 3 -1 -2 6 8 7 -5 22 48 17 12 19 15 -15 16 21 18 -10 -12 -21 -14 24 25 42 26 43 29 -29 34 38 -30 -32 -34 -27 -36 -7 45 -31 -20 -9 -4 -6 -24 -38 46 -22 -48 49 50 51 59 53 -53 56 -56 58 -55 -54 60 -8 -50
right_child=1 -3 41 4 5 36 9 40 10 -11 11 -13 13 14 -16 -17 -18 -19 39 20 37 -23 23 -25 -26 27 -28 28 31 30 32 -33 33 -35 35 -37 44 -39 -40 -41 -42 -43 -44 -45 -46 -47 47 -49 61 -51 -52 52 54 57 55 -57 -58 -59 -60 -61 -62 -63
leaf_value=0.044281037562195619 0.027824413546243279 -0.033726758020277824 0.011849459923498964 0.001647138700410152 0.043799625649033523 -0.025515030522047278 -0.061002239329304021 0.027273700683386887 0.050909802228069768 -0.020058471005799362 -0.053168332629882326 -0.049842588571896135 0.041071455537352371 0.23393533439673947 -0.044992237212584524 0.041259407286148658 -0.051716788757664826 -0.0042822123573722495 -0.017013723408609138 0.18362540330406263 -0.034497299965720873 -0.015676585816174624 -0.073726328254013637 -0.012211664948278951 -0.055308371772832557 0.038140913852855098 -0.055570990192039066 -0.0087183492882405029 0.075850142348880406 -0.022828576853278992 0.015433703470112033 0.24373949477793611 0.25931397480335278 0.050510153875614167 -0.045762105965819408 0.072350441885920505 -0.016957603439464949 0.13649865821277726 0.067930824868455614 -0.055098183881905141 0.0078675844417379123 0.031127145435482392 -0.011306844751042655 0.020270023881578166 0.0092058438828734029 0.099406814727482112 0.18684909454869267 -0.043326370366892658 0.029672603255427824 -0.022986748560528288 -0.012083391260756613 0.26712594727794053 0.11798212413685778 0.16329663921083196 0.35896082961142833 0.0074586466981322241 -0.012886490832833242 -0.048988757884459472 0.01588413730225131 -0.043699523716744029 0.0013580191038318277 0.0036568420574065955
leaf_weight=346.67305637523532 83.695812302175909 214.04537132638507 147.99018011800945 2073.5251807495952 13.264965692535041 161.57025284506381 9.5463966242969018 91.99165103957057 7.3141845301724961 96.008350164629519 3.3179646464996067 14.050815024878828 18.58437829837203 1.9827761836349957 1.5688950158655641 22.806989323347807 26.043343483004719 165.87536876345985 45.305965768173337 2.3846840481273857 9.6175325810909325 32.182973247021437 3.5669799391180268 55.689642544602975 15.705950536765156 25.003688710974529 8.9096631766296905 4.1214346280321461 2.9200981482863426 6.0559627506882014 2.0678001292981198 3.2196838320232928 3.0725478818640113 1.8573042624630032 17.404445179272447 5.0702629012521347 95.396315553924069 3.509785007685422 11.749605875927953 48.431222025537863 1441.5413090661168 218.11640167422593 48.274432093603536 76.623772243270651 82.587907740613446 4.4153209598734966 2.4049871321767564 1.2526136562228201 69.579286627005786 101.31877144495957 256.48061448079534 2.3944480316713443 6.6050942055881015 1.7478804420679805 1.319207222200929 3.2595834224484861 39.288928777910769 2.5167080899700522 8.3514665947295708 18.710729734040797 2723.4731403873302 204.61611482570879
leaf_count=4817 268 84326 990 6233 99 4320 46 502 102 1381 100 2005 110 101 96 243 1060 2580 520 34 113 235 22 1178 383 388 201 98 45 67 47 116 29 117 417 90 2201 83 87 1456 3729 1781 1652 1519 1698 32 65 96 857 1539 16798 51 81 56 14 158 1463 69 304 473 20195 2668
internal_value=0 0.000756901 0.0335438 0.00164813 0.00138026 -0.00520524 0.00235258 0.00479033 -0.000705296 -0.000126345 -0.00713424 0.00586974 0.01196 0.00253255 0.111496 -0.00141011 -0.0141819 -0.0141738 -0.0303412 0.0477849 0.0623628 0.00503875 0.0079541 0.0143525 -0.0108059 0.0230024 0.00867893 0.0383741 0.0966497 0.02991 0.0654304 0.167187 0.135961 0.18421 0.0111502 -0.0186921 -0.0146714 0.0476899 0.0368277 -0.0367819 0.00903666 0.0233536 0.000542158 0.0159401 -0.00479086 0.029121 0.0048016 0.107635 0.00042758 -0.00042245 0.000320439 0.00145185 0.0275548 0.124263 0.0163301 0.115307 0.00768675 0.0386207 0.0617887 0.000827883 0.00113614 0.0102852
internal_weight=0 8505.2 712.78 8291.15 8207.46 1055.18 7152.27 3607.06 715.628 3545.22 411.05 144.123 130.072 103.169 3.55167 99.6177 76.8107 266.927 101.051 26.9029 23.5849 50.7674 304.578 227.333 77.2453 171.643 89.1004 82.5428 10.2612 72.2816 24.8032 6.13978 6.99765 4.92985 47.4784 22.4747 339.554 21.2002 17.8056 93.7372 1533.53 366.107 61.5394 80.1908 177.984 17.6905 13.2751 3.6576 3449.21 3175.01 3073.69 2817.21 65.4833 6.65904 58.8243 4.57879 54.2455 4.26459 14.9566 2751.73 2733.02 274.195
internal_count=172604 165016 7588 80690 80422 23805 56617 10464 15586 46153 9031 4373 2368 1845 197 1648 1405 4658 2078 523 423 345 6555 4421 2134 3243 1742 1501 259 1242 347 161 193 146 895 507 8219 389 154 1976 4231 2771 1751 1541 3899 306 274 161 44772 41247 39708 22910 2196 176 2020 172 1848 125 385 20714 20241 3525
is_linear=0
shrinkage=0.05


Tree=82
num_leaves=63
num_cat=0
split_feature=11 11 12 10 6 7 10 1 0 5 1 7 10 11 12 1 7 6 1 8 6 1 7 10 0 11 0 1 1 6 0 8 9 10 0 8 8 11 1 1 10 10 5 1 8 10 6 12 12 1 10 1 11 7 0 8 8 4 1 7 4 12
split_gain=265.023 97.4219 31.0088 28.8669 24.4626 18.6259 17.4005 17.4858 21.091 17.8787 16.9052 16.4163 16.0141 15.9863 15.9359 15.915 15.8826 15.6721 14.9108 22.1611 16.4553 16.5929 14.6964 14.6231 17.9741 22.0761 15.3306 15.2952 27.3025 15.187 14.33 14.2662 14.0395 19.3598 13.9653 14.5145 13.8219 18.2185 16.6663 13.655 12.9519 15.8487 17.4738 12.8504 12.7685 13.1466 12.618 12.3606 14.188 13.9203 14.4552 12.3519 12.226 12.2111 11.8224 11.7151 19.3697 12.5453 12.1021 11.4745 27.5458 11.8945
threshold=0.41608333333333342 0.66958333333333353 4.908429448785566 52.500000000000007 53.500000000000007 19.500000000000004 39.500000000000007 0.74699383753501414 22.953222222222227 3.5000000000000004 1.5876737855790539 18.500000000000004 44.500000000000007 0.5814166666666668 5.8715679782189625 1.7157555890732363 2.5000000000000004 51.500000000000007 1.0101461572244184 3.6500000000000008 48.500000000000007 1.0366679437342705 17.500000000000004 99.500000000000014 25.110450000000004 0.49775000000000008 26.733550208855473 2.8585214285714291 2.2489022727272734 39.500000000000007 23.741000000000003 9.9500000000000011 69.500000000000014 49.500000000000007 21.327020905923348 5.9500000000000011 17.950000000000003 0.59741666666666682 1.2699360195360199 1.4512646084074656 37.500000000000007 35.500000000000007 1.0000000180025095e-35 1.904709523809524 8.2500000000000018 49.500000000000007 53.500000000000007 7.3659974430280668 7.7508508972800936 1.1457773899033299 41.500000000000007 2.3991700000000002 0.50741666666666685 5.5000000000000009 28.558364285714291 12.15 11.450000000000001 3.5000000000000004 1.7853571428571431 8.5000000000000018 3.5000000000000004 7.8274963763555814
decision_type=2 2 2 2 2 2 2 2 2 2 2 2 2 2 2 2 2 2 2 2 2 2 2 2 2 2 2 2 2 2 2 2 2 2 2 2 2 2 2 2 2 2 2 2 2 2 2 2 2 2 2 2 2 2 2 2 2 2 2 2 2 2
left_child=2 3 -1 4 5 14 -6 8 9 32 22 15 -4 -13 -2 -12 -5 43 34 -20 21 30 31 27 -25 -26 -27 28 -18 -30 -21 44 -8 -34 52 -36 37 -23 -39 -40 41 -3 -43 55 -9 -46 -14 49 -49 -22 -51 -17 -16 -42 -50 56 58 -58 -7 60 -54 -61
right_child=1 40 12 16 6 17 7 10 -10 -11 11 13 46 -15 18 51 23 -19 19 20 47 36 -24 24 25 26 -28 -29 29 -31 -32 -33 33 -35 35 -37 -38 38 39 -41 53 42 -44 -45 45 -47 -48 48 54 50 -52 -53 59 -55 -56 -57 57 -59 -60 61 -62 -63
leaf_value=0.043949848637026799 0.02158884578191984 -0.012380597298875702 0.035937975967261469 0.024587098126600693 0.0067282188879320571 -0.0012801283196744722 0.0040004039539913759 -0.020367832237851765 0.063662705528763838 0.039936050233329079 0.038157021569783199 -0.0083373368282649834 0.019785898801167035 0.12570430275626104 0.014189893131583173 -0.066288854268063496 -0.00028950568820513325 -0.06172536722722774 -0.041565822553706014 0.050571053453848019 0.04883498117942333 0.010462741034092496 -0.051776967810917576 -0.043298580863429109 -0.12084690411361849 0.055188507974506584 -0.013753947574014628 0.038648806466624358 -0.0079028907943069927 -0.045602520123994378 -0.0097617792864045823 -0.037134575478076699 -0.072162294081378642 0.012227467359984819 -0.046358531341736411 -0.0035168918870236068 0.061739948157651714 -0.055492272845610147 0.028795303748231443 -0.023976373308612985 0.060419278029530177 0.26815164458160806 -0.037350495016804867 -0.041141434268560928 -0.0041201833508344912 0.056622004639854999 -0.011531849259799267 0.089690608767088176 -0.051358288105615262 -0.022026580946235559 0.028022555347387852 0.022552144262026098 -0.093132906800534362 -0.037022070193114279 0.079449639656540352 -0.029512393138873411 0.000935044532432388 0.089337532231134109 0.068066736700791497 -0.0010763687471438122 0.0051078695436656421 0.019056642441691335
leaf_weight=332.18924359604716 234.51661368459463 4.8218805281212545 139.58546864241362 61.394151372369379 232.31231523468159 218.64430397166871 42.162493396783248 62.058693993836641 13.698723617009817 19.208440495654941 11.838372686645018 3.6562251523137075 179.82244136929512 5.2856492437422276 307.9864162132144 11.60365618998185 4984.4755884180777 11.220656746765597 18.630390703678131 43.558754237368703 32.953070569783449 674.22332122549415 39.187648159917444 44.52576928306371 3.1003198474645606 14.346988337580113 17.999478441197425 24.549072721740231 57.207255538552999 50.742336399620399 12.499592945445327 58.820951646659523 18.290943763684485 10.594321906333787 22.122079828754067 183.11134248971939 12.072380371391771 19.498308133566752 21.58253723452799 28.084249063627794 3.1435386380180708 1.1464849069016052 0.67252278921660025 19.204165565548465 26.843124242499471 13.127136500086634 38.879088304936886 15.973824239335956 3.9973045836668453 23.607993975281715 36.553894337266684 5.7108836239203802 10.585137265501546 197.29076506197453 2.8805831139907241 27.917758222902194 6.6346367311198291 10.533788629341869 6.37617696635425 324.17773372400552 21.190550829283893 94.572610867675394
leaf_count=4817 1090 808 1157 192 1337 1961 212 275 62 115 49 26 1347 87 796 113 58190 184 62 155 73 2047 677 1951 15 306 632 187 602 933 73 615 278 117 89 1081 43 455 290 515 64 139 174 188 130 64 267 94 128 82 94 42 70 83141 61 565 70 96 39 1336 79 1667
internal_value=0 0.00071702 0.0329283 0.00156518 0.00546188 0.00764395 -0.00381702 -0.0109928 0.00607627 -0.00266942 -0.0184646 0.0119503 0.0226862 0.0708573 0.00927839 -0.0061273 -0.000671394 -0.00400077 0.00776308 0.0122237 0.013314 0.0107843 -0.0242848 -0.000971215 -0.022175 0.00426536 0.0167466 -0.000638419 -0.000829548 -0.0256959 0.0370359 -0.0175279 -0.0142984 -0.0411025 0.00337804 -0.00817946 0.00882502 0.00795078 -0.0164434 -0.000932365 -0.0331477 0.0347813 0.156536 -0.00172415 -0.00615008 0.0157957 0.0141929 0.0309488 0.0639624 0.0227332 0.00829595 -0.0367379 0.00651245 -0.0354395 0.00306335 0.00107404 0.00463119 0.0556677 0.000692036 0.00125095 -0.0276508 0.00346209
internal_weight=0 8484.73 690.476 8277.65 3019.31 2444.91 574.4 342.087 103.955 90.2562 238.132 38.0948 358.287 8.94187 2144.38 29.1529 5258.34 300.531 1909.86 946.116 927.486 811.519 200.038 5196.95 79.9726 35.4468 32.3465 5116.97 5092.43 107.95 56.0583 160.85 71.0478 28.8853 963.746 205.233 755.461 743.388 69.1651 49.6668 207.075 6.64089 1.81901 289.311 102.029 39.9703 218.702 115.967 22.8517 93.115 60.1619 17.3145 758.512 200.434 6.87789 270.107 242.189 17.1684 225.02 450.526 31.7757 418.75
internal_count=172604 165016 7588 80690 17682 13483 4199 2862 784 722 2078 317 2771 113 10380 204 63008 3103 9290 4172 4110 3578 1761 62816 2904 953 938 59912 59725 1535 228 1084 607 395 5118 1170 3350 3307 1260 805 84326 1121 313 2919 469 194 1614 532 283 249 176 155 3948 83205 189 2731 2166 166 2000 3152 149 3003
is_linear=0
shrinkage=0.05


Tree=83
num_leaves=63
num_cat=0
split_feature=11 11 11 10 6 6 7 10 1 1 5 8 1 7 10 7 2 7 11 1 2 1 7 11 1 8 11 6 8 10 0 11 1 2 0 2 6 8 7 2 9 1 10 10 7 8 10 1 8 10 11 6 11 11 8 11 6 6 7 8 8 7
split_gain=248.162 90.8976 29.1075 26.1425 22.1729 18.8976 16.9516 15.7666 15.8433 19.8316 20.7949 15.5139 15.3672 14.4858 14.4652 14.0041 15.5063 13.9784 13.7446 13.6846 19.3049 21.0955 16.9383 16.3039 13.5266 14.4652 23.7692 38.8825 27.0967 13.4376 16.9588 19.9538 13.7351 25.9768 13.3948 13.2718 13.2496 13.1193 12.7898 14.6646 14.0739 12.4162 12.0487 12.1601 14.5886 13.6846 11.8669 11.6415 11.4754 11.8434 11.4422 12.9142 14.1746 22.8702 24.1237 13.3223 25.7194 26.2575 14.2643 10.9451 14.08 15.4984
threshold=0.41608333333333342 0.66958333333333353 0.35358333333333342 52.500000000000007 53.500000000000007 64.500000000000014 17.500000000000004 39.500000000000007 0.74699383753501414 0.67502727272727292 3.5000000000000004 12.450000000000001 1.5876737855790539 2.5000000000000004 77.500000000000014 18.500000000000004 1.933311904761905 17.500000000000004 0.45941666666666675 0.91885015744545795 0.83851908939014208 0.67733401604369348 12.500000000000002 0.52658333333333351 1.904709523809524 12.350000000000003 0.64608333333333356 25.500000000000004 11.950000000000001 99.500000000000014 25.110450000000004 0.49775000000000008 2.8585214285714291 2.7667425000000008 26.733550208855473 0.82782465768358637 43.500000000000007 9.9500000000000011 10.500000000000002 1.0259252950752953 47.500000000000007 0.3810812299590714 37.500000000000007 35.500000000000007 26.500000000000004 12.050000000000002 43.500000000000007 2.3991700000000002 8.2500000000000018 49.500000000000007 0.71458333333333357 27.500000000000004 0.68558333333333354 0.68658333333333355 7.2500000000000009 0.71258333333333357 60.500000000000007 62.500000000000007 12.500000000000002 17.850000000000005 14.350000000000003 7.5000000000000009
decision_type=2 2 2 2 2 2 2 2 2 2 2 2 2 2 2 2 2 2 2 2 2 2 2 2 2 2 2 2 2 2 2 2 2 2 2 2 2 2 2 2 2 2 2 2 2 2 2 2 2 2 2 2 2 2 2 2 2 2 2 2 2 2
left_child=2 3 -1 4 6 14 18 -6 9 10 11 -9 17 -5 -4 16 -14 37 -2 20 22 46 23 -20 25 26 41 -28 -29 32 -31 -32 33 -15 -33 -24 -26 48 39 -23 -40 -8 43 -3 45 -45 -22 -18 -10 -50 51 52 -44 -54 -55 -53 58 -58 -57 60 -21 -62
right_child=1 42 5 13 7 -7 24 8 12 -11 -12 -13 15 29 -16 -17 47 -19 19 59 21 38 35 -25 36 -27 27 28 -30 30 31 34 -34 -35 -36 -37 -38 -39 40 -41 -42 -43 50 44 -46 -47 -48 -49 49 -51 -52 55 53 54 -56 56 57 -59 -60 -61 61 -63
leaf_value=0.04701412607729135 0.019713192222559888 -0.011899535137444709 0.028042336928275576 0.023610300328448651 0.0063968913425475173 -0.067651942250421385 -0.043262053729670069 -0.038843142895568734 -0.019246733310324296 0.036705213688108952 0.043586730200079908 0.023052473101878662 0.038093735232428705 -0.00042939580722040961 -0.014446167301832825 0.063999553184866304 -0.064832555302136372 -0.050388788252965847 0.0095973784463043166 0.013103381505338364 -0.02428678529174403 0.02572390189894443 0.015695965289969496 -0.023966267785004779 -0.049657171826810398 -0.02151994788395338 0.31127575931953178 -0.047657515835305399 0.20759745725227932 -0.042440056391436033 -0.11501856283887915 0.050832081387878141 0.036522217507529729 -0.036396556278086495 -0.013206768772171024 0.063286496451368177 0.017008110694619084 -0.035595132439466 0.042943916330295082 -0.025010958633297289 -0.01304269090277701 0.0047379365734866088 -0.048052616709728997 0.23400459593007758 0.38264259317252769 -0.042519864023984388 -0.10326811468190918 0.021406620343556615 -0.0039123950757447463 0.053680931852795578 -0.047799069805407546 -0.033915995909332836 0.42058395428840917 0.40081710577061663 0.01987674272292958 0.1984688184023552 0.76942114937785944 -0.012280023253850617 -0.045982770623352064 0.056051219583502856 0.042812641136683108 -0.01888285640625835
leaf_weight=224.43454326316714 285.72780204564333 4.7713332923594853 418.6465524174273 60.758125064428896 232.13748474675231 5.3298031240701667 13.759855893906204 41.412251971429214 62.387001911643893 34.527616476640105 14.362417540512977 13.206253016367553 11.748516886495056 5040.4473661684897 20.820691708475351 9.3925790232606214 11.557219556532802 38.280059625627473 101.63409697264433 802.26767893088982 12.289495951263236 60.428944216342643 197.40147654805332 56.004457849543542 25.130483367713168 59.209571904502809 1.5327985316980619 3.4354766111355275 1.3667615891899911 43.191370008746162 3.0995763167738906 14.794197766575961 24.681866539176553 50.612407237524167 17.816868817200884 15.841876406455411 10.382915379246695 58.314205824630335 11.772488819435237 18.446608161553741 196.60336324130185 464.52429066598415 4.4324889124836764 0.58891839138232205 0.3605715762823819 1.1503623501630498 7.9922922307159743 5.7207550639286628 26.860195493325591 13.158664579503236 91.547736790496856 85.688802492571995 0.32458607736043532 0.34299081761855443 7.8208514540456235 0.69147719908505667 0.14401830791030068 0.1645887044724077 2.2924131685867906 13.746051060967146 11.930182567797599 65.144655714277178
leaf_count=3452 1293 808 3920 192 1337 54 153 382 275 181 90 131 47 58949 162 113 115 677 243 3121 64 186 1139 396 240 990 33 479 55 1951 15 306 187 776 632 52 85 615 27 86 1134 3050 1028 21 37 255 76 42 130 64 52143 27088 58 55 1681 78 40 72 962 59 40 482
internal_value=0 0.000680864 0.0323074 0.00148823 0.00520425 0.0248666 0.00728619 -0.00363879 -0.0104866 0.00579739 -0.00963153 -0.0237712 -0.0176065 -0.000638949 0.0260152 0.0112337 -0.0058301 -0.0232024 0.0096154 0.00777512 0.00241196 -0.00683962 0.0100966 -0.00230276 -0.000172424 0.00177352 0.00463363 0.100117 0.0267233 -0.000923987 -0.0213896 0.00397838 -0.00060695 -0.000788651 0.0157586 0.0192829 -0.0300331 -0.0166688 -0.00333222 0.0137786 -0.00983658 0.00333781 -0.0325895 0.0317468 0.129226 0.0560245 -0.0560096 -0.0360321 -0.00581832 0.0149869 -0.0349157 -0.0232569 0.0230994 0.0609626 0.041143 -0.0300628 0.0667878 0.439306 0.0136431 0.0118428 0.0111397 -0.00922531
internal_weight=0 8465.36 669.232 8265.04 3009.64 444.797 2436.57 573.065 340.928 103.509 68.9809 54.6185 237.419 5255.4 439.467 38.4191 29.0265 199 1857.23 1571.5 678.415 307.533 370.882 157.639 579.342 543.829 484.619 6.33504 4.80224 5194.64 78.902 35.7106 5115.74 5091.06 32.6111 213.243 35.5134 160.72 287.251 78.8756 208.376 478.284 200.321 6.87119 2.09985 1.73928 20.2818 17.278 102.406 40.0189 193.45 101.902 12.9209 8.48843 8.16384 88.9813 3.2925 0.308607 2.98389 893.089 879.343 77.0748
internal_count=172604 165016 7588 80690 17682 4136 13483 4199 2862 784 603 513 2078 63008 4082 317 204 1761 8398 7105 3403 1573 1830 639 5085 4760 3770 567 534 62816 2904 953 59912 59725 938 1191 325 1084 1433 272 1161 3203 84326 1121 313 276 140 157 469 194 83205 31062 2822 1794 1736 28240 1152 112 1040 3702 3643 522
is_linear=0
shrinkage=0.05


Tree=84
num_leaves=63
num_cat=0
split_feature=12 12 12 6 10 2 10 6 6 10 12 1 8 6 12 12 6 12 1 9 1 9 10 1 3 0 12 12 0 12 12 10 12 12 10 10 8 0 3 9 12 2 0 10 4 8 3 12 9 2 6 9 2 1 14 10 12 0 8 12 10 9
split_gain=224.605 78.8303 34.1155 25.0159 23.9455 18.834 17.8825 17.3847 15.2369 16.8603 14.6886 14.7279 17.4075 14.0506 15.4163 16.1693 14.0686 23.9672 18.4785 13.4485 24.9191 12.7404 14.4936 15.223 16.1541 14.4475 14.1648 12.8855 14.3049 13.7155 12.6942 12.5108 13.0352 13.2294 12.4747 28.0731 12.4189 13.1872 14.7722 12.3451 13.8686 12.9998 21.1572 15.7695 12.7133 12.8314 12.2874 11.9006 11.7669 11.4503 11.2203 14.5087 11.2198 25.804 13.5788 11.6715 20.6729 27.4209 14.2099 11.2188 18.8149 11.1005
threshold=5.4219604853889924 8.7248440507087164 4.908429448785566 64.500000000000014 52.500000000000007 2.0501201927437647 44.500000000000007 60.500000000000007 53.500000000000007 12.500000000000002 5.8715679782189625 0.907095641085789 3.2500000000000004 27.500000000000004 9.3447844079828446 9.3306340847291036 26.500000000000004 8.8895248237472604 0.95242743271221542 73.500000000000014 0.95960977696193128 84.500000000000014 30.500000000000004 1.6936295965608468 13.394186904387835 28.206272442680781 6.4076250969976867 7.5403774076715573 14.220675000000002 7.898222290587591 6.7105075528319746 36.500000000000007 9.6476209155190098 9.6953911752996955 95.500000000000014 96.500000000000014 2.1500000000000008 24.573586482334871 12.883457341899176 47.500000000000007 7.650477975332346 1.5565801985549299 23.991700000000005 71.500000000000014 2.5000000000000004 14.050000000000002 13.288382406865727 6.5445444016498415 73.500000000000014 1.276760054707198 63.500000000000007 49.500000000000007 0.83851908939014208 0.72568260478034929 1.0000000180025095e-35 49.500000000000007 7.5867286248631745 16.001333333333339 11.850000000000003 7.898222290587591 75.500000000000014 41.500000000000007
decision_type=2 2 2 2 2 2 2 2 2 2 2 2 2 2 2 2 2 2 2 2 2 2 2 2 2 2 2 2 2 2 2 2 2 2 2 2 2 2 2 2 2 2 2 2 2 2 2 2 2 2 2 2 2 2 2 2 2 2 2 2 2 2
left_child=2 3 -1 4 8 19 -4 -8 10 -10 -2 52 -13 14 15 16 34 18 -18 -5 59 22 25 24 26 -11 -24 47 29 -29 -22 32 -15 -34 -3 -36 -23 -38 -39 40 41 42 -6 -44 45 -42 -32 -26 50 -45 51 -28 -12 54 -54 61 -57 -58 -59 -21 -61 -55
right_child=1 13 6 5 39 -7 7 -9 9 21 11 12 -14 31 -16 -17 17 -19 -20 20 30 36 23 -25 27 -27 48 28 -30 -31 46 -33 33 -35 35 -37 37 38 -40 -41 44 -43 43 49 -46 -47 -48 -49 -50 -51 -52 -53 53 55 -56 56 57 58 -60 60 -62 -63
leaf_value=0.043287255970940478 0.018808534855610459 -0.049144575399448588 0.034903604897843866 -0.021897343410749202 0.010676130498873828 -0.058252456454985481 0.015426834515895381 -0.039143997901469087 0.051417975952039334 0.0032467824310869649 0.0059472079099006933 -0.029737145548589007 0.01031296394179171 -0.012009114505740187 -0.048887717880448121 0.19174200173153486 -0.040571149625563234 -0.046574528699444791 0.21371483039820993 0.049936197382075435 0.037140625833197327 -0.13256277920428627 -0.00015046451423889387 0.028533296243685315 0.027888023253874357 0.051173230525270175 -0.07856428981951577 0.053442773705370906 0.095807032838765779 -0.053493767876476729 -0.054486601322205036 -0.036823136546398717 0.22921465222913118 -0.036525478244943566 0.48648535016385885 -0.039521665905166231 -0.047974832522931089 -0.021234368091854219 0.069118093854753246 -0.0011243747927649358 -0.052470882466753167 0.021846588884710125 -0.0020272865492793096 -0.01788214751766893 -0.046977107336800127 0.052067098668550693 0.11226122227572062 -0.022992892923448333 -0.045704067304055351 -0.078607491787985817 0.02426537525901689 -0.014836720874949562 -0.058445763297836711 0.050055511703145386 -0.012936563408178448 0.0034193505924101047 -0.052678125741983273 0.14575619162618036 0.031513324000006955 0.063870350365184389 0.35200062805150101 -0.0055340389721133089
leaf_weight=306.17870011739433 239.87776663526893 6.9487574010854587 131.24245452135801 76.75988881289959 298.83384061418474 25.91376318805851 200.14097307063639 15.602067703381179 14.07663188036531 46.843360682018101 537.76454906351864 27.604495288804173 1197.4999572036322 4.5711456394055849 8.0513841414358449 1.411985800368712 0.86503414367325637 2.3507920163683593 2.8429801161400974 5.7922498728148657 8.528398126363756 2.6328845703974357 123.79385541379452 30.852236960083246 20.380683891475201 23.774643202312291 9.7508133319206518 7.5620208717882651 8.5778813827782852 4.8022629437036812 12.618181721074505 178.29148863127921 1.2561949815135447 0.63294287712778885 0.27159333939198393 0.7127572966273874 23.23342678649351 14.528131740167739 6.43345824163407 4577.4373947533313 4.3775326209142795 138.6706612650305 66.359410423785448 18.015299044549465 21.905490557895973 8.3217373397201282 1.0995348948054005 26.072817165404558 41.230057424632832 14.028942897915838 15.832828837912528 103.02374926791526 29.893168789334595 9.1577394902706128 37.101560626644641 48.260085947811604 3.4547225495334706 7.7032102094963175 4.4768310775980353 1.592079504625872 0.88910981034860004 287.05225312360562
leaf_count=4817 1184 1883 1132 858 946 541 1502 103 39 194 2961 99 6382 651 4553 79 103 619 136 71 21 20 373 184 60 76 50 38 64 104 635 77212 19 238 20 165 482 329 92 57621 102 402 215 82 513 80 31 106 664 72 76 823 208 22 248 176 76 113 95 87 56 1701
internal_value=0 0.000675982 0.031108 0.00144499 0.00179903 -0.0200367 0.0203373 0.0114409 0.00538804 -0.00234264 0.00705535 0.00576489 0.00940411 -0.0296996 0.00655119 0.0359792 0.0186565 0.075609 0.153572 -0.0107134 0.0172319 -0.00384808 -0.00131772 -0.00508632 -0.00798029 0.0195022 -0.0130559 0.0140456 0.0465086 0.0114117 -0.0101962 -0.0343299 0.0332291 0.140306 -0.0246175 0.132479 -0.0286766 -0.0220895 0.0064554 -0.000258983 0.00667459 0.00866369 0.00404478 -0.016033 -0.0239218 0.015513 -0.0400435 -0.000550399 -0.0224275 -0.044785 -0.0148968 -0.0204558 0.00113843 -0.0049046 -0.0333742 0.000385865 0.0197625 0.0695493 0.104771 0.0908202 0.178693 -0.00378222
internal_weight=0 8442.6 653.164 8234.39 8101.2 133.193 346.985 215.743 2953.25 523.402 2429.85 2189.97 1225.1 208.207 23.4553 15.4039 13.9919 6.05881 3.70801 107.279 30.5196 509.325 462.497 391.879 361.027 70.618 293.631 67.3957 20.9422 12.3643 22.2461 184.752 6.46028 1.88914 7.93311 0.984351 46.8279 44.195 20.9616 5147.95 570.513 535.908 397.237 98.4037 34.6048 12.6993 13.7177 46.4535 169.837 32.0442 128.607 112.775 964.864 427.1 66.9947 360.105 63.8948 15.6348 12.18 8.27344 2.48119 296.21
internal_count=172604 165050 7554 79372 77072 2300 2737 1605 17039 3774 13265 12081 6481 85678 7558 3005 2926 858 239 1759 901 3735 2812 2542 2358 270 1986 372 206 142 687 78120 908 257 2068 185 923 903 421 60033 2412 1717 1315 369 695 182 666 166 1613 154 949 873 5600 2639 456 2183 460 284 208 214 143 1723
is_linear=0
shrinkage=0.05


Tree=85
num_leaves=63
num_cat=0
split_feature=11 11 12 11 8 6 7 5 2 11 11 2 2 3 8 6 6 8 8 2 11 3 9 2 2 9 12 12 9 12 8 12 2 0 6 0 11 14 5 2 3 8 7 6 6 12 7 4 9 11 11 11 5 6 2 2 0 5 3 0 11 12
split_gain=211.085 85.6769 29.3243 24.1117 32.0494 22.2699 15.7553 14.6884 18.5418 18.5941 17.9962 30.6334 13.9233 17.0266 12.5231 12.617 11.3724 12.7805 13.3138 14.0279 13.9373 12.3583 15.3981 15.3522 25.9407 11.8236 11.4371 10.9755 10.6451 10.5602 10.2037 10.1194 9.40253 9.95394 9.31783 9.16375 8.8683 15.2744 26.7194 93.9343 17.8683 17.1936 24.5176 25.329 43.6689 87.0079 68.1981 19.618 18.5151 17.6878 36.1395 49.6913 18.3382 16.6445 23.0105 15.0418 18.0919 16.2864 12.1019 30.9679 15.8809 39.7532
threshold=0.40675000000000011 0.70758333333333356 4.7628946521208926 0.48125000000000012 7.9500000000000011 63.500000000000007 22.500000000000004 1.5000000000000002 0.94332581821443029 0.5192500000000001 0.59291666666666687 0.9384973684210528 1.4700005291005294 12.906620650216407 6.0500000000000007 43.500000000000007 23.500000000000004 8.1500000000000004 5.4500000000000011 1.6182331244778616 0.50291666666666679 13.171405383378728 51.500000000000007 0.83851908939014208 1.030439761156035 60.500000000000007 7.3659974430280668 8.5854318732355015 77.500000000000014 7.6707902545301501 2.9500000000000006 6.9422842501157573 1.1623987788018435 20.571560439560443 24.500000000000004 9.1647900000000018 0.64491666666666692 1.0000000180025095e-35 4.5000000000000009 1.6408658035065879 12.948917798757252 10.250000000000002 17.500000000000004 55.500000000000007 44.500000000000007 8.6868624617632744 19.500000000000004 1.5000000000000002 85.500000000000014 0.66258333333333352 0.65758333333333352 0.65858333333333352 3.5000000000000004 64.500000000000014 0.82290749459473733 0.41685446652345154 8.4067607142857153 1.0000000180025095e-35 13.256184881179701 17.309825000000004 0.67858333333333354 9.1845709865033225
decision_type=2 2 2 2 2 2 2 2 2 2 2 2 2 2 2 2 2 2 2 2 2 2 2 2 2 2 2 2 2 2 2 2 2 2 2 2 2 2 2 2 2 2 2 2 2 2 2 2 2 2 2 2 2 2 2 2 2 2 2 2 2 2
left_child=2 3 -1 4 5 12 16 27 9 -9 29 -12 13 34 15 -4 17 18 19 20 -5 23 -23 26 -25 -20 -19 30 -26 -11 -8 -30 33 -15 -2 -6 -18 38 40 -40 41 -38 49 44 -44 48 -47 -48 -46 50 -43 -52 -53 55 -55 56 -42 -58 -39 60 -60 -62
right_child=1 -3 14 6 35 -7 7 8 -10 10 11 -13 -14 32 -16 -17 36 21 25 -21 -22 22 -24 24 28 -27 -28 -29 31 -31 -32 -33 -34 -35 -36 -37 37 58 39 -41 53 42 43 -45 45 46 47 -49 -50 -51 51 52 -54 54 -56 -57 57 -59 59 -61 61 -63
leaf_value=0.046425966495811447 0.022969985660039854 -0.045859376294781873 0.025419301426297232 0.024070686666975392 -0.019597382369238039 -0.033118674244313667 -0.046305277075742307 -0.089048179419322943 -0.041515741123561892 0.021506638303816227 -0.050170006696659213 0.35177023460565526 0.011926571348876895 0.0047810843450740645 0.036916117683655152 -0.0012529432669496337 0.00064678855098221062 0.016510163568469134 -0.0080814460938698363 0.046157758266806168 -0.066355399792610945 0.062195322522348211 -0.056496856191390769 -0.049791742101407133 0.018900151253276303 0.049176086519786728 0.097469891530286415 -0.049542293532041141 0.048088456402583031 0.10405084925739119 0.0080155812631648587 -0.047418311119873227 0.018093712149733984 -0.01877246171569795 -0.011452678005318392 0.019231360756945075 -0.04870028350709097 -0.031410474198199444 -0.041592929646441727 0.80272094061817079 -0.043786182536160012 0 0.064317626738980518 -0.047032732071403245 -0.043027553686421728 1.0401282415784647 0.46837567334214941 -0.028561754923051682 0.29564742905471691 -0.04919568789237292 0.62194698749514099 -0.041813828720140958 0.30586043192488516 0.50163877743561303 -0.030457673579212065 -0.031977319697801002 -0.033280433616393844 0.30409821600089382 -0.032139883613090434 0.44831316842553054 0.25500054920680604 -0.01221968938885686
leaf_weight=243.51008129213005 20.946543768048286 95.782297597732395 112.823367215693 7.0261396616697374 15.510859809815882 41.634573437273502 9.3197030464652908 4.4717005491256705 68.818969100248069 11.272689800709491 10.125453758053478 0.39561248570680696 386.74629620090127 438.57144460827112 101.40161822736263 72.416979299858212 6005.4126781872474 10.766552448272707 10.732772246003149 9.3006366286426765 10.342837250558658 3.1967535279691246 15.325711904792113 20.471180147724226 84.401636955561116 51.180723288794979 7.5144134100992224 10.596931382664478 3.448976442217826 6.0391535684466353 103.36030621849932 12.163508048513902 118.2207900620997 49.813655279576778 282.8943230137229 459.01080438494682 6.1670116151217362 84.084858009126037 1.0464201875729475 0.36851234652567644 1.3463542204117396 7.804326256969949 8.0927480505779368 2.5256960310507557 1.2453371521551155 0.45021718484349527 0.28429847653023899 0.3528327620588243 0.47215744433924545 8.3842844653408957 0.49470481090247664 1.0652211126871405 0.45859768427908409 0.2617290688212951 0.4027763360645622 40.790024133282714 0.4615878399927168 1.0216788488905875 11.375900771468883 0.30030735768377681 1.8485025267582376 4.7322962105972692
leaf_count=4056 68 57180 1051 16 71 135 155 21 3221 93 1511 22 1295 1330 1092 668 52935 26 38 32 109 9 315 367 603 372 156 2982 6 71 2406 415 367 173 957 1818 1316 16313 240 43 347 554 864 502 172 113 20 97 13 1897 44 146 24 27 94 8910 101 128 2431 21 394 1546
internal_value=0 0.00113793 0.0336471 0.00167022 0.00678184 0.00281952 0.000277939 -0.0127414 -0.0268576 0.00424636 0.0196794 -0.0314158 0.00397931 0.000596983 0.0227613 0.0149702 0.000732767 0.0112771 0.0264621 -0.0028949 -0.0295614 0.00268184 -0.0355195 0.00783886 0.00130172 0.0391728 0.05041 -0.00110911 0.0118489 0.0510212 0.00344132 -0.0258298 0.00544116 0.00236511 -0.00905638 0.0179478 0.000313041 -0.0104398 0.00537925 0.213476 0.00147581 0.0267462 0.0417208 0.0927344 0.125715 0.292831 0.622697 0.219856 0.0584708 0.00353662 0.0490923 0.23224 0.0721328 -0.019992 0.210782 -0.0240961 0.0850213 0.200478 -0.0233873 0.0132619 0.00326671 0.0647857
internal_weight=0 8570.66 530.152 8474.87 1813.35 1338.83 6661.52 224.401 101.124 32.3046 27.8329 10.5211 1297.19 910.447 286.642 185.24 6437.12 245.872 88.5831 26.6696 17.369 157.289 18.5225 138.766 120.485 61.9135 18.281 123.277 100.014 17.3118 112.68 15.6125 606.606 488.385 303.841 474.522 6191.25 185.838 83.4965 1.41493 82.0816 37.7974 31.6304 13.4233 10.8976 2.80484 1.08735 0.637131 1.71749 18.2071 9.82285 2.01852 1.52382 44.2842 0.664505 43.6196 2.82962 1.48327 102.342 18.257 17.9567 6.5808
internal_count=172499 165632 6867 108452 6214 4325 102238 10482 4939 1718 1697 1533 4190 2895 2811 1719 91756 2464 567 157 125 1897 324 1573 1391 410 182 5543 1024 164 2561 421 1870 1503 1025 1889 89292 36357 15652 283 15369 5762 4446 1781 1279 415 230 117 185 2665 768 214 170 9607 121 9486 576 229 20705 4392 4371 1940
is_linear=0
shrinkage=0.05


Tree=86
num_leaves=63
num_cat=0
split_feature=12 12 12 8 7 5 1 2 12 0 4 10 12 1 2 8 10 1 1 7 12 10 9 8 8 10 4 3 4 2 2 4 10 7 8 8 9 9 10 8 8 8 8 3 2 2 10 1 8 2 7 10 9 5 9 8 8 10 0 10 0 1
split_gain=188.563 73.8841 40.8323 26.4674 17.5193 13.0696 16.5742 15.3864 14.4468 19.8096 13.151 15.2548 11.4327 10.7171 13.6973 14.2947 16.6324 10.5771 12.9972 9.80293 9.92124 9.48843 9.29046 9.09337 15.706 11.6143 12.3113 17.0334 17.133 16.4901 9.98528 9.05382 11.3687 11.2172 9.71073 24.0494 8.67272 19.814 8.63188 8.60687 8.126 11.2951 8.10166 10.6402 9.62981 12.8493 14.3281 9.36939 9.37384 9.26259 9.27481 8.08983 8.02117 7.79734 9.349 14.0261 9.10538 7.70274 7.359 7.22322 15.3782 17.51
threshold=4.908429448785566 9.3849275706498094 5.8715679782189625 6.4500000000000011 22.500000000000004 1.5000000000000002 0.64032035891279604 0.80057179894179908 9.3040384078290792 11.252294372294374 2.5000000000000004 48.500000000000007 8.5854318732355015 2.1983307697593415 2.6782125368095961 7.4500000000000011 52.500000000000007 2.1768969126111988 2.1501343750000004 3.5000000000000004 7.8636658350122941 76.500000000000014 37.500000000000007 11.550000000000002 12.15 36.500000000000007 3.5000000000000004 13.119678008098044 5.5000000000000009 2.1763329365079369 1.5720048825768127 2.5000000000000004 50.500000000000007 23.500000000000004 7.4500000000000011 5.8500000000000005 65.500000000000014 68.500000000000014 37.500000000000007 7.2500000000000009 5.0500000000000007 2.5500000000000003 3.7500000000000004 13.210436178659732 1.4443627183047134 1.3334613279229821 60.500000000000007 0.75188798494715547 3.0500000000000003 0.7437081726765552 13.500000000000002 17.500000000000004 56.500000000000007 3.5000000000000004 70.500000000000014 8.3500000000000032 9.9500000000000011 43.500000000000007 19.351137931034486 98.500000000000014 25.384564285714287 0.81929732718894022
decision_type=2 2 2 2 2 2 2 2 2 2 2 2 2 2 2 2 2 2 2 2 2 2 2 2 2 2 2 2 2 2 2 2 2 2 2 2 2 2 2 2 2 2 2 2 2 2 2 2 2 2 2 2 2 2 2 2 2 2 2 2 2 2
left_child=-1 2 3 42 13 12 7 10 -8 -10 11 -7 23 17 15 16 -15 18 51 -16 -21 -5 -12 25 -25 -6 29 38 39 31 -26 32 -27 -33 35 -35 -13 -38 -28 -29 41 -40 43 44 45 -2 -47 48 49 50 -45 -4 -43 54 56 -56 -19 -46 -17 -53 -61 -62
right_child=1 -3 4 21 5 6 8 -9 9 -11 22 36 -14 14 19 58 -18 53 -20 20 -22 -23 -24 24 30 26 27 28 -30 -31 -32 33 -34 34 -36 -37 37 -39 40 -41 -42 52 -44 47 57 46 -48 -49 -50 -51 -52 59 -54 -55 55 -57 -58 -59 -60 60 61 -63
leaf_value=0.043506371950138262 -0.0070262340640936116 -0.045448865268692358 0.017743230028982006 0.024460420661297274 -0.050011775663030847 0.10346074615988035 -0.038717216209223262 0.11490021645266882 0.40716720474300055 -0.034339950832608372 0.088834637986717646 -0.066483732177277793 -0.049544581296199958 0.052660038403601173 0.077707497905122519 0.025657701747839757 -0.031980862974352604 -0.042341957156803861 -0.048847571478535225 0.00045316725925996547 -0.05054123277736064 -0.01793454496050155 -0.054348601633250261 0.11019380854161101 -0.054293606431393707 0.033334887864183115 0.069446914288293318 -0.062700171929780946 0.095851804081287628 0.11587748560733563 0.069986751226058561 -0.01009909644100508 -0.045558063409052704 0.01361722053811381 -0.0022497464157692371 0.18217495930828273 0.32645167035444927 -0.042549294886567307 -0.073893445658479953 0.04004597221782135 -0.051596139230918631 0.084720011518612803 0.010961488896521248 0.026529358311014509 0.03184789299028553 -0.088436676921417545 -0.011270900932419656 0.036529283195715072 0.040108263029495106 -0.057867178790117081 -0.03838649850825903 0.001495671534048274 -0.012740491953650053 0.057069576743591921 0.068808150866561266 -0.015365651528142297 0.018543642121889831 -0.0014221158545488631 -0.055831402144970066 -0.029608887215361535 0.096925326624898195 -0.0014588565075954879
leaf_weight=276.93503051437438 101.22435486502945 82.517112663248554 75.636739104054868 332.47979332692921 11.109299035044385 4.6069152073469066 80.778695348417386 2.9824699303135267 0.33439992810599406 0.53470047609880567 1.1504773274064053 3.3705715012038127 11.371273942291735 9.1983750676736253 3.7144660018384448 2.8693615095689884 15.344119954854248 10.747919710353019 12.74466829060111 118.55171460239217 10.255976583808659 13.537194993346928 10.749433750752358 5.0304891741834563 4.077873274218291 7.8041476779617396 1.9581276085227717 4.2089100852608663 6.2125530228950083 4.2807239417452356 2.5261869956739247 7.6494084601290551 10.619174464140086 4.5084694942925108 3.5000250928569576 4.0388871473260224 0.42673916777130205 1.0611382465576751 3.5972489470150313 3.7265879167243838 24.619819571496919 3.7119121863506717 335.30911818891764 15.132681908085948 21.922417521476746 11.333930972963573 13.126092936843632 31.89493845961988 11.135466560721396 8.3621583692729455 8.4967131800949556 7050.4729386382969 4.5196931948885322 12.871986903948708 13.118539677467199 7.7267996382433912 13.946901095099745 81.660195073112845 34.213419088046066 54.925060345092788 5.0566062105353913 36.028236643178388
leaf_count=4732 483 50822 244 2232 121 53 4341 102 16 304 3 119 3768 31 8 36 140 49 189 729 1305 64 558 76 131 87 8 104 90 54 43 138 346 73 121 61 25 165 57 64 848 13 1720 92 104 67 51 166 58 52 52 90319 138 81 60 217 86 358 877 3198 212 1638
internal_value=0 0.00160946 0.00205647 0.0116401 0.000832545 -0.0126033 -0.0256082 0.010406 -0.0364086 0.154863 -0.00441514 0.0390778 -0.00187312 0.00125519 -0.0103325 -0.0297908 0 0.00156448 0.00139249 -0.00123073 -0.0036044 0.0227827 -0.0394641 0.00272826 0.0445108 -0.0018455 0.00378378 -0.0123159 0.0342601 0.0238386 -0.00567321 0.0130961 -0.0118694 0.036642 0.0665705 0.0950298 -0.0218188 0.0740292 -0.0296475 -0.0139294 -0.0352834 -0.000764062 0.00560158 -0.000289961 -0.00565505 -0.0149635 -0.0474449 0.0160249 0.000695615 -0.0129494 0.00291266 0.00148251 0.031097 0.022743 0.0128273 0.0374441 -0.00781782 0.00559491 -0.0493395 0.00130947 -0.0122998 0.0107345
internal_weight=0 8790.62 8708.11 985.615 7722.49 235.066 105.996 24.3477 81.6478 0.8691 21.3653 9.46536 129.071 7487.42 194.147 61.6253 24.5425 7293.28 7234.86 132.522 128.808 346.017 11.8999 117.7 11.6345 106.065 94.9557 52.5549 14.1481 42.4008 6.60406 38.1201 18.4233 19.6968 12.0474 8.54736 4.85845 1.48788 38.4068 7.9355 36.4487 11.8289 639.598 304.289 229.267 125.684 24.46 75.022 43.127 31.9916 23.6294 7222.12 8.23161 58.4121 45.5402 20.8453 24.6948 103.583 37.0828 7146.48 96.0099 41.0848
internal_count=172499 167767 116945 5499 111446 12027 5686 1025 4661 320 923 362 6341 99419 3126 1084 171 96293 95800 2042 2034 2296 561 2573 250 2323 2202 1322 258 880 174 826 433 393 255 134 309 190 1064 168 1056 208 3203 1483 1063 601 118 420 254 196 144 95611 151 493 412 277 135 462 913 95367 5048 1850
is_linear=0
shrinkage=0.05


Tree=87
num_leaves=63
num_cat=0
split_feature=11 11 12 6 11 8 7 5 8 10 9 10 6 10 10 0 5 3 8 6 10 8 8 6 12 6 5 8 3 9 12 6 6 7 9 6 8 9 0 9 7 0 4 8 5 9 7 5 4 6 8 9 9 10 12 4 6 11 7 9 7 9
split_gain=187.221 77.0339 29.1047 20.5705 23.229 26.8753 13.5321 13.2757 14.7782 20.8377 30.7294 14.1474 14.1466 12.6563 12.516 15.2767 12.4639 17.1375 11.991 11.9391 11.749 11.4725 29.5633 11.4182 21.4882 11.3346 11.3293 10.8661 10.6397 10.538 14.6091 13.7626 28.6928 15.4384 15.0187 10.49 13.2249 16.7695 11.1168 10.9716 13.6955 14.4486 10.4602 10.1348 12.189 11.3182 15.1461 12.1427 12.1392 10.1282 24.9996 23.7383 14.2163 13.6896 12.8712 11.7493 16.565 48.2309 10.1475 9.83827 9.78081 10.5424
threshold=0.40675000000000011 0.70758333333333356 4.7628946521208926 64.500000000000014 0.48125000000000012 7.9500000000000011 22.500000000000004 4.5000000000000009 13.950000000000001 68.500000000000014 59.500000000000007 73.500000000000014 66.500000000000014 94.500000000000014 24.500000000000004 14.001314285714288 1.0000000180025095e-35 13.288382406865727 6.0500000000000007 43.500000000000007 26.500000000000004 5.5500000000000007 8.3500000000000032 26.500000000000004 7.965872707852518 31.500000000000004 1.0000000180025095e-35 11.950000000000001 13.414542195403763 59.500000000000007 7.2848102876857732 56.500000000000007 54.500000000000007 24.500000000000004 42.500000000000007 23.500000000000004 8.7500000000000018 77.500000000000014 23.741000000000003 73.500000000000014 19.500000000000004 20.003476207982278 5.5000000000000009 5.4500000000000011 3.5000000000000004 68.500000000000014 17.500000000000004 2.5000000000000004 5.5000000000000009 26.500000000000004 8.0500000000000025 88.500000000000014 57.500000000000007 66.500000000000014 8.3000145790045554 5.5000000000000009 25.500000000000004 0.56841666666666679 15.500000000000002 22.500000000000004 11.500000000000002 58.500000000000007
decision_type=2 2 2 2 2 2 2 2 2 2 2 2 2 2 2 2 2 2 2 2 2 2 2 2 2 2 2 2 2 2 2 2 2 2 2 2 2 2 2 2 2 2 2 2 2 2 2 2 2 2 2 2 2 2 2 2 2 2 2 2 2 2
left_child=2 3 -1 4 5 13 14 8 28 12 -11 -12 -10 25 15 27 29 -18 19 -4 26 -19 23 -23 -25 -2 -16 -6 -5 31 -31 32 33 34 -8 36 43 38 39 40 41 -38 -17 -22 45 48 -47 -48 -45 50 51 52 -37 -53 55 58 60 -58 -52 -24 -57 -62
right_child=1 -3 18 7 6 -7 16 -9 9 10 11 -13 -14 -15 20 42 17 21 -20 -21 35 22 59 24 -26 -27 -28 -29 -30 30 -32 -33 -34 -35 -36 49 37 -39 -40 -41 -42 -43 -44 44 -46 46 47 -49 -50 -51 54 53 -54 -55 -56 56 57 -59 -60 -61 61 -63
leaf_value=0.045962357200193246 0.012253516692627765 -0.045478628501469498 0.024404488809320019 -0.022115636412777286 0.0055134662258784582 0.017395451092814526 0.058267094683724166 0.078320451658515866 -0.049690486269695869 -0.04960153281031205 0.43625461501249063 0.12669940142261768 0.07267815928348785 -0.041089216533375529 0 0.030941269070139263 -0.034028731177715731 -0.035791468347394266 0.035962776142380179 -0.0018083242803246065 -0.0028727402963614726 0.2201785495444325 0.11781448268901869 0.10815920943478248 -0.047660758560285635 0.0012075792214457249 -0.055735318305172657 -0.058790970562833167 -0.098023893168639686 0.03033105155741498 -0.030802830211754485 -0.06193283885492578 0.14441538690802946 0.044088284013784951 -0.049160632496972154 0.014506050890033623 -0.010875450395343411 -0.044116236747270166 0.02599326283844099 0.049492084966647337 0.051832128499158192 -0.085081895638631999 -0.0041660183250523336 -0.010073658955623413 -0.019164794362584347 0.041420555351278365 0.068182605861829851 0.19779249732439699 0.051091569828007992 0.00076366894551649486 0.003133951255555047 0.048730582771613178 -0.052359162258751472 -0.057789881200133501 -0.05029567538734208 0.034054522099820704 -0.011076164018829895 0.13917722473410798 -0.027695723803614604 -0.043201190467078494 0.018267585255155604 -0.055230396518043789
leaf_weight=223.15387878380716 304.36913769505918 88.067122572683729 108.81974616833031 120.35579162684735 17.741377054248009 454.48736452311277 4.254527019569653 3.4145452599041155 6.182465553050859 1.1310236309655004 0.71842112089507271 1.0094250617548821 3.6788699806202203 15.765257306396959 18.575569469481707 93.121669987682253 88.020453566568904 10.320628791349007 95.558683277107775 71.673684740439057 26.357125180540606 1.2819497596938187 0.93035370111465354 7.5606767097488028 2.9922309147659689 984.71632188744843 18.066732912324369 10.209296961780636 4.7591706869425243 13.259032651782034 35.849934723461047 4.5488555976189664 4.6395235508680335 18.952594376169145 12.540130438515915 8.9507848434150201 44.004838113905862 18.193512618774548 47.246534756617621 7.8129373711999497 6.991678094258531 7.6733109278138718 27.128609126200899 17.715688654687256 9.8144006733782572 31.29220466548577 5.1763145683798921 3.0154013067949563 14.662828505970536 5604.6571160070598 119.67361858254299 12.379993242677303 61.674359841272235 3.8504244370851657 11.734545598505063 13.144643185660241 11.567297033965589 9.7131719565950316 34.181993561796844 10.714569099131038 8.7943050637841242 10.554121254943309
leaf_count=4056 1020 57180 1051 2347 65 1855 28 55 182 42 31 89 83 52 89 324 4221 245 1092 668 157 26 1 43 436 3167 132 70 96 64 3354 112 36 301 273 32 378 720 313 130 106 93 111 75 88 197 109 39 37 82264 635 87 516 162 1600 46 35 85 396 1033 34 135
internal_value=0 0.00101436 0.0325147 0.00149992 0.00182213 0.00692319 0.000451449 -0.0174108 -0.0198736 0.0311232 0.147537 0.27497 -0.00326637 0.00327075 0.000871712 0.0152274 -0.0118548 -0.0224075 0.0216131 0.0139725 0.000526819 0.00771935 0.0271274 0.0825708 0.0634751 0.00382029 -0.0276598 -0.0179221 -0.025119 0.0017707 -0.0141675 0.0192929 0.0286954 0.013176 -0.0214666 0.000695995 0.0109426 0.000278941 0.00745737 -0.00565947 -0.0131607 -0.0221334 0.0229826 0.0239057 0.0326011 0.0397572 0.0577567 0.118306 0.0175435 0.000279003 -0.00857275 -0.0312608 -0.0438057 0.0229549 0.000397792 0.00330973 0.0234183 0.0576012 -0.00369652 -0.0290178 0.000769677 -0.0216446
internal_weight=0 8540.2 499.206 8452.13 8310.88 1759.34 6551.54 141.25 137.835 12.7202 2.85887 1.72785 9.86134 1304.85 6335.68 148.201 215.865 121.821 276.052 180.493 6187.48 33.8004 23.4798 11.8349 10.5529 1289.09 36.6423 27.9507 125.115 94.0446 49.109 44.9356 40.3868 35.7473 16.7947 6150.83 239.957 131.923 113.729 66.4828 58.6698 51.6781 120.25 108.034 81.6768 71.8624 39.4839 8.19172 32.3785 5910.88 306.219 86.8556 70.6251 16.2304 219.364 207.629 53.7735 21.2805 153.856 11.6449 32.4931 19.3484
internal_count=172499 165632 6867 108452 105527 6094 99433 2925 2870 427 162 120 265 4239 89260 570 10173 6005 2811 1719 88690 1784 1539 505 479 4187 221 135 2443 4168 3418 750 638 602 301 88469 2442 1740 1020 707 577 471 435 702 545 457 345 148 112 86027 3763 797 548 249 2966 1366 335 120 1031 1034 215 169
is_linear=0
shrinkage=0.05


Tree=88
num_leaves=63
num_cat=0
split_feature=11 11 12 6 11 8 6 1 1 5 7 8 5 1 11 11 6 6 12 11 4 6 9 9 1 6 6 7 9 12 7 6 12 3 1 1 5 9 9 12 1 12 4 12 7 12 9 4 4 6 8 1 3 11 1 4 4 1 1 5 1 4
split_gain=175.327 72.7403 29.052 18.6339 21.14 25.8182 15.3474 15.3378 13.8246 13.4163 12.3941 11.6102 11.4834 18.4779 15.4808 19.0863 18.5593 11.1661 10.8807 11.0249 10.3506 10.1969 9.82332 9.52507 13.7614 12.6253 23.5475 13.7646 13.7644 9.63274 9.63046 9.18626 11.4462 12.1705 13.4308 21.1028 12.3472 16.4486 19.397 14.2863 14.0376 11.2786 10.9263 10.6385 17.6482 9.70282 18.5542 8.8429 8.76451 11.0416 17.0197 9.00838 8.38655 8.11387 13.9842 13.4548 13.2227 13.4162 19.3101 10.3414 40.8203 8.13338
threshold=0.40675000000000011 0.70758333333333356 4.7628946521208926 64.500000000000014 0.48125000000000012 10.15 31.500000000000004 0.94687151880806797 0.68030272108843548 4.5000000000000009 22.500000000000004 6.0500000000000007 1.0000000180025095e-35 0.72568260478034929 0.5192500000000001 0.59291666666666687 23.500000000000004 43.500000000000007 9.157313570905087 0.5192500000000001 3.5000000000000004 26.500000000000004 27.500000000000004 59.500000000000007 2.1975948489010997 56.500000000000007 54.500000000000007 24.500000000000004 42.500000000000007 7.2848102876857732 29.500000000000004 23.500000000000004 6.7105075528319746 13.576644918865666 0.68579267097785623 0.89639548792489976 1.0000000180025095e-35 69.500000000000014 74.500000000000014 7.965872707852518 1.3605451857666144 7.1946872823661066 5.5000000000000009 7.093626517548139 16.500000000000004 7.3659974430280668 69.500000000000014 4.5000000000000009 5.5000000000000009 22.500000000000004 4.2500000000000009 0.74688532382650041 13.414542195403763 0.64491666666666692 0.29890344416154752 1.5000000000000002 5.5000000000000009 0.54431490352482548 0.54631561996779399 4.5000000000000009 1.4512646084074656 4.5000000000000009
decision_type=2 2 2 2 2 2 2 2 2 2 2 2 2 2 2 2 2 2 2 2 2 2 2 2 2 2 2 2 2 2 2 2 2 2 2 2 2 2 2 2 2 2 2 2 2 2 2 2 2 2 2 2 2 2 2 2 2 2 2 2 2 2
left_child=2 3 -1 4 5 6 7 48 20 52 22 17 23 14 -14 -16 -17 -4 19 -15 -5 -20 -6 25 29 26 27 28 -12 -25 -31 32 -24 34 45 -36 39 -38 42 43 41 -40 -39 -37 -45 -34 -47 -48 49 -2 51 -51 -10 -33 55 -55 57 -56 -59 61 -61 -60
right_child=1 -3 11 8 10 -7 -8 -9 9 -11 12 -13 13 18 15 16 -18 -19 21 -21 -22 -23 31 24 -26 -27 -28 -29 -30 30 -32 53 33 -35 35 36 37 38 40 -41 -42 -43 -44 44 -46 46 47 -49 -50 50 -52 -53 -54 54 56 -57 -58 58 59 60 -62 -63
leaf_value=0.045713472113293789 0.034144625241449796 -0.045258382073019542 0.023736829672490047 -0.020450200572035924 -0.076445447938897904 0.025877188957711544 0.0019175502941419472 0.020911861936288523 -0.022182421771529647 0.07399176274037271 0.054355282411357703 0.035387967333146968 -0.081666802256431276 0.0028666245968993354 0.054127562123839061 0.20463516652343416 -0.049924547497835363 -0.0017150768611087237 0.25045652230961113 -0.043849824225765867 0.070862466147309247 -0.033947039211193873 0.026850471617913818 0.016180630913628785 0.10012370155611268 -0.061313382166522525 0.12778857036733215 0.041169490086412665 -0.048148986947844807 -0.039904422859828516 0.096680286136343316 0.0008126162231966961 0.0048663033822087011 -0.086795700591458025 -0.053780102475768615 0.0025653462286444103 -0.034467230705053246 0.014245965861933583 0.050197017521486566 -0.051833081380452665 -0.066337499350676718 -0.031912305719931755 0.097786456600947258 0.020490768024899842 0.099890123565198288 0.11879595488479984 -0.051896090450011756 0.063777601642139373 0.02435976961294747 -0.074645943052325914 0.00075962842321089736 -0.016616447189684035 -0.10887231600002277 0.19177281855311282 -0.049694878912499962 0.0091988131159033894 -0.03915721060851126 0.28417412286323501 -0.011611242499393944 -0.044968120313601576 0.35295397380656568 0.017109219811941283
leaf_weight=213.39793205633759 14.456433638930319 84.170034147799015 106.35299326572567 5.1205572666367498 4.00880876276642 158.22769911587238 1207.1185332480818 245.3976525682956 122.16256368183531 3.4561645993962875 4.3376370330806848 92.339169471524656 3.8758478611707678 15.083971709012983 18.234274587593976 0.66985851363278825 9.5021565194474515 71.794257087633014 0.55134904698934295 71.391648038988933 7.3928286989685148 0.5183968193596229 73.626375958323479 12.965695794671772 2.406489795073866 4.3706039943499482 4.984263048740103 19.279793913010508 12.174875429482197 31.703117975848727 1.2320264654699702 5907.5202164789662 12.142368927598001 3.5662454661214715 16.51493610534817 18.054046604782343 31.35996786528267 8.015822025947271 9.0473258346319252 5.3758967474568626 8.3614354357123357 7.5494890306144944 7.9431217808742067 18.351597900502387 11.498163631185887 7.5823800503276271 3.3487807805649936 3.0634320804383606 29.369437929242849 13.58700615912676 68.186420615762472 13.75486560538411 2.7969698326196513 1.5320716868154693 14.966538454755208 2.8369278430473059 36.148063178989105 0.49610420479439099 85.531170359929092 1.7537237209035077 0.88717620400711883 34.438276138855144
leaf_count=4056 41 57180 1051 101 23 690 4048 878 2615 50 28 1092 19 44 159 29 1605 668 14 3898 92 237 157 63 85 112 36 301 273 3173 97 51442 45 66 336 56 298 104 26 348 198 306 37 112 76 82 134 81 85 54 249 49 67 179 4148 500 7666 74 16622 383 78 5683
internal_value=0 0.000963405 0.0319009 0.0014255 0.00173229 0.00661391 0.00469455 0.0133913 -0.0165934 -0.0215098 0.000426878 0.0209722 -0.0114239 -0.0216662 0.0105259 0.0235228 -0.0308453 0.0134563 -0.0335925 -0.0356494 0.0332344 0.117241 0.000826793 0.00166439 -0.0136949 0.0182032 0.0269776 0.012483 -0.0207563 -0.0199756 -0.0343666 0.000877714 0.0103613 0.00325308 0.00524237 -0.000792361 0.00617476 -0.00723248 0.0135522 0.0244357 -0.013818 0.0125806 0.0564873 0.0331891 0.0514738 0.0381137 0.0663668 0.00272993 0.000106608 -0.00634059 -0.0125489 -0.0458022 -0.0242483 0.000494336 -0.0100005 0.0771992 -0.012259 -0.00515748 0.000252465 -0.00108623 0.0948846 -0.00331776
internal_weight=0 8524 483.884 8439.83 8298.9 1750.1 1591.87 384.752 140.929 128.416 6548.8 270.486 213.282 119.828 32.2821 28.4063 10.172 178.147 87.5454 86.4756 12.5134 1.06975 6335.52 93.4545 48.3073 45.1472 40.7766 35.7923 16.5125 45.9008 32.9351 6331.51 245.401 171.775 168.209 142.072 125.557 72.2772 40.9172 53.2797 24.9583 16.5968 15.9589 47.9038 29.8498 26.137 13.9946 6.41221 139.354 109.985 95.5283 27.3419 124.96 6086.11 178.59 4.369 174.221 138.073 123.106 122.61 2.6409 119.969
internal_count=172499 165632 6867 108452 105527 6094 5404 1356 2925 2732 99433 2811 10173 6005 1812 1793 1634 1719 4193 3942 193 251 89260 4168 3418 750 638 602 301 3333 3270 89237 2462 2305 2239 1897 1561 969 671 592 530 332 141 244 188 342 297 215 478 393 352 103 2682 86775 35333 679 34654 26988 22840 22766 461 22305
is_linear=0
shrinkage=0.05


Tree=89
num_leaves=63
num_cat=0
split_feature=12 12 12 8 6 7 6 2 0 7 8 10 10 6 6 9 2 10 10 1 6 9 2 12 8 6 2 9 9 8 8 8 6 0 1 6 9 1 9 1 8 10 4 7 8 4 1 10 12 10 0 2 1 2 12 0 0 12 9 0 6 10
split_gain=160.82 62.5398 32.2177 23.2851 14.9719 13.5001 11.3466 11.5164 15.5116 14.4468 12.9306 12.2138 11.4521 9.91204 12.9428 10.5961 9.93659 9.03132 8.88238 8.75388 12.289 12.6006 11.137 13.3026 10.84 9.75 10.9197 10.939 9.96299 9.64915 17.9957 9.1758 10.4427 8.55742 8.55677 11.1947 22.2148 10.5372 9.87701 15.9919 9.81145 10.6526 10.9075 8.48696 8.48551 12.3747 8.9748 8.77533 8.48042 9.98551 8.25914 8.23569 8.08109 20.2505 15.9113 9.70013 24.4641 8.37496 8.42532 7.85615 7.74915 7.66795
threshold=4.908429448785566 9.3849275706498094 5.8715679782189625 6.4500000000000011 43.500000000000007 22.500000000000004 64.500000000000014 0.72285805154784755 25.397248691358499 6.5000000000000009 2.9500000000000006 62.500000000000007 50.500000000000007 58.500000000000007 67.500000000000014 24.500000000000004 2.534307994903648 18.500000000000004 76.500000000000014 2.1983307697593415 60.500000000000007 78.500000000000014 2.6782125368095961 6.6027716251858601 4.2500000000000009 23.500000000000004 1.6408658035065879 78.500000000000014 85.500000000000014 8.8500000000000032 5.6500000000000012 7.6500000000000012 44.500000000000007 12.698095253967461 2.1768969126111988 40.500000000000007 74.500000000000014 2.1501343750000004 99.500000000000014 0.25341918608926334 6.4500000000000011 64.500000000000014 4.5000000000000009 4.5000000000000009 1.0500000000000003 5.5000000000000009 0.93169878542510132 67.500000000000014 7.3934085905420694 62.500000000000007 24.580348478668913 1.1565223704866565 0.68579267097785623 0.64858353615520292 7.0201800338463825 20.571560439560443 21.170245876128231 7.3659974430280668 69.500000000000014 23.741000000000003 63.500000000000007 59.500000000000007
decision_type=2 2 2 2 2 2 2 2 2 2 2 2 2 2 2 2 2 2 2 2 2 2 2 2 2 2 2 2 2 2 2 2 2 2 2 2 2 2 2 2 2 2 2 2 2 2 2 2 2 2 2 2 2 2 2 2 2 2 2 2 2 2
left_child=-1 2 3 4 61 6 17 -8 10 -10 -9 12 -11 15 16 -7 -15 -4 -5 25 22 -22 23 -21 -24 26 29 48 -29 30 -19 50 -33 -32 37 -36 -37 38 44 -40 41 42 -41 -34 45 46 47 -27 -28 -50 -26 -44 53 -31 -54 -56 -57 -55 -59 -39 -6 -2
right_child=1 -3 5 18 60 13 7 8 9 11 -12 -13 -14 14 -16 -17 -18 19 -20 20 21 -23 24 -25 31 34 27 28 -30 52 33 32 43 -35 35 36 -38 59 39 40 -42 -43 51 -45 -46 -47 -48 -49 49 -51 -52 -53 54 57 55 56 -58 58 -60 -61 -62 -63
leaf_value=0.042465664772651665 0.017641901244395918 -0.044791152067569145 0.017385662446471824 0.022886173361002012 -0.0014714025160189718 0.10099977419050335 0.042701616880999216 0.048350625297842453 0.095477631902921814 -0.015049830855851654 -0.037548331209140334 -0.044361116831319353 0.057419354629602938 -0.058165923089437993 0.12511563167471693 -0.0089153319309671596 0.079242108573307546 -0.015924876307278842 -0.018266653269091222 -0.0026853013627109786 0.0062937301708384397 0.1226614842107253 -0.065957515007279019 -0.054352131838313715 0.055028743527303872 0.011446544320030175 0.025268152328052795 -0.0627535815392396 0.035428003687457903 -0.064505942350851733 -0.021889643043969176 -0.0016993763628965885 0.049526617012495909 0.035101106383619254 0.0029525973077605457 0.0091762698637319652 0.11794894283885407 -0.078756054450963231 0.20960609808430683 -0.018842436511217614 -0.04023941061927791 -0.052134838267913854 0.10212368858349258 -0.066094725912748023 0.00093675430043491472 -0.025813974939493684 0.0036946261806137556 0.060677187198287755 0.010897003806469688 0.099627438530992651 0.0029041871053264437 0.013028782093598638 0.013265430800038872 0.0068371195481553397 -0.0561731902747509 0.12507021032116758 -0.029995614672746695 0.10655201399736902 0.0038469993348119978 0.0029200454367246591 -0.032796051553718668 0.0025296348786956612
leaf_weight=244.80064222589135 211.09124692343175 72.616112771444023 86.251050773309544 316.06699875369668 255.96217672340572 2.1108181402087203 8.100923215155488 4.5481322272680691 4.0517528974451116 11.45560539478902 68.109694540849887 11.70649308292195 10.116223257035015 21.506160529097549 0.99897375702857871 200.97698301880155 1.2859976665349666 31.252751981373876 13.472064683213828 21.776964366436005 8.3181543555110675 3.1926045540021724 6.6711895433254531 29.724259145208634 11.464025065070016 15.122331213206051 40.942259959876537 5.6598758558975515 4.5340953884879127 5.3783711228752535 7.1487761088646939 59.889610680053011 1.7111310968175519 65.040945096756332 33.327610041713342 12.640647136955524 7.4925984967267132 7.1429828018881363 0.65277369855902989 10.069828002946457 33.013667252031155 7.1764920410932964 4.69977306621149 11.605080618173814 6618.6281491763657 13.489022040273992 26.267181310802698 23.770900389179587 4.9465793864801517 9.6124040987342578 22.857746510300785 6.0448578044306487 30.854767255485058 8.1479335352778453 22.695878543425351 2.8304046331904855 18.967921608360484 6.788470291765405 2.9678367995657027 4.7557298849569634 21.341363739222288 140.77412124164402
leaf_count=4732 1262 50822 276 2232 1189 4 140 25 11 114 1859 527 141 1749 41 10167 66 167 64 59 100 93 46 770 76 44 103 109 123 94 67 949 5 406 293 76 89 139 18 161 4270 609 63 466 84845 66 97 88 45 162 167 61 77 22 673 16 393 56 123 40 85 667
internal_value=0 0.00138236 0.00177066 0.0104141 0.00476301 0.000693779 0.00105922 -0.0143066 -0.0185858 0.00748995 -0.0320436 -0.00332702 0.0188124 -0.0113173 -0.041832 -0.00769916 -0.0498823 0.00130678 0.0211836 0.00111508 -0.00985487 0.0397784 -0.0133548 -0.0326496 -0.00458862 0.00139002 0.0107493 0.028458 -0.0186785 0.00495616 0.0156318 -0.000676987 -0.0107207 0.0293658 0.0010219 0.0209322 0.0502861 0.000863651 0.000947469 -0.0189522 -0.0218188 0 0.0181026 -0.0506063 0.0011317 0.0174515 0.0265104 0.0417422 0.0372236 0.0701014 0.0205692 0.0530429 -0.00619406 0.019407 -0.0141862 -0.0333219 -0.00915356 0.0451102 0.0761728 -0.0459424 -0.00391113 0.0116124
internal_weight=0 8731.82 8659.2 958.708 629.169 7700.49 7473.61 118.089 109.988 37.3301 72.6578 33.2783 21.5718 226.879 23.7911 203.088 22.7922 7355.53 329.539 7269.27 177.211 11.5108 165.7 51.5012 114.199 7092.06 267.769 65.6952 10.194 202.074 103.442 107.528 73.2058 72.1897 6824.29 53.4609 20.1332 6770.83 6758.93 61.6574 61.0046 27.991 20.8145 13.3162 6697.28 78.6494 65.1604 38.8932 55.5012 14.559 34.3218 10.7446 98.6316 23.2826 75.349 44.4942 21.7983 17.9042 9.75631 11.8987 277.304 351.865
internal_count=172499 167767 116945 5499 3203 111446 99419 2817 2677 793 1884 782 255 12027 1856 10171 1815 96602 2296 96326 2731 193 2538 829 1709 93595 2636 542 232 2094 640 1663 1420 473 90959 458 165 90501 90322 5182 5164 894 285 471 85140 295 229 132 310 207 243 124 1454 295 1159 1082 409 201 179 179 1274 1929
is_linear=0
shrinkage=0.05


Tree=90
num_leaves=63
num_cat=0
split_feature=11 12 12 10 11 12 10 10 11 8 0 2 7 0 12 2 10 10 6 0 11 12 8 8 6 6 6 10 11 0 0 0 6 2 9 9 9 7 11 9 6 0 8 14 8 8 2 5 5 9 5 11 10 2 9 12 5 8 12 2 2 0
split_gain=155.484 61.1609 32.7185 19.2644 23.9005 32.3024 16.0616 15.4761 15.0111 16.3052 12.9645 12.9239 12.7123 17.3362 20.0827 17.0832 13.4744 13.2898 31.1333 20.0658 16.5948 15.3361 14.0714 20.7841 19.5174 13.2737 15.9806 15.7833 12.8891 12.8123 12.5713 12.1945 14.7561 13.0295 13.6636 39.1213 11.3789 17.6028 17.2102 16.109 14.1273 28.8244 11.2511 18.7242 27.9635 32.4249 34.6304 24.3223 19.917 17.7335 16.8368 22.1045 22.5182 18.7846 17.2848 18.5574 18.1666 14.8936 13.148 14.5792 16.2967 21.595
threshold=0.41608333333333342 8.8128235214355417 4.7628946521208926 52.500000000000007 0.67058333333333353 8.8000656294250152 36.500000000000007 63.500000000000007 0.49241666666666678 10.050000000000002 4.6368000000000009 2.0235902236652241 15.500000000000002 15.202428571428573 8.0790587122037785 0.7500003256003257 98.500000000000014 91.500000000000014 32.500000000000007 13.857006926406928 0.53008333333333346 7.6707902545301501 12.15 14.050000000000002 40.500000000000007 34.500000000000007 32.500000000000007 63.500000000000007 0.49775000000000008 25.384564285714287 13.850106926406928 25.110450000000004 35.500000000000007 0.78874792118975257 73.500000000000014 75.500000000000014 53.500000000000007 10.500000000000002 0.55275000000000019 65.500000000000014 39.500000000000007 28.063555555555556 10.050000000000002 1.0000000180025095e-35 7.2500000000000009 6.9500000000000011 1.933311904761905 1.0000000180025095e-35 4.5000000000000009 43.500000000000007 3.5000000000000004 0.51141666666666685 58.500000000000007 1.609792120181406 58.500000000000007 6.5445444016498415 1.5000000000000002 12.950000000000001 6.2550320426351096 1.1103295514147689 1.1237818007798654 25.281200000000002
decision_type=2 2 2 2 2 2 2 2 2 2 2 2 2 2 2 2 2 2 2 2 2 2 2 2 2 2 2 2 2 2 2 2 2 2 2 2 2 2 2 2 2 2 2 2 2 2 2 2 2 2 2 2 2 2 2 2 2 2 2 2 2 2
left_child=2 3 -1 4 8 11 30 -4 9 -2 -5 -6 16 15 42 -14 17 -12 19 -19 -20 36 -23 24 -24 26 -17 -28 -18 -26 -3 33 -33 34 -30 -36 -22 39 -39 -38 -40 -42 43 49 45 50 47 -47 -46 -15 54 -52 -53 -54 55 -45 -57 -44 -51 -60 -61 -62
right_child=1 6 7 10 5 -7 -8 -9 -10 -11 12 -13 13 14 -16 25 28 18 20 -21 21 22 23 -25 29 -27 27 -29 31 -31 -32 32 -34 -35 35 -37 37 38 40 -41 41 -43 57 44 48 46 -48 -49 -50 58 51 52 53 -55 -56 56 -58 -59 59 60 61 -63
leaf_value=0.044315729504728368 0.0066428444456317045 0.11401170132848717 0.024307845723430688 0.041834801778278113 -0.0091840782226181999 0.27535187695977159 -0.033862182776277637 -0.0013909502072392797 0.0018794548375719031 0.024564428129878232 0.00080320464483040963 0.14063146403255997 -0.0043178914216428933 0.026372629617395633 -0.020110328922753395 -0.024652907614194322 -0.071906234577952408 0.036534464323011072 0.006979401100106271 -0.055068967224054091 0.0045150014247734233 -0.030311966840299062 -0.039898415619378715 -0.04697277958284779 0.11236336022978444 -0.042101287469206938 0.099815433914363871 -0.015021852533717649 -0.018021834183703019 0.39002691914670123 -0.045150463494397788 0.057964003043789548 -0.018295492077634687 -0.05663922688972596 0.36650310627704613 -0.045241583615961978 0.083474634867646169 0.040135462397381111 0.19221948698674698 -0.026839693108567445 -0.005555698598199401 0.18011814888548561 0.016246477543689162 0.001780889647981689 -0.014551090010035839 0.079377497918768553 0.14831834567409372 -0.026578922578062783 0.087380423999715393 -0.04613722799504847 -0.0038171386462048972 0.13824698898422003 0.062055072328678497 -0.032270907850712731 -0.0069797281559425403 0.065869160689117384 -0.012042581050521365 -0.018834223092657268 -0.027648641031371018 0.084269776863498749 0.011670012537774345 -0.022782386672253779
leaf_weight=199.73627361468971 794.5780981015414 3.238207292277365 280.71979203727096 17.937064849305898 4.6475560551043582 1.7265983868855981 145.67075509484857 73.555360646918416 2015.2906391543802 151.39686691574752 3474.4188298382796 1.944932638434693 151.63133713812567 28.126747002825141 135.65855345549062 38.114595647668466 10.522065930068491 8.277381964260714 43.315961092710495 20.481681944802403 7.0006460957229129 9.7682273702230287 0.78282286971807424 1.9502056287601588 1.1185703738592563 77.772760290186852 5.7987755974754673 5.8965028852690011 7.9727236961480248 0.80552987498231221 1.8498001766856758 10.776808995055037 15.003978460794313 19.949290800141171 0.85210343566723201 1.3719312618486581 6.4846819415688497 7.6380317695438888 6.208740002475678 6.4861605567857623 4.0406541256234032 4.1088922936469316 182.47713440516964 63.185516662895679 191.60297336056828 10.923615591600543 8.1976458304561657 10.479203727096317 4.8045105738565317 30.525958400219679 25.1253921687603 6.8869054196402422 19.361276013311002 7.0933169689960769 187.71806482505053 28.797104921191931 9.9214078318327648 36.055871276184916 93.564245025161654 5.043701264075934 88.658583252225071 92.990268702851608
leaf_count=4141 2643 236 2835 135 711 66 80008 593 13969 606 27469 106 3214 78 16067 875 46 79 147 351 34 719 57 122 74 2357 64 125 162 47 651 160 485 739 25 120 27 54 39 75 71 38 2063 177 2566 106 37 152 47 101 73 49 251 101 2300 130 64 406 1225 51 887 1203
internal_value=0 0.000765302 0.0281163 0.00134603 0.00456282 0.0887195 -0.0307808 0.0189592 0.00432172 0.00951865 -0.000478267 0.0357087 -0.00062554 -0.00442835 -0.00193829 -0.0157067 0.000975836 0.00138889 0.0171768 -0.0284953 0.0304154 0.0482841 0.00340448 0.0743256 0.162057 -0.029189 -0.00888383 0.0418566 -0.0213132 0.244604 0.0554279 -0.011594 0.0134899 -0.0331847 0.0123215 0.119343 0.0635467 0.075176 0.10243 0.0281453 0.134716 0.0885011 0.000237489 -0.00219746 0.00329731 0.0112609 0.0614312 0.0273845 -0.011989 -0.0115183 0.00696373 0.0314199 0.0580553 0.0365487 0.0020003 0.0185821 0.0457963 0.0104297 -0.014971 -0.0115433 -0.00343454 -0.00594229
internal_weight=0 8354.03 554.011 8203.27 2969.58 8.31909 150.759 354.275 2961.27 945.975 5233.68 6.59249 5215.75 1546.41 1267.2 279.214 3669.34 3602.89 128.468 28.7591 99.7091 56.3932 14.4254 4.65713 2.70692 127.583 49.8099 11.6953 66.4489 1.9241 5.08801 55.9268 25.7808 30.146 10.1968 2.22403 41.9678 34.9672 21.9963 12.9708 14.3583 8.14955 1131.54 913.006 574.097 377.689 29.6005 21.4028 196.407 338.91 348.089 58.4669 33.3415 26.4546 289.622 101.904 38.7185 218.533 310.783 280.257 186.693 181.649
internal_count=172609 165040 7569 84145 18101 883 80895 3428 17218 3249 66044 817 65909 34769 28134 6635 31140 29403 1934 430 1504 1357 1019 300 178 3421 1064 189 1737 121 887 1691 645 1046 307 145 338 304 202 102 148 109 12067 9598 6053 3440 295 258 2613 3545 3145 474 401 352 2671 371 194 2469 3467 3366 2141 2090
is_linear=0
shrinkage=0.05


Tree=91
num_leaves=63
num_cat=0
split_feature=11 12 12 10 11 11 10 4 7 10 9 4 8 6 6 10 1 9 8 12 6 11 2 11 9 10 11 7 7 9 1 8 8 11 3 10 2 12 9 12 8 3 7 8 9 12 12 11 2 1 1 1 6 8 2 1 9 2 9 10 6 10
split_gain=144.885 57.2739 32.398 17.6995 16.7027 20.5076 15.9077 20.5445 17.8623 14.5461 14.2251 14.1487 21.4322 24.5633 22.5169 25.0627 20.2105 20.4134 16.8043 13.1793 12.705 17.4148 18.6345 12.3129 12.2285 22.451 20.208 12.1829 12.0667 12.0017 17.5068 18.5535 22.7352 15.9351 18.0397 30.8494 21.6522 18.7343 17.0888 18.5496 16.3319 20.6962 15.9336 14.3523 14.3463 12.8696 13.2906 14.7317 20.891 24.8878 14.2504 42.9137 12.6545 12.462 11.986 25.8228 21.5015 11.1772 10.8822 19.6302 10.437 13.0018
threshold=0.41608333333333342 8.914726863992346 4.7628946521208926 52.500000000000007 0.67358333333333353 0.67558333333333354 50.500000000000007 1.5000000000000002 16.500000000000004 63.500000000000007 84.500000000000014 1.5000000000000002 9.0500000000000025 24.500000000000004 36.500000000000007 53.500000000000007 2.1099451410658312 60.500000000000007 17.650000000000002 7.8083478394196755 25.500000000000004 0.55991666666666684 1.5565801985549299 0.56425000000000014 81.500000000000014 62.500000000000007 0.56208333333333349 10.500000000000002 5.5000000000000009 80.500000000000014 1.5876737855790539 12.15 12.250000000000002 0.53641666666666687 13.23195639524312 58.500000000000007 1.7875136363636368 8.4536963997068657 83.500000000000014 7.8274963763555814 11.350000000000003 13.30254518545709 15.500000000000002 9.0500000000000025 86.500000000000014 7.6083644784255631 8.1102401796651886 0.60725000000000018 1.0693632889413076 0.907095641085789 1.2222844444444447 1.2578231253023706 51.500000000000007 14.450000000000001 1.3817591719391722 1.3605451857666144 42.500000000000007 0.91190501253132838 82.500000000000014 55.500000000000007 65.500000000000014 49.500000000000007
decision_type=2 2 2 2 2 2 2 2 2 2 2 2 2 2 2 2 2 2 2 2 2 2 2 2 2 2 2 2 2 2 2 2 2 2 2 2 2 2 2 2 2 2 2 2 2 2 2 2 2 2 2 2 2 2 2 2 2 2 2 2 2 2
left_child=2 3 -1 4 10 -6 7 -7 -8 -4 28 12 -5 -14 24 -16 17 19 29 23 21 -12 27 -17 26 -26 -15 -23 -2 -13 31 33 52 44 36 37 -35 38 -36 -40 -37 -42 43 -38 -31 -34 -47 -48 -49 53 -51 -52 -33 -50 56 -56 -28 -39 59 -32 -30 -62
right_child=1 -3 9 11 5 6 8 -9 -10 -11 20 18 13 14 15 16 -18 -19 -20 -21 -22 22 -24 -25 25 -27 54 -29 60 30 58 32 45 34 35 40 42 57 39 -41 41 -43 -44 -45 -46 46 47 48 49 50 51 -53 -54 -55 55 -57 -58 -59 -60 -61 61 -63
leaf_value=0.044010257782022402 0.025644241150604898 -0.032849304046462129 0.023640241049528679 -0.017590030132643583 0.20070670443555916 0.244932084286138 0.26556690146942391 -0.049382440950946946 -0.038067547558273081 -0.00131977490319714 -0.010127801466879669 0.0014604418280232585 -0.07893198130724112 0.035702670100401554 0.069308184972678419 -0.00053017217984491856 0.088711708543818921 -0.035513854682659371 -0.057056885879224251 -0.052740702286159007 -0.0095824930883788521 0.09374588927249769 0.13635695549039761 0.05283225365858274 0.15541305864732005 -0.0085382987311508046 0.11690201999360134 -0.050315602038170197 0.005032615562295467 -0.0068238752041796628 0.087635490768025237 0.07033021956142009 0.084246727448169134 -0.02396973890479866 -0.054035952499673391 -0.021207649867400535 0.13522040282562484 0.061161380594800779 0.11231084058563692 -0.013065752222355571 0.17056241758989876 -0.047179335213241178 -0.049621928176155572 0 0.022942766512508907 -0.052896086042869939 0.26843104353252156 -0.04964245480091959 0.09154077612779371 -0.048231139688854265 0.38958598670205458 0.0030663278327258594 0.30495648039385859 0.34725053785233162 0.12062797704985284 -0.05582670931916589 -0.047113624390682757 0.24726422859476488 -0.038983707977090658 -0.025461851711930956 -0.046769871554573947 0.0273788767044045
leaf_weight=191.28152722585946 70.651666788384318 125.00871993100736 274.3813419053331 285.63879800483119 2.2012753356248123 0.56996126496233035 1.1477750672493128 4.9508177771931514 0.71261720650363702 73.649013746529818 13.848033480346205 4134.451948264963 8.9154974129050952 58.64880358800292 10.026189973345025 52.549142748117447 4.7082657881546757 66.800720389233902 12.59866459853947 9.3604996488429588 267.04282409325242 2.3941277752164734 5.6711825907696038 13.451502123847602 4.52669196622446 3.6871947892941535 2.0926639158278766 3.4426160515286028 2567.6591263539158 87.239899069070816 5.077139170374724 1.5061597621534013 6.2662925645709064 197.02754470321815 3.7096145339310231 43.830445271916687 4.9958488710690272 1.6587264307308935 7.91842990554869 4.5319482837803662 2.4970622337423256 1.7721032551489768 2.9855240976903579 3.220701398095116 75.089419782161713 7.0807015169411924 0.51741143129766243 6.6416948158293989 1.2515511054079973 3.7641720802057517 0.80756788700819004 3.5775855865795165 1.0162616148591039 0.89275547442957748 4.3262352235615236 3.7737146008294076 21.444426422473043 1.8730549032334236 58.919963314663619 14.676551192533223 20.310969491023574 8.1545783341862244
leaf_count=4141 274 75365 2835 3166 114 41 55 825 140 593 42 42985 151 139 55 174 63 2060 563 351 3877 13 53 93 68 175 11 116 13036 339 23 76 19 11122 67 2451 85 131 54 144 46 98 224 98 252 152 4 696 91 524 89 431 46 35 64 118 597 51 2300 380 171 57
internal_value=0 0.000724815 0.0274637 0.00123665 0.00432208 0.0699191 0.0280847 -0.014291 0.150701 0.0183451 0.00410562 -0.000508069 -0.00809569 0.00214861 0.00502837 -0.00670994 -0.011977 -0.0154069 0.000379345 0.00237327 -0.00635439 0.0273509 0.0725803 0.0103334 0.0237644 0.0819968 0.0183264 0.00851736 0.00525457 0.000536088 -0.006398 -0.00274158 0.0331479 -0.00548814 -0.0128036 0.00953858 -0.0201024 0.0621275 0.0383875 0.0665348 -0.0119716 0.0800237 0.0470866 0.0830014 0.00692028 0.0208579 0.00418793 0.0278016 0.0186237 0.0632056 0.0216356 0.0824615 0.17479 0.210959 -0.0137391 0.0381309 -0.0318867 0.165327 -0.0282246 0.00364984 0.00469679 -0.0253318
internal_weight=0 8341.11 539.312 8216.1 2968.76 9.58245 7.38117 5.52078 1.86039 348.03 2959.18 5247.35 549.95 264.312 255.396 156.896 146.87 142.162 4697.4 75.3611 292.399 25.356 11.5079 66.0006 98.4997 8.21389 90.2858 5.83674 2666.78 4684.8 550.346 471.672 33.3222 438.35 276.021 67.7914 208.23 19.6918 16.16 12.4504 48.0996 4.26917 11.2021 8.21655 162.329 30.7997 24.5334 17.4527 16.9353 10.2936 8.14933 4.38515 2.52242 2.14431 31.637 8.09995 23.5371 3.53178 78.6737 19.7537 2596.12 28.4655
internal_count=172609 165040 7569 89675 18814 1175 1061 866 195 3428 17639 70861 7285 4119 3968 2796 2741 2678 63576 618 4101 224 182 267 1172 243 929 129 13538 63013 20028 17325 2163 15162 14571 3042 11529 447 265 198 2595 144 407 183 591 2041 2022 1870 1866 1170 1044 520 122 126 790 182 608 182 2703 403 13264 228
is_linear=0
shrinkage=0.05


Tree=92
num_leaves=63
num_cat=0
split_feature=12 12 12 6 10 4 6 12 8 8 12 7 9 10 7 1 9 9 4 8 8 7 3 7 1 7 3 12 8 9 8 6 10 12 12 2 8 9 6 1 12 3 8 8 6 8 6 9 6 12 2 2 1 7 6 5 10 10 10 14 10 12
split_gain=134.86 55.2008 27.3083 18.2485 14.9213 21.0134 15.8192 17.2024 15.3666 17.0473 20.0779 21.2542 28.1625 19.77 45.8192 16.8504 19.0147 23.8053 19.5402 29.3183 22.4739 24.9196 20.6798 18.4865 35.119 17.6828 31.7792 15.8865 15.7659 20.5431 17.813 17.4606 15.3671 15.3619 18.5266 15.0385 14.501 19.0852 23.4738 26.9603 17.7973 17.7298 17.4647 15.9781 14.7303 14.2507 18.3659 41.6388 15.5669 13.9562 13.7003 17.3101 15.8937 16.5669 21.585 15.3096 16.8829 23.2503 13.6704 13.6653 13.6615 13.6354
threshold=4.908429448785566 8.914726863992346 5.5453885563561185 64.500000000000014 58.500000000000007 1.5000000000000002 44.500000000000007 6.2550320426351096 17.250000000000004 13.65 8.1402320704348394 10.500000000000002 89.500000000000014 89.500000000000014 9.5000000000000018 1.7157555890732363 58.500000000000007 87.500000000000014 3.5000000000000004 15.950000000000001 13.750000000000002 10.500000000000002 13.036193712795823 10.500000000000002 1.8113692307692311 7.5000000000000009 12.796971693193582 8.5589390246246442 14.250000000000002 52.500000000000007 15.050000000000002 57.500000000000007 80.500000000000014 8.2869027626632015 8.1102401796651886 2.3831925170068033 7.2500000000000009 83.500000000000014 61.500000000000007 1.503851127819549 7.5403774076715573 12.948917798757252 12.050000000000002 12.15 28.500000000000004 13.250000000000002 34.500000000000007 72.500000000000014 62.500000000000007 7.8456465816557683 0.80057179894179908 0.5135082415188299 0.95960977696193128 26.500000000000004 36.500000000000007 1.0000000180025095e-35 51.500000000000007 49.500000000000007 77.500000000000014 1.0000000180025095e-35 78.500000000000014 7.9147380664574873
decision_type=2 2 2 2 2 2 2 2 2 2 2 2 2 2 2 2 2 2 2 2 2 2 2 2 2 2 2 2 2 2 2 2 2 2 2 2 2 2 2 2 2 2 2 2 2 2 2 2 2 2 2 2 2 2 2 2 2 2 2 2 2 2
left_child=-1 2 3 58 6 36 7 -4 9 10 -7 12 13 27 -15 16 28 18 19 60 21 -20 -21 -17 -25 -19 -27 -12 29 -11 31 -30 59 34 61 -26 41 40 39 -39 44 -6 -42 -44 -38 -13 47 -47 -48 -45 51 -35 -52 54 -54 56 57 -56 -2 -32 -18 -9
right_child=1 -3 4 -5 5 8 -8 33 -10 15 11 45 -14 14 -16 23 17 25 20 22 -22 -23 -24 24 35 26 -28 -29 30 -31 32 -33 -34 50 -36 -37 37 38 -40 -41 42 -43 43 49 -46 46 48 -49 -50 -51 52 -53 53 -55 55 -57 -58 -59 -60 -61 -62 -63
leaf_value=0.040969129993501691 0.017521101602117402 -0.032259448818090876 0.014162253585667257 -0.069082062080927389 -0.060783293045051735 0.00028027311241002139 -0.00075311752512244074 0.0026040406781650894 -0.055204894103397954 0.016765157496183875 -0.00026941249629259932 -0.026727408419341112 -0.048658448067094538 -0.039843024327007211 0.43198235504603349 -0.00042581664462036878 -0.020905218340133563 0.029093505950676293 0.18574578166621564 0.01645728499602955 -0.040542419051604779 -0.047868562831864553 0.21175877117041708 0.2522919499742069 0.076350759450658473 -0.032856598247941925 0.47565925967139266 0.18419346720430252 -0.046408716160937162 0.082635972716374489 0.067335576998395444 0.059952773454164665 -0.043117411780438958 0.0483781418645245 -0.027211345418560802 -0.050738069741921611 -0.041887274079581364 -0.015617745708185846 0.25195784008208116 0.12762083640258273 -0.048430031462184678 -0.015991345701630234 0.13263043018093348 0.039122974426239347 0.0056175891403550948 -0.045309546261586439 -0.04889646498465814 0.31055800593826255 0.18276571324118784 -0.033022794367202152 0.073273366928218592 -0.039939031460032859 -0.029350125557249543 0.16037150718838211 0.034599243703284453 -0.0060974257928737676 -0.043530167463285113 0.26638434246837972 -0.020020175020923715 0.0089575206616815516 0.061161945326394532 0.021864435061588958
leaf_weight=219.09040932543576 400.34838449954987 121.03332002507523 483.1889706812799 6.3957026265561572 27.192608114331961 3210.7581156126689 1540.5780009255977 1790.9368446646258 12.394228101475163 30.190382388653234 3.8619847516529244 141.66734789998736 4.6892771029379219 0.82275876286439564 1.1384474255610257 10.929418669547887 24.016169771552089 2.00347595103085 2.3117798482999197 2.6436023572459808 52.249037157278508 2.0552405326161534 2.8607835560105741 2.5014829861465868 11.452609721571205 0.4666591827990485 0.65886651072651148 1.5400513138156382 21.031358383828778 19.711900949245319 18.982192323310301 4.5945123163983217 6.9925147311296305 8.9645315355155635 49.965160832274705 2.7908437415026119 18.115613378584385 10.296074309153484 1.2020372275728721 4.6810713671147814 44.622788861626759 120.12158437701873 2.0171863404102615 9.8083745092153567 156.31002213992178 1.5585238912608459 4.8898954191245139 1.543366325786337 0.74520339467562724 20.465522824088112 21.52582844439894 14.157788439420981 16.467154938960455 1.7580443900078524 2.0978768109343928 4.3614501708652824 1.1987163270823655 2.3502760138362646 25.608639858663082 21.674283952685073 6.3130894717760375 96.873351896181703
leaf_count=4787 3208 75365 1745 42 357 26212 12589 7052 599 185 159 20016 529 82 65 124 764 61 18 118 2386 140 62 99 232 99 53 26 321 166 142 59 191 243 1265 228 76 677 45 86 2057 1235 45 78 627 128 599 95 63 1006 1184 736 1262 80 122 449 146 23 147 263 312 1279
internal_value=0 0.00125379 0.00173119 0.0139735 0.00107544 -0.0010688 0.0032275 0.00568848 0.000147606 0.000340043 -0.000586146 -0.0177302 0.0457685 0.10642 0.239288 0.0130334 0.00834391 -0.00834876 -0.0130453 0.0157292 -0.0313412 0.0760708 0.12082 0.0497585 0.0826188 0.124974 0.275264 0.0538018 0.0213333 0.042998 0.00647242 -0.0269857 0.0245899 0.00364902 0.00279784 0.0509204 -0.0117285 -0.00476463 0.0476596 0.029369 -0.00817677 -0.024329 -0.0281976 -2.10741e-05 0.000633975 -0.0228789 0.0385538 0.134362 -0.0147363 -0.00943198 0.0261769 -0.00542224 0.0409422 0.0159441 0.00559822 0.0633165 0.116973 0.161331 0.0152482 0.0364348 -0.00351362 0.00359615
internal_weight=0 8634.68 8513.65 432.353 8081.3 4046.87 4034.42 2493.85 3632.04 3619.65 3373.21 162.457 12.0525 7.36324 1.96121 246.43 218.756 95.5787 92.4497 35.8336 56.6161 4.36702 5.50439 27.6744 16.7449 3.129 1.12553 5.40204 123.177 49.9023 73.2749 25.6259 47.649 2010.66 1937.78 14.2435 414.833 267.519 16.1792 14.9771 251.34 147.314 76.9139 32.2911 174.426 150.404 8.73699 3.10189 5.6351 30.2739 72.8817 23.1223 49.7593 28.2335 26.4755 10.0083 5.64687 4.44815 425.957 40.6565 30.3293 1887.81
internal_count=172609 167822 92457 3397 89060 60885 28175 15586 54596 53997 47974 21762 861 332 147 6023 5340 4013 3800 1256 2544 158 180 683 559 213 152 185 1327 351 976 380 596 13841 9596 460 6289 4697 808 763 3889 1592 3186 1129 703 20901 885 223 662 1084 4245 979 3266 2082 2002 740 291 145 3355 405 1076 8331
is_linear=0
shrinkage=0.05


Tree=93
num_leaves=63
num_cat=0
split_feature=12 12 12 6 8 8 8 1 2 10 4 6 6 8 10 6 12 12 12 12 12 9 12 15 1 1 8 12 8 8 9 9 2 1 9 12 10 6 10 8 8 9 6 10 8 3 6 12 12 6 10 9 4 8 8 10 8 8 4 5 3 2
split_gain=127.395 51.7369 24.7087 15.9364 13.7341 12.5233 17.7086 28.7561 47.5758 12.4469 19.1564 14.6328 19.6101 19.8841 15.6359 13.8524 16.2058 15.1536 15.664 14.8242 20.7814 16.7742 21.6533 16.6767 14.3423 19.7142 13.5606 23.5732 13.2034 13.6896 17.9597 17.798 24.1168 35.421 12.9116 26.141 12.8714 17.1017 21.3735 12.8653 20.2655 18.5088 14.5082 12.7857 12.6882 12.4521 15.6788 12.4128 19.612 58.2251 12.2639 12.2334 12.1072 27.1182 19.0425 11.9083 20.3682 25.7336 19.6168 16.2127 14.6993 16.8323
threshold=4.908429448785566 8.7248440507087164 5.5453885563561185 64.500000000000014 7.6500000000000012 13.250000000000002 13.350000000000003 1.0989505494505496 1.3640818713450293 58.500000000000007 1.5000000000000002 28.500000000000004 40.500000000000007 6.0500000000000007 73.500000000000014 44.500000000000007 6.6027716251858601 8.2869027626632015 8.1102401796651886 7.6707902545301501 7.2848102876857732 82.500000000000014 7.3659974430280668 1.0000000180025095e-35 1.5239852988175138 0.63500001984623156 9.7500000000000018 7.5175940773221432 17.250000000000004 13.65 87.500000000000014 58.500000000000007 1.9728751927437644 1.814265742194314 89.500000000000014 6.6027716251858601 34.500000000000007 28.500000000000004 56.500000000000007 14.250000000000002 15.050000000000002 52.500000000000007 57.500000000000007 23.500000000000004 10.050000000000002 12.814731255560659 25.500000000000004 9.7442300108606883 9.727479788668516 32.500000000000007 77.500000000000014 81.500000000000014 3.5000000000000004 16.350000000000005 13.750000000000002 73.500000000000014 4.7500000000000009 4.4500000000000011 5.5000000000000009 1.0000000180025095e-35 12.932835152942593 1.5415966666666669
decision_type=2 2 2 2 2 2 2 2 2 2 2 2 2 2 2 2 2 2 2 2 2 2 2 2 2 2 2 2 2 2 2 2 2 2 2 2 2 2 2 2 2 2 2 2 2 2 2 2 2 2 2 2 2 2 2 2 2 2 2 2 2 2
left_child=-1 2 3 4 50 -3 7 -7 -9 15 11 -11 14 -14 51 16 44 18 19 20 -18 -22 -23 24 25 -24 -16 -28 29 34 31 39 52 -34 -12 -36 43 -38 -39 41 42 -31 -41 -21 -4 46 -20 48 -8 -50 -2 -13 53 -33 -54 56 57 59 -58 -37 -60 -62
right_child=1 5 9 -5 -6 6 47 8 -10 10 28 12 13 -15 26 -17 17 -19 45 36 21 22 23 -25 -26 -27 27 -29 -30 30 -32 32 33 -35 35 55 37 38 -40 40 -42 -43 -44 -45 -46 -47 -48 -49 49 -51 -52 -53 54 -55 -56 -57 58 -59 60 -61 61 -63
leaf_value=0.040552313754230518 0.013013675220603833 -0.042099173966077548 0.0078491421615831808 -0.061900911614451964 0.033818736978061495 -0.042347035379073993 -0.0071078513658896225 0.60466367618575956 -0.033828922970838685 -0.038401654262951536 0.00021213733557601483 0.0094796534090500571 -0.046788767319231969 -0.0094937472655400399 -0.035426255243921796 -0.0006566046483476247 0.0040550877451471555 0.025935844327911357 0.10047831867154332 0.035374163407656839 -0.015724112645201786 -0.048032234503878606 0.059852894116158739 0.081895833869952916 0.056849777655432324 -0.032065123346836387 0.060367421449303751 -0.052018286684570349 -0.055455280994334166 0.017217614213406406 0.13186555922913998 -0.0049905690412051602 0.20846453977982349 0.011190271786710173 0.044266606246537221 -0.060603647057137403 -0.0092431681906546739 0.029128504006623653 -0.026397173669523696 -0.040744441313577753 0.027550693714034347 0.077261721258322383 0.053311864720457736 -0.04201675776117917 0.022972019508010949 -0.042890850373457974 -0.017789197020284468 -0.043301963426661864 1.0083246039296183 -0.030866210720764526 -0.023679482738573333 0.064091819302798669 0.065323601051012273 0.15812310641473082 -0.039344947304689022 -0.052510926558964048 -0.054390345326248202 0.14287487653330827 -0.027757469143058579 0.041028782212931686 0.0020477779368939719 0.17522270459146555
leaf_weight=210.49474243447185 318.86320578493178 72.734333805274218 710.53704704716802 6.7817054055631152 76.851993557065725 1.1867900671204545 57.937812096206471 0.50817121146246769 0.5147773950593546 43.90380610874854 3242.6209742906503 104.58140853280202 47.662226065294817 144.44062098651193 36.118416129145771 1534.8115723209921 873.13410952687263 65.374455597950146 3.6454328508116296 7.2778718750923899 280.59088150411844 11.864350177347658 7.8887103889137533 10.698417771607636 12.379591114819048 21.413860048167408 11.799008272588255 7.5465657124295822 10.486351180588825 32.87348112440668 2.993685496505349 30.963388934265822 2.9160334498155853 9.5744085868354869 14.830323182046412 6.5337108827661785 50.205024195834994 170.53909367881715 19.118164774496108 23.586648110067475 54.215405483730137 21.346535485703498 4.8275861232541493 18.843349524773657 173.04369648173451 34.303233312442899 10.910337219946085 30.958343899459578 0.088972932659088566 0.42116262123454362 24.342430992051959 11.338432590942828 4.6501237887423477 2.6724167685024431 48.382851768750697 30.623177180765197 31.839995383284986 3.7889149836264542 7.528191368095575 9.5046365913003665 3.322270569158718 2.4103542654775083
leaf_count=4787 2442 36315 2149 42 776 679 21562 53 315 598 37221 674 521 2522 552 11550 2519 3046 60 46 1555 101 53 64 67 254 27 320 371 190 112 793 58 290 33 130 549 1652 300 322 564 157 60 194 573 815 390 26334 73 342 137 181 121 56 1661 2504 1892 53 487 166 146 33
internal_value=0 0.00119003 0.00173092 0.0134528 0.0146957 -0.0265841 -0.0141797 0.122287 0.304504 0.00110677 -0.000862858 -0.0111386 -0.0078222 -0.0187925 0.00444894 0.00307434 0.00538363 0.00237511 0.00136536 0.00228637 -4.52669e-05 -0.0104401 0.0125486 0.0264309 0.0119133 -0.0070299 -0.0173229 0.0162274 0.000298068 0.000463763 0.0120233 0.0104267 -0.00566099 0.0589332 -0.000359042 -0.0171685 0.012978 0.01662 0.023494 0.0221158 0.00959785 0.0410479 -0.024458 -0.0202108 0.0108188 -0.026453 0.0119727 -0.0177412 -0.00406614 0.277741 0.0103904 0.0149152 -0.0150849 0.00825115 -0.0299675 -0.0267924 -0.0145233 0.0274833 -0.0331208 -0.000183447 0.0175992 0.0774744
internal_weight=0 8617.65 8453.3 426.839 420.058 164.35 91.616 2.20974 1.02295 8026.46 4009.88 407.39 363.487 192.103 171.384 4016.58 2481.77 1598.19 1532.81 1483.95 1217.97 344.836 64.2449 52.3806 41.6822 29.3026 55.464 19.3456 3602.49 3592.01 239.003 236.009 99.1592 12.4904 3353 110.382 265.984 239.862 189.657 136.85 82.6296 54.22 28.4142 26.1212 883.581 48.859 14.5558 89.4063 58.4479 0.510136 343.206 115.92 86.6688 33.6358 53.033 95.5513 64.9281 19.8273 45.1008 16.0383 13.2608 5.73262
internal_count=172609 167822 82149 3397 3355 85673 49358 1047 368 78752 52815 5395 4797 3043 1754 25937 14387 11665 8619 7354 4613 2094 539 438 374 307 899 347 47420 47049 4384 4272 2979 348 42665 5444 2741 2501 1952 1293 946 347 382 240 2722 1265 450 48311 21977 415 2579 855 2631 849 1782 5411 2907 349 2558 296 666 179
is_linear=0
shrinkage=0.05


Tree=94
num_leaves=63
num_cat=0
split_feature=12 12 11 10 9 10 6 10 8 10 12 10 6 4 2 2 9 9 2 5 2 4 6 8 5 10 11 8 8 8 5 10 8 11 6 10 6 11 11 1 6 1 2 6 10 1 6 9 9 1 11 6 11 11 14 5 8 9 2 8 4 6
split_gain=120.27 48.1129 26.6203 17.0258 12.4887 13.6497 17.1189 13.3788 16.2937 17.4212 28.3085 14.7539 29.8989 64.3429 23.3467 31.6903 13.8896 24.5019 21.1805 27.4342 12.8305 12.742 20.9131 16.9153 16.1704 14.3941 21.0403 14.1451 12.621 12.4192 12.3792 11.6272 11.3834 11.2924 11.9323 11.6782 11.4808 11.0108 12.2767 12.969 19.398 14.6487 16.0419 15.6772 14.3554 14.025 13.5157 12.5264 23.8806 12.3538 15.6312 20.9847 20.3315 14.2962 18.9593 17.9173 12.1134 16.3993 12.9971 11.9168 12.7963 11.6225
threshold=4.908429448785566 8.914726863992346 0.42541666666666672 78.500000000000014 80.500000000000014 50.500000000000007 65.500000000000014 79.500000000000014 10.950000000000001 89.500000000000014 8.4137327396578616 76.500000000000014 61.500000000000007 2.5000000000000004 1.3750178040066932 1.3000125000000002 83.500000000000014 89.500000000000014 0.97500904977375569 2.5000000000000004 0.66391209887463776 1.5000000000000002 23.500000000000004 8.8500000000000032 3.5000000000000004 53.500000000000007 0.55025000000000024 11.950000000000001 2.6500000000000008 4.3500000000000005 1.5000000000000002 63.500000000000007 13.350000000000003 0.57591666666666685 42.500000000000007 57.500000000000007 44.500000000000007 0.61991666666666689 0.5192500000000001 1.4854006526287231 32.500000000000007 0.907095641085789 0.83851908939014208 62.500000000000007 42.500000000000007 0.29890344416154752 54.500000000000007 76.500000000000014 77.500000000000014 1.4150800000000003 0.60175000000000023 52.500000000000007 0.60458333333333347 0.57591666666666685 1.0000000180025095e-35 1.0000000180025095e-35 11.15 63.500000000000007 0.98358402777777787 3.4500000000000006 2.5000000000000004 46.500000000000007
decision_type=2 2 2 2 2 2 2 2 2 2 2 2 2 2 2 2 2 2 2 2 2 2 2 2 2 2 2 2 2 2 2 2 2 2 2 2 2 2 2 2 2 2 2 2 2 2 2 2 2 2 2 2 2 2 2 2 2 2 2 2 2 2
left_child=-1 2 3 29 5 6 37 11 -9 -10 -11 20 14 -14 15 16 -13 18 19 -18 28 22 -7 24 -24 -25 -27 -28 -6 -2 -29 -26 33 -32 35 -35 -36 38 59 41 -41 42 45 44 56 -40 -46 49 -49 50 53 52 -52 -43 55 -55 -44 -58 -59 60 -4 -47
right_child=1 -3 4 -5 7 21 -8 8 9 10 -12 12 13 -15 -16 -17 17 -19 -20 -21 -22 -23 23 25 31 26 27 30 -30 -31 32 -33 -34 34 36 -37 -38 -39 39 40 -42 47 43 -45 46 61 -48 48 -50 -51 51 -53 -54 54 -56 -57 57 58 -60 -61 -62 -63
leaf_value=0.040124516164255983 0.0060788867776034794 -0.031124789850294661 0.019599627110513426 -0.028397470584308106 -0.080747036974003247 -0.076097856176458659 -0.037752764412739781 -0.032616853402651275 -0.013592193923682223 0.25672788431071125 -0.042978226907851552 -0.053278570448888868 0.36801002370055919 -0.051764650414182906 -0.047820436265070161 0.22876676496704282 0.057541601499897246 -0.050772271167173436 -0.0010523231201465227 0.28719149416568457 -0.0018091509568190682 0.0011055241333496671 -0.02160096203860927 0.03377803078533767 0.03808349820522125 0.01273848764650406 -0.035300758764546823 -0.022634931190697819 -0.015566586827215271 0.023926228733505618 -0.013907069094145588 -0.013955029065764922 -0.0088167900628877156 0.10962721279621442 0.2334112518863638 -0.049081001508011375 0.07259533700470959 0.025711749673620932 -0.052744250751149073 0.0066009315954121796 -0.02811290187975142 0.0048857796099907279 -0.059638117274862637 0.04253866520598585 0.0022758697655260334 0.015716160082585674 -0.062894552731122155 0.083661085000206248 0.010279681816833015 0.033047576089571686 0.085507242359951108 0.11523701932461419 -0.025172524102190588 0.041206439697042671 -0.060903103717457822 -0.046319536505200348 -0.055162161486446232 0.027141270533066714 -0.038789143179506651 0.0096702435012625751 -0.027422409320741355 -0.0090812871003069767
leaf_weight=202.31121545936912 173.02372789569199 113.96328523720149 21.174552477896214 22.440806226804852 8.1255548030603659 10.7121946264524 23.000167542137206 67.157986964448355 5.2678691868204606 1.7959571750834586 1.2623202374670652 4.3314205765491449 1.7884690950158977 1.6901402737712485 10.048779795877634 2.0132745690643779 3.2506137043237668 4.0934015861712387 3.4312896932242438 2.229906237218529 871.46381256193854 4352.7375207948498 193.47022745956201 33.079477876541205 21.593799505848438 121.42360719293356 55.004275320679881 26.42327804362867 83.417271583690308 226.08565946295857 3.7305005043745068 20.990576882613823 11.83691395819187 2.0807174565270525 1.9489718072582034 2.3399868630804121 3.0217823104467243 65.319793292903341 9.7520596198737604 73.678211908787489 88.00510426890105 191.15230618044734 28.578518094494939 11.215116696432231 79.435214191675186 155.1782153621316 8.7281999271363002 16.216393040493131 35.314633687958121 39.128766153007746 6.1601750999689164 6.7384140137583008 12.128747779875992 13.713048681616785 21.0512586068362 10.023485660552977 19.234982181340456 20.417832965031266 11.642182646319268 1052.3865778408945 44.654319636523724 67.569999474100769
leaf_count=4787 1222 75365 55 132 67 126 187 5211 606 47 279 176 18 113 535 58 91 344 135 56 18863 44830 1561 186 74 341 1582 683 1912 2104 20 196 342 9 21 96 106 2276 77 230 483 613 208 47 427 709 90 65 211 106 26 70 124 62 197 70 88 88 76 3147 145 438
internal_value=0 0.00113045 0.00156463 0.0138126 0.000923524 0.0016943 0.00503023 -0.00410178 -0.0243902 0.0409717 0.133996 -0.00255668 0.030313 0.166911 0.0134695 0.0456378 0.0228946 0.0488588 0.095232 0.155349 -0.00368709 0.000230182 -0.00726406 -0.00575519 -0.0154536 0.00300342 -0.00145617 -0.0177009 -0.0214885 0.016205 0.00107455 0.0123431 0.0263648 0.0583059 0.0873616 0.0252857 0.139995 0.00550104 0.00485126 0.00058418 -0.0122688 0.00331423 -0.00307678 -0.0143204 -0.018168 0.00557268 -0.00418332 0.010811 0.0335864 0.00687359 0.00291883 0.0404142 0.0120976 -0.00105274 -0.0264639 0.00399686 -0.0335171 -0.018779 0.00299785 0.00837644 -0.0122146 0.00817079
internal_weight=0 8598.87 8484.91 421.55 8063.36 6991.99 2131.6 1071.37 75.4841 8.32615 3.05828 995.884 32.8773 3.47861 29.3987 19.3499 17.3366 13.0052 8.91181 5.48052 963.007 4860.39 507.656 496.944 236.055 260.89 227.81 106.386 91.5428 399.109 51.3822 42.5844 24.9589 13.122 9.39146 4.4207 4.97075 2108.6 2043.28 925.063 161.683 763.38 411.752 179.252 168.037 232.5 88.1634 351.627 51.531 300.096 260.967 25.0273 18.2889 235.94 44.7878 23.7365 79.8735 51.295 32.06 1118.22 65.8289 222.748
internal_count=172609 167822 92457 3458 88999 60488 10315 28511 6143 932 326 22368 1526 131 1395 860 802 626 282 147 20842 50173 5343 5217 1831 3386 3200 2859 1979 3326 1277 270 594 252 232 105 127 10128 7852 4505 713 3792 2248 1024 977 1224 517 1544 276 1268 1162 220 150 942 329 132 460 252 164 3347 200 1147
is_linear=0
shrinkage=0.05


Tree=95
num_leaves=63
num_cat=0
split_feature=12 12 11 6 8 1 9 3 2 14 9 5 0 2 11 11 6 11 11 11 6 0 1 1 11 11 11 12 12 8 11 11 1 8 0 11 11 3 6 11 6 2 9 9 0 0 0 12 11 0 12 3 9 11 8 8 5 1 9 6 8 2
split_gain=112.986 42.1621 21.1599 39.8166 24.5294 18.7465 16.5248 15.1044 15.3272 12.8297 13.1405 14.2563 16.1493 25.4895 23.9839 17.1898 15.7124 25.9045 27.7975 20.0696 14.4624 14.2732 12.8395 45.1434 15.9824 13.9289 13.1539 12.8147 15.0825 12.5545 18.2423 34.5902 50.9061 24.3479 35.3719 29.6215 27.4794 25.5411 15.6789 12.5034 12.4517 15.3647 12.8305 12.2974 12.0094 11.8723 28.5798 15.5513 14.3638 11.6486 24.7745 15.8024 12.6414 11.9686 11.2547 15.7912 17.207 17.5298 14.7008 10.9351 17.3706 16.6579
threshold=4.908429448785566 8.8774594054781222 0.45141666666666674 65.500000000000014 6.3500000000000005 1.2422462175505655 80.500000000000014 12.766315898521109 0.84816059387249909 1.0000000180025095e-35 83.500000000000014 2.5000000000000004 24.460088888888894 1.030439761156035 0.56425000000000014 0.56641666666666679 44.500000000000007 0.6375833333333335 0.64075000000000015 0.60458333333333347 61.500000000000007 5.415466666666668 0.54431490352482548 0.6047625143247265 0.58791666666666687 0.60175000000000023 0.59125000000000016 6.3349755174535272 6.6027716251858601 15.350000000000003 0.73925000000000018 0.73808333333333354 1.269809027777778 15.850000000000003 15.239797713666379 0.68258333333333354 0.68658333333333355 13.171405383378728 64.500000000000014 0.5704166666666669 54.500000000000007 0.88241250626566425 84.500000000000014 94.500000000000014 10.88558112606745 19.536171930171935 20.053820118663957 8.6369767238099744 0.67458333333333353 28.558364285714291 7.650477975332346 12.814731255560659 89.500000000000014 0.60725000000000018 15.050000000000002 14.450000000000001 1.5000000000000002 1.7853571428571431 50.500000000000007 33.500000000000007 8.4500000000000011 1.00094119425548
decision_type=2 2 2 2 2 2 2 2 2 2 2 2 2 2 2 2 2 2 2 2 2 2 2 2 2 2 2 2 2 2 2 2 2 2 2 2 2 2 2 2 2 2 2 2 2 2 2 2 2 2 2 2 2 2 2 2 2 2 2 2 2 2
left_child=-1 2 3 4 5 7 54 -2 -9 10 59 16 21 -14 -15 -16 19 20 -19 22 27 -13 44 -24 43 26 -26 -18 -29 -3 31 33 -33 34 35 -31 -37 -38 -35 -22 -20 -42 -43 -25 -12 -21 -47 -48 -49 50 -17 52 -52 -53 55 -4 57 58 -57 60 61 -8
right_child=1 29 6 -5 -6 -7 9 8 -10 -11 11 12 13 14 15 49 17 18 40 45 39 -23 23 24 25 -27 -28 28 -30 30 -32 32 -34 38 -36 36 37 -39 -40 -41 41 42 -44 -45 -46 46 47 48 -50 -51 51 53 -54 -55 -56 56 -58 -59 -60 -61 -62 -63
leaf_value=0.038656806942971987 -0.02208263957618373 -0.042010685885242767 0.00047276759270679269 -0.086528144491029857 0.020309890484444058 0.015809151014574859 0.079026028150033678 -0.010987620402255149 0.01103461531569312 -0.011015071962435157 0.023525796961533934 0.09611283593916814 0.10665418917307828 -0.055801971309915516 0.19483605649607813 -0.05281622759590248 -0.127644321999488 0.23163159306405867 -0.047490348886305267 -0.050819241172025242 0.069693095267265956 -0.028983635135927791 0.15677564152695544 0.0097647756760990967 0.10308925476309821 0.14942656996044537 -0.013042122563738563 0.043150064078558481 -0.032294764954063887 -0.038753161096722749 -0.040225799613257715 -0.015171314467645658 1.1552851760317768 -0.024226300119584154 -0.045229632165137174 0.62369436847442772 0.35312909213256566 -0.03704085429206825 0.20677399753530146 -0.048362938130366823 0.2089513036640529 0.1792558233020618 -0.046165201006443529 0.061110751905644661 -0.070429212327448573 0.2296803223275834 -0.026631565630053446 0.20719881478546182 -0.039965289166546604 -0.015662237917859794 0.39292251530685324 0.19749999077754291 0.11481831601617765 -0.0437757339290029 0.0099059582499689477 0.029426425209184683 -0.041982478543907416 0.063839965058569065 -0.028217561773764784 -0.025037130035956465 -0.035664907430390372 0
leaf_weight=194.49725944083184 83.408734388649464 74.687808590824716 6074.2610301203094 10.966833867132662 308.53133683651686 192.44004997983575 10.55318062589504 136.21390254609287 187.64382671937346 592.26284974440932 8.9325450402684492 2.2520041475072494 6.4108103106264016 12.265745598822834 1.4481430910527731 2.381729933433232 2.9195673316717139 2.006122107151894 3.2472783789271489 12.423229884472677 7.7207646146416646 63.692631122888997 7.4322244254872194 60.925788410007954 4.5036166151985508 4.5507685896009198 5.0032142791897058 7.63104423880577 44.78986604954116 0.71898673509713917 21.254213581676595 0.18679578509181638 0.065931365359574556 15.134878923185166 1.9361097975634036 0.49114342662505839 0.88319008226972051 0.66433248354587704 0.66943746956531036 3.0121993762440979 1.423359408508986 0.75392014509998295 2.2890602067345753 14.452716462314127 5.3253985750488928 1.2998934311326618 13.512377340812234 1.3933175753336393 0.87474823812954117 9.3643369862111285 0.80019791238009963 0.69893663097173009 1.1023988367523996 1.3084707774687556 309.25888669490814 15.120499008335171 45.88418857823126 8.663697205251081 39.936101813567802 77.432163783698343 15.761469466844572 17.635061705252156
leaf_count=4787 429 49611 50931 57 2303 989 89 751 974 16526 87 27 89 76 7 42 14 82 558 1049 39 1898 52 325 33 42 117 17 1118 127 19382 163 46 6238 1025 28 93 384 145 168 118 43 445 69 78 31 731 60 244 521 49 13 90 130 4679 91 865 97 776 1818 390 153
internal_value=0 0.000126435 0.000539679 0.00770081 0.00885352 0.00294881 -0.000334514 -0.00311802 0.00175614 -0.00621245 0.000248694 0.00559998 -0.00980392 0.0171289 -0.00253847 0.0354695 0.0128646 -0.00542918 0.0702633 0.0227565 -0.0167288 -0.0244968 0.0324965 0.0390238 0.0290185 0.0779069 0.0419521 -0.0270839 -0.0211556 -0.0297088 -0.00766856 0.0254717 0.516963 0.0166889 0.115513 0.227752 0.321497 0.190517 -0.0128886 0.0359586 0.0252282 0.0790757 0.01202 0.0197438 -0.0114646 -0.0137468 0.0130653 -0.00579715 0.112099 0.0192681 0.0714709 0.147855 0.248061 0.0432442 0.000598834 0.000132418 -0.0186674 -0.0017606 -0.0122712 -0.0137292 0.00609152 0.0296599
internal_weight=0 8560.82 8444.12 919.205 908.238 599.707 7524.92 407.266 323.858 1031.79 439.53 318.148 101.725 35.7808 29.37 17.1042 216.423 75.7932 9.71974 140.63 66.0734 65.9446 111.126 96.8683 89.4361 14.0576 9.50683 55.3405 52.4209 116.693 42.005 20.7508 0.252727 20.4981 4.69376 2.75765 2.03867 1.54752 15.8043 10.733 7.71362 4.46634 3.04298 75.3785 14.2579 29.5036 17.0803 15.7804 2.26807 15.6561 6.29173 3.91 1.9026 2.00741 6493.12 6183.87 109.604 63.7203 55.0566 121.382 43.9497 28.1882
internal_count=172409 167622 90380 5503 5446 3143 84877 2154 1725 27438 10912 8462 2942 1017 928 852 5520 2602 1246 2918 1356 1925 803 638 586 192 150 1149 1135 77242 27631 8249 209 8040 1657 632 505 477 6383 207 1164 606 488 394 165 2115 1066 1035 304 845 324 282 139 143 57439 52760 1829 964 867 2450 632 242
is_linear=0
shrinkage=0.05


Tree=96
num_leaves=63
num_cat=0
split_feature=11 11 11 6 1 3 10 8 9 11 10 1 14 10 10 6 7 11 3 1 6 5 8 10 6 10 7 6 8 10 1 9 1 8 6 11 1 0 1 9 7 8 7 6 0 13 8 11 1 1 5 7 6 6 0 9 8 10 8 10 10 9
split_gain=102.654 38.5859 19.4882 22.792 21.097 42.7001 24.2091 16.6032 14.0848 13.3867 13.1417 12.4436 12.3324 16.7423 23.5072 27.8485 17.4345 24.1804 17.0194 16.8276 16.074 19.7418 14.0605 19.5763 12.7122 17.1104 11.6503 13.7019 11.4108 41.4759 12.652 10.5164 13.3426 10.3313 10.3894 13.9605 19.2755 11.8194 17.0695 15.0228 12.4961 14.4994 10.1621 9.95935 21.5261 9.56313 21.6709 17.9193 20.0304 35.9694 18.4773 16.3352 15.8388 17.0667 18.0927 14.7844 13.0991 11.1444 11.0145 10.4334 19.8576 12.0478
threshold=0.37741666666666679 0.69058333333333355 0.50291666666666679 43.500000000000007 0.75188798494715547 12.884423105034719 57.500000000000007 10.65 80.500000000000014 0.44291666666666679 16.500000000000004 0.25341918608926334 1.0000000180025095e-35 79.500000000000014 76.500000000000014 58.500000000000007 16.500000000000004 0.57591666666666685 13.488589439464127 0.60019888175916558 53.500000000000007 1.5000000000000002 13.050000000000002 66.500000000000014 59.500000000000007 51.500000000000007 7.5000000000000009 38.500000000000007 10.850000000000003 68.500000000000014 0.44819630252100845 83.500000000000014 2.4338090909090915 1.5500000000000003 36.500000000000007 0.58958333333333346 0.95222124542124542 28.206272442680781 1.0366679437342705 89.500000000000014 16.500000000000004 8.5500000000000025 19.500000000000004 56.500000000000007 28.558364285714291 1.0000000180025095e-35 5.8500000000000005 0.6375833333333335 1.2375500000000004 1.3187406593406596 1.0000000180025095e-35 8.5000000000000018 27.500000000000004 44.500000000000007 12.955950000000003 95.500000000000014 5.1500000000000012 52.500000000000007 7.1500000000000012 54.500000000000007 56.500000000000007 86.500000000000014
decision_type=2 2 2 2 2 2 2 2 2 2 2 2 2 2 2 2 2 2 2 2 2 2 2 2 2 2 2 2 2 2 2 2 2 2 2 2 2 2 2 2 2 2 2 2 2 2 2 2 2 2 2 2 2 2 2 2 2 2 2 2 2 2
left_child=-1 2 3 4 5 6 -2 9 10 -6 -4 -5 13 14 20 16 18 -18 -16 -20 21 45 -14 24 -24 -26 -23 33 -29 30 -30 -25 -33 -28 37 -36 -37 38 40 -39 41 -35 -7 -15 -45 52 56 50 51 -50 -48 -49 -10 54 55 58 -47 -52 -54 -60 -61 -62
right_child=1 -3 8 11 7 42 -8 -9 12 -11 -12 -13 22 43 15 -17 17 -19 19 -21 -22 26 23 31 25 -27 27 28 29 -31 -32 32 -34 34 35 36 -38 39 -40 -41 -42 -43 -44 44 -46 46 47 48 49 -51 57 -53 53 -55 -56 -57 -58 -59 59 60 61 -63
leaf_value=0.036581672777854644 -0.017592752842829445 -0.032401807873836362 0.029590900636070911 0.045040823973449946 0.017928449975493168 0.0047979099107699494 -0.095494197565913153 0.028837520144994827 -0.05967223709316765 0.0056857210006102119 -0.00046153229874197312 -0.0017725634368385293 -0.014882847129731808 -0.052013403360083234 -0.055678976468101243 0.19647993542591266 0.23120323590990965 -0.042939033106686515 -0.045342795622141496 0.20522884970205635 -0.025068488579640461 -0.057610241929193298 -0.01465602224915871 0.12710813904348134 -0.048321827544490943 0.15155288991298738 0.11467331541062616 -0.041213785327344848 0.1398278543610737 0.31035750445494265 -0.050695276879754836 -0.04772433285374289 0.18622285735025695 0.059524786678787626 0 -0.044120056326514244 0.17913794283049925 -0.015051591226338083 -0.054063631446134158 0.11503927525643279 -0.05704905452624013 -0.016282360540027432 -0.035417842659713365 -0.048568570923712806 0.16249196928082107 0.044023440484805859 -0.025026351748768074 0.20397309886876802 0.34993672012750948 0.051345356004853543 0.096750008329928888 -0.048683087237366994 -0.018540907235530566 -0.033670221982907027 0.0059855966482987317 0.17956805066899587 0.12758793126256301 0 0.013535733272167838 0.21220359971935038 -0.051695068147624756 0.11821928481266597
leaf_weight=197.31117426324636 24.18078076839447 90.186588358599693 36.5684021608904 14.24683630466461 305.63667202182114 376.98983508348465 17.184700235724449 116.04005742073059 8.3594880636082944 836.87766595184803 4545.5719585547922 1295.6104919891804 452.51430076814722 22.49030642723665 5.9676496679894608 3.0545370759209609 1.9584755338728421 1.2313088888768104 1.0951842525973918 1.421657907660119 53.54354315623641 11.652386668720281 27.314517533057373 5.1690083973808196 1.6144565967842925 2.7198858979390934 2.1173048107884815 32.479826644877903 0.92557704297359933 1.0036193431587888 5.4990173563128337 2.3689668306615208 0.70651071798056353 13.296867866301914 5.8300762567669135 1.2675848793005569 3.2394050566945225 4.3253049822524172 16.732541879056953 4.2925389250740409 5.7656068813521406 11.70729157887399 16.270865477621555 3.363070838735438 1.7454746752046046 15.306103380979041 28.20023444108665 0.67279762099496832 1.3807511099148539 3.4698756007710472 5.9562255227938277 3.5932653333293274 4.3971609541913521 15.573183202766812 39.813836890272796 2.4278896978357798 7.0046605172101399 5.7419936810620129 4.5977493326645327 2.8097137411823496 1.876959899091162 2.072955782758072
leaf_count=4840 103 69044 96 31 2147 1317 79 453 243 2229 56518 4575 15959 2467 275 89 10 230 77 37 2311 111 1127 176 101 88 11 1074 62 85 414 323 9 91 41 128 82 97 458 67 364 305 56 407 101 121 445 10 37 224 41 520 76 621 847 109 47 91 103 27 98 84
internal_value=0 0.000110947 0.000459055 0.00369298 0.00752449 -0.00196292 -0.0502286 0.0108047 -0.00132403 0.00896646 -0.000219963 -0.00125618 -0.00718869 -0.000267009 0.00274957 0.064322 0.0279436 0.125771 -0.00928947 0.0967178 -2.78911e-05 0.00486541 -0.0123681 0.0159982 -0.00180389 0.0765652 -0.0102796 -0.0051013 -0.0283858 0.0268426 -0.0207583 0.0841388 0.00861632 0.0083983 0.00477008 0.0506117 0.115667 -0.00365979 -0.0135384 0.0497493 0.00844087 0.0239082 0.00311272 -0.0376666 0.0243213 0.016769 0.0301564 0.0113865 0.0742453 0.142702 -0.00300132 -0.00393252 0.00503071 0.0125216 0.0250477 0.0662534 0.0709346 0.0494315 0.0474529 0.0733785 0.112563 0.0369603
internal_weight=0 8537.03 8446.85 3003.04 1693.18 434.626 41.3655 1258.55 5443.81 1142.51 4582.14 1309.86 861.669 369.261 341.662 14.7288 11.6743 3.18978 8.48449 2.51684 326.933 273.39 492.408 39.8933 31.6489 4.33434 120.135 108.483 39.908 7.42821 6.42459 8.24449 3.07548 68.5745 66.4572 10.3371 4.50699 56.1202 47.5023 8.61784 30.7698 25.0042 393.261 27.5989 5.10855 153.255 71.3259 49.0151 9.11669 4.85063 39.8985 4.26606 81.9289 73.5694 57.9963 18.1824 22.3108 11.6982 15.7545 11.3574 6.75963 3.94992
internal_count=172409 167569 98525 10990 6384 1555 182 4829 87535 4376 56614 4606 30921 13138 10163 718 629 240 389 114 9445 7134 17783 1824 1316 189 3390 3279 1635 561 476 508 332 1644 1633 251 210 1382 1218 164 760 396 1373 2975 508 3744 1536 1368 791 261 577 530 2208 1965 1344 497 168 132 388 312 209 182
is_linear=0
shrinkage=0.05


Tree=97
num_leaves=63
num_cat=0
split_feature=12 12 11 6 10 8 9 10 8 11 11 6 2 2 3 8 11 2 10 10 2 2 6 10 3 6 2 8 10 12 2 12 8 6 11 7 2 2 14 8 10 7 9 6 11 9 11 7 9 8 2 2 8 8 8 6 10 8 10 10 9 2
split_gain=100.387 36.9763 17.6446 33.7788 22.9038 18.685 13.7191 13.5473 12.5616 16.9896 22.8744 36.134 22.6255 35.5691 18.418 20.2477 18.8384 15.7376 12.6033 35.6664 12.124 12.009 11.5021 12.5759 10.5922 14.6338 18.7839 25.4711 15.1012 12.5371 35.1622 29.5904 27.6891 19.1401 15.1681 12.4071 22.6002 11.7981 17.0066 15.0968 45.683 14.469 12.1353 12.3888 11.356 16.3445 19.2183 17.8586 16.3131 20.7825 20.7719 30.8921 17.7702 17.0771 16.3813 16.2563 19.2024 15.8809 15.4788 14.5723 14.6545 14.606
threshold=4.908429448785566 8.8774594054781222 0.45141666666666674 65.500000000000014 78.500000000000014 6.3500000000000005 80.500000000000014 7.5000000000000009 15.350000000000003 0.73925000000000018 0.73808333333333354 32.500000000000007 1.0160237222210737 1.0118117942903659 13.171405383378728 16.750000000000004 0.70258333333333356 0.88241250626566425 45.500000000000007 44.500000000000007 1.4115138026224985 1.3750178040066932 49.500000000000007 74.500000000000014 13.256184881179701 37.500000000000007 1.1103295514147689 5.9500000000000011 51.500000000000007 8.5589390246246442 0.58998237594160308 8.5854318732355015 15.65 43.500000000000007 0.65341666666666687 12.500000000000002 2.2452118614718617 0.64858353615520292 1.0000000180025095e-35 7.3500000000000005 72.500000000000014 10.500000000000002 79.500000000000014 27.500000000000004 0.52291666666666681 76.500000000000014 0.53641666666666687 7.5000000000000009 67.500000000000014 10.550000000000002 2.2099444444444445 2.3257191991341997 10.950000000000001 11.550000000000002 6.3500000000000005 35.500000000000007 65.500000000000014 9.0500000000000025 61.500000000000007 82.500000000000014 74.500000000000014 1.9950732879818596
decision_type=2 2 2 2 2 2 2 2 2 2 2 2 2 2 2 2 2 2 2 2 2 2 2 2 2 2 2 2 2 2 2 2 2 2 2 2 2 2 2 2 2 2 2 2 2 2 2 2 2 2 2 2 2 2 2 2 2 2 2 2 2 2
left_child=-1 2 3 4 5 20 7 -4 -3 10 12 -12 13 14 15 16 -10 -18 19 -11 21 -2 -16 -24 25 26 27 -9 35 -27 -31 32 33 -32 -33 -28 -37 38 -29 40 -39 -40 -41 -44 -30 46 -46 -48 49 57 59 -52 -51 -54 -53 -47 -57 -49 -55 60 -50 -62
right_child=1 8 6 -5 -6 -7 -8 24 9 18 11 -13 -14 -15 22 -17 17 -19 -20 -21 -22 -23 23 -25 -26 29 28 37 44 30 31 34 -34 -35 -36 36 -38 39 41 42 -42 -43 43 -45 45 55 47 48 50 52 51 54 53 58 -56 56 -58 -59 -60 -61 61 -63
leaf_value=0.03773207806957285 0.0010987514708101793 -0.041466998067498789 0.050518623813807263 -0.076960416000370735 -0.022321815623120324 0.020540961185512241 -0.0056929883149110135 -0.032136889289976628 -0.037931973953071137 -0.03976986348410811 0.82104152258634278 -0.021506994870798928 -0.049000661925749561 0.58579965631326003 -0.048992044186033479 -0.042635490361446191 0.30115480134433686 -0.029191944678002436 -0.049517900119971536 0.56656373024403217 0.015154983699699618 -0.05167763033169076 -0.042939985771829059 0.15601037833591935 0.0038072236359381591 -0.0035226877151951254 0.023928638464288859 0.077213054992709418 0.0084304031449441708 0.54302077974392082 0.19674122682024775 0.21870996459896458 0.39745181029557897 -0.044724098089171882 -0.012972363086654387 0.011021872116766633 -0.035554784660491466 -0.012321779017336991 0.057497074685085185 -0.0084717809290376696 0.077238810966898955 -0.032962480431397968 0.13244493773010521 0.0054301873056856204 -0.022226949821846833 -0.038231232988714593 -0.04682753439972636 -0.00056809690148109206 0.023334911443745211 0.048263041077360763 0.14347125398146005 0.099903373834206888 -0.037151593203426585 -0.014192133642609484 -0.0097711368551039336 -0.05870189547563999 0.097899488157687911 -0.036539793092747498 0.02005613338800126 -0.03912455393133743 -0.039293760400331987 0.060026174726174657
leaf_weight=180.95623981580138 349.55141428299248 69.886240741005167 13.431203588843344 11.692836374044417 57.387514496222138 290.24716015998274 1022.4240885926411 77.535432819742709 0.6544346484588498 0.86967106524389481 0.12957681971602042 0.24985229002777487 7.8704716966021797 0.21409231319557953 4.8668388894875534 1.216398080694489 2.1436799948569392 0.37754278082866211 18.67469842225546 0.22425181872677058 187.16275978833437 11.019553977996109 1.2601813960354777 1.7806760189123449 1711.2760381216649 2662.2962817430962 160.08158423146233 11.294627669034528 405.55453047156334 0.23707639542408543 1.4937060745433006 0.63870687549934047 0.78966920357197512 1.5777354638557879 15.8409062953433 289.90717737050727 28.478731588460505 39.78204862610437 6.8412063457071808 365.54666426044423 21.996654838323593 12.072260382818056 2.9619842867832613 5.4088048015255481 81.901676975190639 49.886659692390822 16.704763714922592 67.062974884873256 112.52532546338625 24.997134379809722 7.6453782250173417 4.6594191007316139 22.639973998535424 47.889355660649016 11.688691524905151 3.0572909596376103 4.9853889630176127 56.916474902071059 104.73014634661376 13.100434876512734 18.965909823076803 4.4685437986627212
leaf_count=4787 1889 49611 27 57 243 2255 27438 430 161 648 53 156 4369 31 1669 596 242 201 18655 79 999 60 531 240 13828 23926 449 92 1001 39 85 38 42 242 3657 1271 173 193 18 3534 168 144 37 106 280 1130 98 622 1434 164 79 20 264 372 258 63 120 524 1432 639 404 36
internal_value=0 0.000107465 0.000485259 0.0070723 0.00818376 0.0102813 -0.000309608 0.000537933 -0.0286248 -0.00631167 0.0250712 0.367036 0.0167012 0.058481 0.0442489 0.125112 0.190233 0.250553 -0.0394863 0.117382 0.00483269 -0.000514187 -0.0010411 0.073228 0.000432714 -0.000778407 0.00236637 -0.00561908 0.00519168 -0.00321988 0.0355417 0.0267547 0.149482 0.0736298 -0.00242639 0.0125651 0.00683017 -0.00118933 0.0289588 -0.00329723 0.0195593 0 -0.00709117 0.0519973 0.0018559 -0.00221515 0.000243273 0.00383711 0.00555814 -0.0010442 0.0179507 0.0610759 0.0088984 0.00323102 0.0216008 -0.027547 0.0377662 -0.0171384 0.00927462 0.0109393 0.0158251 -0.0199681
internal_weight=0 8528.77 8418.35 907.061 895.368 837.981 7511.29 6488.87 110.419 40.5324 20.7637 0.379429 20.3843 12.5138 12.2998 4.39206 3.17566 2.52122 19.7686 1.09392 547.734 360.571 7.9077 3.04086 6475.44 4764.16 2081.29 543.44 1537.85 2682.87 20.5778 20.3407 3.86111 3.07144 16.4796 478.467 318.386 465.904 30.2081 435.696 61.7787 18.9135 373.917 8.37079 1059.38 653.826 595.896 513.995 497.29 324.236 173.054 23.9935 200.257 175.259 16.3481 57.9293 8.04268 123.979 152.62 149.06 135.96 23.4345
internal_count=172409 167622 90380 5503 5446 5203 84877 57439 77242 27631 8249 209 8040 3671 3640 1200 604 443 19382 727 2948 1949 2440 771 57412 43584 15555 4722 10833 28029 4103 4064 369 327 3695 1893 1444 4292 254 4038 361 162 3677 143 8940 7939 6626 6346 6248 3378 2870 357 2232 2068 278 1313 183 1146 1804 2513 1874 440
is_linear=0
shrinkage=0.05


Tree=98
num_leaves=63
num_cat=0
split_feature=12 12 11 6 1 9 7 5 12 12 14 7 7 12 12 2 2 9 1 5 0 1 2 11 4 2 2 6 2 1 2 1 6 9 7 9 4 6 7 12 9 0 0 0 12 11 1 1 7 6 1 1 0 2 11 9 6 2 6 6 9 6
split_gain=94.2946 34.5319 16.2785 22.1596 15.282 13.5065 11.0821 13.096 13.5701 21.2113 10.9341 14.3728 12.8899 16.0793 31.5118 10.7939 19.5835 14.5884 13.2124 13.1419 12.236 10.7408 12.793 11.1545 10.7149 16.6779 19.4629 13.7487 11.2309 10.9288 19.5619 10.2939 13.2513 10.8596 12.2548 17.0391 14.032 17.5299 12.111 13.2442 11.5146 14.2942 22.9495 40.4872 22.0237 16.5189 16.2282 29.1549 20.9636 16.8627 13.6453 13.4593 12.5704 14.256 11.4014 11.0199 13.0393 10.8076 10.2085 14.742 28.2663 11.3453
threshold=4.908429448785566 8.8774594054781222 0.48125000000000012 31.500000000000004 0.75996378975063272 80.500000000000014 12.500000000000002 1.5000000000000002 9.0934777042870021 9.3040384078290792 1.0000000180025095e-35 7.5000000000000009 15.500000000000002 8.8000656294250152 8.8128235214355417 0.88241250626566425 0.87170148164528982 82.500000000000014 0.94066542757653882 3.5000000000000004 20.003476207982278 0.84663259719346684 0.86666815948601672 0.65141666666666687 5.5000000000000009 1.1760017006802723 2.6782125368095961 54.500000000000007 1.3414516039516042 1.6808461344537819 1.4778059120258276 0.39068568555627387 30.500000000000004 83.500000000000014 9.5000000000000018 88.500000000000014 1.5000000000000002 25.500000000000004 10.500000000000002 7.1946872823661066 90.500000000000014 13.500545454545456 23.960137931034485 24.573586482334871 7.8812358841197492 0.63875000000000026 1.2578231253023706 1.1904609523809526 11.500000000000002 32.500000000000007 1.3025164406743357 0.52901180301180306 17.720045196567003 1.0212186942309394 0.60458333333333347 90.500000000000014 42.500000000000007 1.2368152683295544 49.500000000000007 44.500000000000007 93.500000000000014 32.500000000000007
decision_type=2 2 2 2 2 2 2 2 2 2 2 2 2 2 2 2 2 2 2 2 2 2 2 2 2 2 2 2 2 2 2 2 2 2 2 2 2 2 2 2 2 2 2 2 2 2 2 2 2 2 2 2 2 2 2 2 2 2 2 2 2 2
left_child=-1 2 3 4 -2 -4 7 8 -3 21 11 -7 15 -14 -15 16 20 19 -19 -17 -12 22 23 -10 29 27 28 -26 -27 30 -20 32 -13 38 35 -35 37 -36 -33 -40 41 44 45 -44 -38 52 47 48 -45 -48 51 -47 53 -43 -42 -37 -57 -41 59 61 -61 -30
right_child=1 6 5 -5 -6 10 -8 -9 9 -11 12 31 13 14 -16 17 -18 18 24 -21 -22 -23 -24 -25 25 26 -28 -29 58 -31 -32 33 -34 34 36 55 40 -39 39 57 54 42 43 46 -46 50 49 -49 -50 -51 -52 -53 -54 -55 -56 56 -58 -59 -60 60 -62 -63
leaf_value=0.037233119625391928 -0.00433574300635442 -0.04598199432594488 0.00020264162707760901 0.0014936963351205581 0.018604113783121351 -0.026030585060873825 -0.033585956398342699 -0.048357295604174927 0.22873561467713219 -0.0440801280202626 -0.005877826493310926 0.051915654760346375 -0.027844857221329261 0.29457890829779865 -0.044255194039905146 0.018050723424474568 0.086194997629750802 -0.036593396526920167 -0.036547001645828255 -0.04612564183723291 0.052727894979920725 -0.03255636019285401 0.30583937388749327 -0.040258797991615032 0.016243114060401357 -0.053196507899696578 0.11032070946654443 0.13857633752606305 0.021294142833765864 -0.051128638981854206 0.0089767261691822715 -0.052240079187484856 -0.060363729975723451 -0.010799582534418713 0.080353371849811853 0.11603285641623876 0.087118004132955118 -0.029412981291283072 0.020627473603488617 -0.00091893337054949325 0.0090371102319254312 -0.036551146892453645 0.22319123254728368 0.10496698597919066 -0.048410917223614444 0.17306802095352605 0.040757556645903373 0.17264539869422516 -0.01366546622976251 -0.050226749344225309 0.13894154096432995 -0.047697123798706734 -0.052641859821532626 0.053295465696698789 -0.039172746586045838 0.064642185780167657 -0.023101118791457279 -0.053672728240163517 -0.038657067064088536 -0.013550303289583926 0.19500946262464572 -0.036132511427177882
leaf_weight=174.38109756447375 89.944973714649677 1.9685086529934759 5542.9243408056209 1464.2825988791883 368.59620268270373 46.852243534754962 96.019762402982451 4.3107277022209018 0.59731968934647806 1.5308696317952124 69.194186596781947 3.2137268236838272 120.93407420697622 1.0504442027304315 1.5970637903083114 60.079101618845016 7.4006312235724172 61.271628253161907 43.878753390861675 9.0683479127474111 10.113775769132188 0.46895609726198006 1.5463962522335348 0.7513787291245535 5.996732664993031 12.411868144525213 3.408175779040902 3.7701530389022082 21.852473861654289 22.318372744135559 50.581792000215501 13.92579703312367 12.178053583716972 12.947776010259984 3.8867132482118896 6.3760807423386749 15.548154636286201 39.774602742632851 35.616049600765109 26.071208675508387 40.584908441174775 9.2955802008509654 2.70912551798392 5.509603822603828 3.5880821800092226 0.77042316109873255 9.9066060995683092 4.2616337940562508 10.856587040470911 10.244519998319445 2.9053337629884481 3.2316653255838901 19.559696412179619 8.2059674421325308 17.410404150607064 14.951857984997334 5.7312248637899748 15.563343559973871 13.373394310474394 3.4964284878224126 2.8512380400206894 14.031607222859746
leaf_count=4787 413 575 54839 6184 1699 465 73110 1956 9 1105 1415 51 7425 133 628 727 63 1575 1102 132 192 247 76 164 109 325 74 42 309 500 808 191 412 128 79 49 103 1587 143 1089 521 209 31 39 311 29 156 98 432 373 145 456 393 111 2156 128 144 801 425 71 42 318
internal_value=0 0.00010076 0.000461104 0.00450158 0.0140935 -0.000736507 -0.0280848 0.0186215 0.0614974 0.105777 -0.00627706 -2.06364e-05 -0.0109321 -0.025116 0.0941918 -0.00669229 0.00895958 -0.0108417 -0.0162903 0.00950765 0.00158991 0.174719 0.20993 0.0829892 -0.00996604 0.00393115 -0.00441481 0.064898 -0.0103909 -0.0196661 -0.0121333 0.00340608 -0.0364138 0.00523666 0.0106651 0.0359989 0.00575923 -0.0193661 -0.00948461 -0.00165496 0.0124624 0.0222196 0.0135453 0.039285 0.0613266 -0.011831 0.0264289 0.0575127 0.0263629 -0.00527017 0.0584091 -0.000796775 -0.0251787 0.00535471 -0.00539212 0.0585333 0.040094 -0.0208399 -0.00066792 0.0113068 0.0809264 -0.00106023
internal_weight=0 8513.3 8406.11 1922.82 458.541 6483.28 107.194 11.1742 6.86343 4.89492 940.357 401.677 538.68 123.582 2.64751 415.099 86.7086 328.39 259.243 69.1474 79.308 3.36405 2.89509 1.3487 197.971 81.1921 71.4252 9.76689 68.017 116.779 94.4605 354.825 15.3918 339.433 248.257 40.0069 208.25 43.6613 91.1764 77.2506 164.588 106.593 87.4567 43.4881 19.1362 43.9687 40.779 20.6278 16.3662 20.1511 6.90742 4.00209 37.0612 17.5015 57.9953 27.0592 20.6831 41.6346 55.6051 42.2317 6.34767 35.8841
internal_count=172409 167622 90380 8296 2112 82084 77242 4132 2176 1601 27245 10830 16415 8186 761 8229 1670 6559 5700 859 1607 496 249 173 4125 1715 1564 151 1490 2410 1910 10365 463 9902 7678 449 7229 1666 2224 2033 5563 2886 2472 1129 414 1343 1098 569 471 529 630 485 713 320 2677 321 272 1890 1165 740 113 627
is_linear=0
shrinkage=0.05


Tree=99
num_leaves=63
num_cat=0
split_feature=12 12 12 10 9 10 8 11 11 3 3 10 1 5 11 12 10 1 3 1 1 1 9 1 11 0 10 7 13 10 0 11 9 11 3 1 12 11 7 9 7 4 12 12 5 10 12 1 3 5 10 1 7 1 10 13 11 10 7 3 12 9
split_gain=88.6702 32.4719 20.6013 16.5477 13.8794 14.3263 12.2584 15.4645 18.1097 23.4403 21.1067 19.5932 18.6148 14.5347 14.6404 15.2023 11.5545 23.3008 10.7288 15.414 14.5892 15.443 17.4084 14.491 15.0659 16.0997 15.0264 13.9968 12.7165 12.3467 11.887 11.8251 22.4261 11.5852 88.2657 25.8496 15.8375 19.5522 20.6945 13.0839 12.6342 15.9966 20.7266 27.6325 11.4515 10.9731 11.5179 10.6109 11.6995 10.406 40.5627 38.4282 10.3801 10.3423 10.454 10.9155 10.1315 9.96626 13.4605 9.91812 11.315 13.1522
threshold=4.6021411775053886 8.8774594054781222 5.5453885563561185 42.500000000000007 80.500000000000014 7.5000000000000009 15.350000000000003 0.73925000000000018 0.73475000000000024 13.16990388361171 13.171405383378728 68.500000000000014 0.84663259719346684 2.5000000000000004 0.68058333333333354 9.3849275706498094 45.500000000000007 1.5840669077032714 12.766315898521109 1.7157555890732363 1.9539097301166268 1.9310108333333336 72.500000000000014 2.5409079365079368 0.60175000000000023 26.068275000000003 80.500000000000014 12.500000000000002 1.0000000180025095e-35 40.500000000000007 27.002250000000004 0.64608333333333356 70.500000000000014 0.65141666666666687 13.573673844242437 0.42326878306878313 8.6998371108735331 0.67458333333333353 26.500000000000004 79.500000000000014 17.500000000000004 4.5000000000000009 8.572186002826383 8.4934806162979406 1.0000000180025095e-35 66.500000000000014 7.2533304334424988 1.2422462175505655 12.766315898521109 4.5000000000000009 58.500000000000007 1.0884484563055994 18.500000000000004 2.3991700000000002 66.500000000000014 1.0000000180025095e-35 0.62375000000000025 76.500000000000014 9.5000000000000018 13.16990388361171 6.0762464689341531 59.500000000000007
decision_type=2 2 2 2 2 2 2 2 2 2 2 2 2 2 2 2 2 2 2 2 2 2 2 2 2 2 2 2 2 2 2 2 2 2 2 2 2 2 2 2 2 2 2 2 2 2 2 2 2 2 2 2 2 2 2 2 2 2 2 2 2 2
left_child=-1 2 3 -2 5 -4 49 8 11 -10 -11 -8 13 14 -13 -16 17 -9 19 29 21 33 -23 24 53 27 28 -26 31 44 45 56 -33 -20 35 -35 37 38 39 40 41 42 43 -37 -7 59 -47 48 -5 -3 51 -51 -46 54 -21 57 -27 58 -56 60 -22 -62
right_child=1 6 4 47 -6 18 7 16 9 10 -12 12 -14 -15 15 -17 -18 -19 20 23 30 22 -24 -25 25 26 -28 -29 -30 -31 -32 32 -34 34 -36 36 -38 -39 -40 -41 -42 -43 -44 -45 52 46 -48 -49 -50 50 -52 -53 -54 -55 55 -57 -58 -59 -60 -61 61 -63
leaf_value=0.044290218452078825 0.02474479716761965 -0.0437883126508389 0.049316268689493882 -0.021970337067918257 -0.0054386537048496855 0.018016624110701731 -0.049151786120244498 -0.039485218701016754 -0.037283014693784457 0.46364235633043616 -0.023278100282735435 -0.042899464752996719 -0.047256689938821872 -0.044234709455731248 0.19053278850370878 -0.038687182353978992 -0.049467682987479139 0.3999239080213971 0.0020128159478176063 0.011108093646251394 0.0098142251715812902 0.012226772204980812 0.081976872481705376 -0.016211439648588517 0.077287219940690405 0.086996309228021651 -0.048180556987193368 -0.052006674059161866 -0.0094186300317708957 -0.005572719305819207 0.027970441467843922 -0.041686999009676769 0.21943477089512986 0.40030079956782533 0.64696448494083469 -0.042854133621170409 -0.032915281201231154 0.22249561385505434 0.20479880241965842 0.12914940550124079 -0.049301660900184091 -0.047689688687143572 -0.045318881816510712 0.24411972371039697 0.0033411754449863308 0.017320474898584615 -0.03975727413894492 0.015721501147820685 0.0050186297398022257 -0.006505868237482621 -0.041622075487379173 1.0861917656278994 -0.03149783841604243 0.049145629963532243 0.027858689659898406 -0.046068787983286924 -0.0038719506006458649 0.015566367148964986 -0.038550629167622752 0.016803874083276514 -0.095950576888949465 -0.034845229270644283
leaf_weight=115.56256187334657 145.99298329558223 63.668393596424721 15.065918304026125 57.033384840004146 1034.5222802283242 114.10063791158609 8.0179362226626889 0.84270332660526281 0.68019738374277838 0.67045523464912549 0.27335717296227813 1.0035335550783182 3.1917571523808874 1.4590458080638198 4.7193400067044422 0.77434937463840459 17.178299315623008 0.34406419901642948 4404.0707367511932 211.1724478462711 9.6520348675549013 32.635254303924739 12.371605942025779 59.542500224430114 2.8355995533056539 13.300658915191901 2.8089274214580646 7.1056505693122745 3.982300598639994 1659.0138130018022 14.294764407793989 0.99622601573355396 3.4197551289107651 0.34347240556962688 0.47347278078086574 1.1423424007371195 11.035283726756459 1.2901359330862749 1.4239008929580439 2.0299273028504095 7.6380202111322424 3.2775552882812917 1.8156102090142665 2.5823851451277733 108.65338064031675 29.211525585502386 12.55386000103317 124.71504399273545 134.56614371668547 0.1296295648207878 1.0834213732741771 0.076015885511878878 26.468744539655745 13.734017062932251 10.450909845530985 16.200833935290575 3.8328560120426109 41.982499090023339 26.99911935441196 8.8150613815523666 11.476147697307168 40.325413591228426
leaf_count=3435 1851 48609 39 483 27518 461 3962 638 505 65 242 117 1825 600 393 540 18655 89 31210 727 37 181 77 695 53 107 276 496 125 17201 91 118 128 35 49 107 2437 87 75 137 1257 419 248 135 417 95 504 1089 1348 86 879 37 229 51 29 106 116 231 155 45 74 383
internal_value=0 0.000215682 0.000558488 0.0108193 -3.51098e-05 0.000768552 -0.027523 -0.00525714 0.0240775 0.179487 0.329106 0.00978631 0.0526807 0.0934814 0.125367 0.157216 -0.0386865 0.105201 0.000661655 -0.00210504 0.00205953 0.00253291 0.0316499 0.00658111 0.0103807 0.040013 0.059198 -0.0142271 0.0713484 -0.00401227 -0.0146851 0.0864795 0.159801 0.00223574 0.0316929 0.0206456 0.0152202 0.0405481 0.0274551 0.0124975 -0.00228326 0.0379793 0.0894929 0.155981 0.00635327 -0.0201923 0 0.00437047 -0.00299636 -0.0408389 0.0939023 0.604272 -0.00346462 0.00681473 0.00488812 -0.00879152 0.066474 -0.00107732 -0.0198603 -0.0322424 -0.0393748 -0.0486377
internal_weight=0 8551.07 8446.96 462.308 7984.65 6950.13 104.112 39.155 20.79 1.62401 0.943812 19.166 11.148 7.95627 6.49722 5.49369 18.3651 1.18677 6935.06 2326.6 4608.46 4482.13 45.0069 418.364 358.822 38.282 28.3407 9.94125 25.5318 1908.24 126.329 21.5495 4.41598 4437.12 33.0521 32.5786 32.2352 21.1999 19.9097 18.4858 16.4559 8.81789 5.54034 3.72473 249.223 112.034 41.7654 316.315 191.6 64.9575 1.28907 0.205645 135.122 320.54 306.806 95.6334 17.1335 79.4325 37.45 70.2687 61.4536 51.8016
internal_count=172409 168974 91732 4771 86961 59443 77242 27631 8249 812 307 7437 3475 1650 1050 933 19382 727 59404 21721 37683 36454 258 3413 2718 1419 870 549 594 18308 1229 469 246 36196 4986 4937 4902 2465 2378 2303 2166 909 490 242 1107 1138 599 2920 1831 49611 1002 123 646 1299 1248 521 223 415 184 539 494 457
is_linear=0
shrinkage=0.05


Tree=100
num_leaves=63
num_cat=0
split_feature=12 10 6 7 12 3 0 10 6 8 7 12 3 9 9 6 6 9 9 9 0 0 7 0 9 6 6 10 5 12 9 2 7 12 2 2 9 5 7 4 4 8 10 10 8 4 2 7 7 10 6 12 13 12 5 2 0 9 9 9 5 7
split_gain=81.7276 27.3651 26.4814 20.1425 18.0191 15.9918 22.7361 25.5656 20.6299 27.5841 19.4913 18.6535 17.2589 17.2126 46.4806 29.9241 17.9312 16.0149 19.6904 15.1082 14.0661 13.8078 16.2059 17.1064 12.8889 17.8485 13.1686 12.8047 46.765 17.5605 13.7515 13.656 18.3745 21.8881 25.8393 21.0958 24.6808 75.9881 34.7808 29.2249 37.223 17.8612 17.5142 28.0145 20.6008 18.3797 15.0024 18.5613 20.3421 15.4691 14.2284 13.6643 25.3293 24.3377 27.4812 16.2803 19.1447 22.7915 32.5005 28.2267 16.0853 27.7814
threshold=4.6021411775053886 96.500000000000014 31.500000000000004 22.500000000000004 6.0762464689341531 12.977266509387183 15.552252672497572 91.500000000000014 32.500000000000007 9.7500000000000018 9.5000000000000018 8.8774594054781222 12.766315898521109 73.500000000000014 75.500000000000014 36.500000000000007 42.500000000000007 92.500000000000014 55.500000000000007 65.500000000000014 11.722139194139196 5.8251428571428585 10.500000000000002 4.9650443349753699 73.500000000000014 67.500000000000014 58.500000000000007 83.500000000000014 1.5000000000000002 7.6296797951277053 50.500000000000007 1.6408658035065879 9.5000000000000018 8.4666124608356181 2.1763329365079369 1.8020944444444447 74.500000000000014 2.5000000000000004 19.500000000000004 4.5000000000000009 3.5000000000000004 7.9500000000000011 69.500000000000014 82.500000000000014 12.850000000000003 4.5000000000000009 1.6676751260504206 17.500000000000004 20.500000000000004 68.500000000000014 61.500000000000007 8.1402320704348394 1.0000000180025095e-35 8.1700722890840165 1.5000000000000002 1.4388379338972432 26.14505432908604 85.500000000000014 83.500000000000014 62.500000000000007 3.5000000000000004 16.500000000000004
decision_type=2 2 2 2 2 2 2 2 2 2 2 2 2 2 2 2 2 2 2 2 2 2 2 2 2 2 2 2 2 2 2 2 2 2 2 2 2 2 2 2 2 2 2 2 2 2 2 2 2 2 2 2 2 2 2 2 2 2 2 2 2 2
left_child=-1 2 4 5 -2 6 21 27 9 20 -9 -10 -12 16 -15 -16 -14 18 -11 -20 -7 22 -4 -24 26 -26 -5 30 -29 -30 -8 50 -33 42 35 41 37 -37 -38 40 -40 -35 44 -44 46 -45 -34 49 -49 -48 51 -32 60 -54 55 56 -55 58 59 -58 -53 -62
right_child=1 -3 3 24 -6 8 7 10 11 17 12 -13 13 14 15 -17 -18 -19 19 -21 -22 -23 23 -25 25 -27 -28 28 29 -31 31 32 33 34 -36 36 38 -39 39 -41 -42 -43 43 45 -46 -47 47 48 -50 -51 -52 52 53 54 -56 -57 57 -59 -60 -61 61 -63
leaf_value=0.044436275283630949 0.017127333018307319 -0.021668365663598407 -0.061435811666169043 -0.004285062531030062 0.0043791973691853633 0.0042099933028550496 0.0080990149906497149 -0.023648182243189896 0.0041371374493825771 0.049215510210244326 0.024890771475736692 -0.033350645004320084 0.11008734927266212 0.58404770542599316 0.28544787122282445 -0.04585301165535341 -0.014062219420991852 0.11930827277545511 -0.063190518152420314 0.0044764044224849869 -0.054647711080165473 -0.019361708565706008 -0.035909583783325538 0.074168425876198193 -0.050997604192159131 0.18248206630862063 -0.048747635581541542 -0.048408695220076028 0.022051094011937306 -0.049779575117078367 -0.0076937057925422787 0.017350205327817465 0.036517301236802725 0.23567686038023133 -0.048127872116507604 0.068684999060864615 -0.046598699773744826 0.67386215114269321 -0.019650236103496931 0.075973627113277778 0.71723413680836212 -0.046965578487799871 -0.029629199759106273 0.1520278073885363 -0.032833771703694024 -0.0095992588610858826 0.0048751462122869245 -0.034275828432912235 0.022408603718956855 0.06294883063781935 0.0099825042779302098 -0.01681920450156411 0.22946135559909042 0.063726890731484964 -0.04862517933790178 -0.044984403216577699 0.35563624615910799 -0.035393535346301429 0.63845219665522501 -0.039012391277658431 0.15699503177084204 -0.047045299240843601
leaf_weight=110.37992302235216 329.93046962749213 129.23565846739803 4.4902973468997542 125.69668352534063 1747.7440113938064 12.806491508265024 376.30440369294956 11.89545465557603 2956.2862242481206 14.889488273940513 28.65070966683561 33.434001668705605 7.4279626424540748 0.52853551821317468 1.0762354493490423 1.5179980875691397 4.5992855580989271 2.9338981908513224 12.487161902827209 23.553824631671887 45.943683121586218 248.71757835120661 4.7385415386525009 12.670781702909151 31.948785526154097 0.73521721619181235 19.169433261675294 61.573629302554764 58.502409936860204 9.8265587683417817 1287.7556606726721 175.87268701085122 33.472503800876439 0.58189552230760311 3.8295091863255939 1.519976099370979 2.3668630418251269 0.72764105850365002 0.22849757346557442 1.2770221947575917 0.42053058644523844 2.9870556076639332 88.72064907499589 3.5450991280376902 40.475380269112065 3.272201715502888 329.57463066885248 60.815437000710517 21.193855448393151 11.803602276835589 142.32352494908264 35.11050605570199 2.0172230363823465 4.7411337351659295 4.8671510124695478 1.5578417218057437 0.87257319386117227 0.57126492611132551 0.47739461163291697 0.7765033848118037 3.69737040932523 2.8587448907201178
leaf_count=3426 2130 13735 42 5860 28674 121 1825 131 27845 61 1527 22101 113 48 66 404 160 241 162 746 469 5147 149 206 14167 49 1259 3057 399 2263 9646 907 183 15 1580 186 972 100 151 218 78 1346 1478 47 630 56 1907 720 287 80 2737 8302 49 488 1115 335 24 230 25 178 489 959
internal_value=0 0.00115438 0.00150385 -9.14017e-05 0.00640671 0.000383059 -0.00215407 -0.000828948 0.0029222 -0.0180692 0.0326773 0.00371514 0.0481071 0.0912333 0.195068 0.095227 0.0624751 0.00769358 0.000944732 -0.0189399 -0.0417475 -0.0159986 0.0218836 0.0438874 -0.0166923 -0.0450524 -0.0102326 -0.00150403 -0.0168261 0.0115902 -0.000749485 -0.00221862 0.00312334 -0.000993978 0.060698 0.102479 0.155189 0.287093 0.0800271 0.232721 0.483142 0.00292226 -0.00246284 -0.0220613 0.00129565 0.0747092 0.0043368 0.00177282 -0.0195564 0.00691561 -0.00503257 -0.00662539 0.0171655 0.0706957 0.045759 0.097343 0.128014 0.232891 0.305563 0.175343 -0.00323798 0.0679035
internal_weight=0 8589.63 8460.39 6382.72 2077.67 6205.17 3102.83 2832.22 3102.33 112.615 55.6962 2989.72 43.8007 15.15 3.12277 2.59423 12.0272 53.8644 50.9305 36.041 58.7502 270.617 21.8996 17.4093 177.55 32.684 144.866 2776.52 129.903 68.329 2646.62 2270.31 782.685 606.812 13.939 10.1095 6.54053 2.24762 4.29291 1.92605 0.649028 3.56895 592.873 95.5379 497.335 6.8173 456.86 423.388 82.0093 341.378 1487.63 1345.3 57.5477 15.8811 13.8639 8.99671 7.43887 2.69774 2.12647 1.64908 41.6666 6.55612
internal_count=172101 168675 154940 124136 30804 102801 51055 45511 51746 1800 2449 49946 2318 791 518 470 273 1210 969 908 590 5544 397 355 21335 14216 7119 43062 5719 2662 37343 35518 10941 10034 4646 3066 1705 286 1419 447 229 1361 5388 1581 3807 103 3177 2994 1007 1987 24577 21840 12194 2444 2395 1280 945 457 227 202 9750 1448
is_linear=0
shrinkage=0.05


Tree=101
num_leaves=63
num_cat=0
split_feature=12 11 10 10 11 8 12 5 10 8 4 11 1 2 3 1 1 0 1 1 12 5 11 12 12 10 10 4 1 0 8 4 3 1 3 12 5 12 8 4 8 2 12 10 1 12 8 8 11 3 3 2 4 2 11 3 10 8 11 8 2 4
split_gain=77.4631 29.5056 21.1215 16.5267 16.0244 18.5374 12.7235 11.8272 10.1798 16.6388 21.1929 16.2515 10.5274 28.8035 18.2046 29.5572 21.856 18.5117 16.6547 19.86 13.9888 12.6224 12.1364 37.5978 26.7819 19.7832 68.6112 14.3117 11.9579 11.2756 18.9651 15.9581 24.0396 14.1551 11.999 11.6898 53.3047 16.0271 11.1358 18.4578 19.7768 17.0952 12.2466 10.8281 16.8816 10.7211 14.7148 19.4253 14.3796 10.6968 14.3796 15.8195 14.2273 10.5988 15.9932 13.2243 11.0762 10.5212 10.4509 16.617 10.276 10.1459
threshold=4.6021411775053886 0.71458333333333357 96.500000000000014 45.500000000000007 0.43441666666666673 6.5500000000000007 5.7655959259307785 1.0000000180025095e-35 95.500000000000014 12.15 5.5000000000000009 0.51141666666666685 0.5441943654586654 0.6850130550005552 12.977266509387183 1.6930751322751325 0.86248809523809544 14.850562500000001 0.58610695970695981 0.66834454572257374 6.2550320426351096 4.5000000000000009 0.69558333333333355 9.1977213942547227 8.9785412699614593 70.500000000000014 76.500000000000014 4.5000000000000009 1.666739926739927 9.5242380952380969 9.9500000000000011 2.5000000000000004 13.394186904387835 0.63500001984623156 14.029126147805739 9.2892376806374184 4.5000000000000009 9.3447844079828446 3.3500000000000001 4.5000000000000009 1.6500000000000001 1.0693632889413076 6.2550320426351096 69.500000000000014 0.60019888175916558 7.650477975332346 9.1500000000000004 8.0500000000000025 0.55025000000000024 13.065225374564525 12.932835152942593 0.47122336304218665 4.5000000000000009 0.97988487179487194 0.55758333333333354 12.766315898521109 24.500000000000004 15.850000000000003 0.50741666666666685 9.5500000000000025 0.77758634708752561 3.5000000000000004
decision_type=2 2 2 2 2 2 2 2 2 2 2 2 2 2 2 2 2 2 2 2 2 2 2 2 2 2 2 2 2 2 2 2 2 2 2 2 2 2 2 2 2 2 2 2 2 2 2 2 2 2 2 2 2 2 2 2 2 2 2 2 2 2
left_child=-1 2 4 7 5 -2 -4 -3 12 11 -11 -10 13 49 16 28 18 57 -14 43 -15 -21 53 24 25 -24 27 -27 29 30 31 32 -16 -32 -33 38 37 -37 39 40 41 -31 -41 -20 -45 46 47 -17 -48 50 51 -6 -52 54 -19 -56 -57 -18 59 -55 -22 -59
right_child=1 3 6 -5 8 -7 -8 -9 9 10 -12 -13 14 20 15 45 17 22 19 21 60 -23 23 -25 -26 26 -28 -29 -30 35 33 34 -34 -35 -36 36 -38 -39 -40 42 -42 -43 -44 44 -46 -47 48 -49 -50 -51 52 -53 -54 58 55 56 -58 61 -60 -61 -62 -63
leaf_value=0.044151657343887429 0.0040013588020932547 0.14917456067266718 -0.1601085593902758 -0.045442882752363328 -0.063609160318543342 0.023503833131242585 -0.017463666108455053 -0.042690677899402459 0.061418281211344773 -0.046360900184218498 0.1930167300854565 -0.024441069474166792 0.039204133297328581 -0.12864381439371947 0.048860418281024581 -0.017044140831133994 -0.018556673515219287 0.0027011616991594444 -0.061950092576446639 -0.007140027924810232 -0.022631095721565759 -0.06304738147178203 0.024428647217387703 0.60886245732389477 -0.047808968013999295 0.26273961427838816 -0.04129340728840919 0.74834783344245803 0.033815967912726848 0.054169010173494216 -0.0015302939677559262 0.010245506784333501 -0.056386869823358388 -0.072440412115049022 0.081837331500726362 0.11676155758869594 0.82698746984232907 -0.046364465988878313 0.0064657370766089007 -0.0068884327041832854 -0.013162424356942017 -0.0094787437437895 -0.05484178241439458 0.074332292726054572 -0.050836582018880472 -0.053274078888926324 0.024519977614323868 -0.095346033504934299 -0.031034954023853339 -0.0033964855210622904 0.0066024948622449165 0.019831329822747087 0.11922144619196502 0.0023985580708154527 0.16627325014332045 0.11443437052665939 -0.047836644723466465 0.14440344801630209 -0.00066245675165554181 0.018426800150275979 -0.087206142867068251 -0.0075306489279562397
leaf_weight=105.65722228866071 439.0711691826582 1.8587521377485239 1.4955993872135867 45.466930088645313 6.7043033740483216 169.05083604436368 119.6990985070006 1.24564209789969 9.9157214611768776 1.2326031652046356 2.9689022101229057 12.073259197408332 17.239642306230962 3.9661663062870494 7.436761409975591 46.941476644016802 144.62931987142656 12.426606599241497 27.492169779259712 579.32192869437858 45.462725246616174 10.203993374947457 2.3775626602582598 0.20326284063048738 4.276671658270061 0.53443229221738864 1.0270822539459912 0.40042098553385586 36.993225027632434 27.952665992081165 11.75820141710574 32.171142342092935 19.046055820188485 18.009040194097906 7.1337526220595455 3.2697608859161837 0.12799503747373808 2.5918952627689578 2526.5319238001248 26.927560776472092 62.804585630772635 16.67526694224216 26.83341612748336 4.2193799485685286 7.0425492725335062 19.298403858148959 35.323185972869396 9.5180365536361915 17.211934685707092 754.68253047886537 5.1981924126157519 34.000157507602125 6.2859202378895134 851.5162317045033 3.4407018837518981 1.9301994442939761 2.0470863480586559 1.8669192336965341 2081.5484882988967 199.84636664576828 7.1575986437383099 2.3370720410021022
leaf_count=3426 3617 639 10 50807 129 1891 6713 964 19 131 44 564 224 19 39 233 2396 41 376 8752 958 184 696 46 2783 99 521 98 301 92 248 306 270 655 64 733 51 1953 30846 72 352 66 205 75 260 1353 93 60 88 12189 63 456 53 2399 67 2 111 43 31293 605 180 78
internal_value=0 0.00109486 0.00131693 -0.0377212 0.0016163 0.00943401 -0.0193957 0.0716983 0.00100605 0.032072 0.122183 0.0141528 0.000900334 -0.00430311 0.00155127 0.00452093 -0.000665458 0.000974395 -0.00908168 -0.0104206 -0.0387593 -0.00812673 0.00178727 0.0600445 0.0396869 0.126177 0.23989 0.527784 0.00558801 0.00521064 -0.0116427 0.00328268 -0.0265712 -0.0446969 0.0235409 0.00581075 0.0750781 0.0442243 0.00565174 -0.00707192 0.00485992 0.0303072 -0.0309733 -0.0450756 -0.00325943 -0.0189337 -0.0127644 -0.030478 0.00619929 -0.00187597 0.0199806 0.00584337 0.069174 0.00162082 0.037964 0.0955494 0.0305633 -0.016249 0.00138781 0.00545148 -0.0316584 0.0605664
internal_weight=0 8578.02 8529.45 48.5713 8408.25 608.122 121.195 3.10439 7800.13 26.1905 4.20151 21.989 7773.94 863.458 6910.48 2954.56 3955.93 3310.41 645.52 628.28 56.5865 589.526 3161.58 8.81943 8.61617 4.3395 1.96194 0.934853 2826.26 2789.27 95.555 65.7877 26.4828 29.7672 39.3049 2693.72 5.98965 5.86166 2687.73 161.193 107.433 44.6279 53.761 38.7541 11.2619 128.293 108.995 56.4595 52.5351 806.871 52.1886 40.7045 11.4841 3152.76 19.8446 7.41799 3.97729 148.833 3132.91 1051.36 52.6203 4.20399
internal_count=172101 168675 116265 52410 109542 5508 6723 1603 104034 758 175 583 103276 14047 89229 38080 51149 41278 9871 9647 1157 8936 38761 4243 4197 1414 718 197 36253 35952 1582 679 309 903 370 34370 2737 2686 31633 787 510 158 277 711 335 1827 474 293 181 12890 701 585 116 34518 221 180 113 2517 34297 3004 1138 121
is_linear=0
shrinkage=0.05


Tree=102
num_leaves=63
num_cat=0
split_feature=11 11 6 3 1 1 9 6 3 8 8 2 6 1 3 2 8 8 10 11 5 10 2 2 6 11 2 11 2 2 11 11 6 10 11 10 11 11 6 11 8 5 8 9 10 9 2 6 8 10 10 11 2 5 11 10 10 11 11 8 8 5
split_gain=70.3632 27.6178 21.7662 15.4738 20.7147 23.7512 18.5613 18.1617 18.0077 15.8318 15.4018 15.172 30.398 18.9239 20.6684 19.9648 18.5307 16.6208 15.1497 14.6577 27.7357 14.0766 15.5109 14.0368 13.452 13.255 19.2783 22.5895 13.1437 30.8773 24.1024 47.3303 50.2267 47.2898 17.251 17.501 21.8556 22.0854 22.7634 27.7993 14.3216 14.1216 16.3341 15.8444 14.5358 14.0838 14.0054 12.8757 12.8702 13.201 12.5163 12.4561 45.2953 38.2679 21.5367 12.6085 16.0339 12.4076 12.2805 12.9255 12.198 12.158
threshold=0.36608333333333337 0.71458333333333357 31.500000000000004 12.977266509387183 1.6936295965608468 0.64032035891279604 76.500000000000014 32.500000000000007 13.394186904387835 1.0500000000000003 16.850000000000005 0.83336376550620261 38.500000000000007 0.76960776609861148 13.863050110598605 0.88241250626566425 2.6500000000000008 11.350000000000003 45.500000000000007 0.69558333333333355 4.5000000000000009 68.500000000000014 0.90482785114045627 1.1365133026113672 38.500000000000007 0.55275000000000019 0.87170148164528982 0.56208333333333349 1.2161499882329816 1.2313048855906001 0.65958333333333352 0.67558333333333354 50.500000000000007 73.500000000000014 0.61625000000000019 59.500000000000007 0.58791666666666687 0.59125000000000016 38.500000000000007 0.61241666666666683 4.0500000000000007 1.0000000180025095e-35 8.5500000000000025 59.500000000000007 47.500000000000007 69.500000000000014 1.1710408532176959 63.500000000000007 2.2500000000000004 23.500000000000004 92.500000000000014 0.69558333333333355 1.2947923148969733 1.0000000180025095e-35 0.69758333333333356 70.500000000000014 76.500000000000014 0.65341666666666687 0.46708333333333346 4.5500000000000007 9.9500000000000011 1.0000000180025095e-35
decision_type=2 2 2 2 2 2 2 2 2 2 2 2 2 2 2 2 2 2 2 2 2 2 2 2 2 2 2 2 2 2 2 2 2 2 2 2 2 2 2 2 2 2 2 2 2 2 2 2 2 2 2 2 2 2 2 2 2 2 2 2 2 2
left_child=-1 2 19 23 5 6 -5 -7 24 -8 48 12 60 21 15 17 -14 25 -3 50 -21 -13 -23 -4 -6 -15 27 -27 30 -30 34 32 33 45 35 41 40 -38 -39 -40 -37 42 44 -44 -25 -32 -43 -18 -11 -50 58 -31 53 -53 55 -54 -57 -17 59 -2 -9 -42
right_child=1 18 3 4 8 7 9 11 -10 10 -12 13 16 14 -16 57 47 -19 -20 20 -22 22 -24 28 -26 26 -28 -29 29 51 31 -33 -34 -35 -36 36 37 38 39 -41 61 46 43 -45 -46 -47 -48 -49 49 -51 -52 52 54 -55 -56 56 -58 -59 -60 -61 -62 -63
leaf_value=0.03826936128523617 0.001247849236700126 0.064095649040513097 -0.008636342968784419 0.00045033847880864399 -0.001813282020430361 -0.017676198387992583 0.040512958323616788 0.0007483853741451482 0.092913734102045509 -0.092090206070878755 0.085788655195495223 0.00081784204999313685 -0.054298451583554563 0.039878329309937448 -0.06552352599646126 0.0084610544983058696 0.038228101225545839 -0.033169013870091656 -0.045227274751911267 0.052083550745060284 0.50613082155582889 -0.0458459496393901 0 0.069291462709664062 -0.044811670441167815 0.15436578201479109 0.22035502713887031 -0.050225528764984512 -0.050633688896749643 -0.0015729386462713648 0.33238754729562836 -0.045695616549236644 -0.039295692457912416 0.71985902029987414 -0.050574387732768636 -0.039290294947964127 0.23829624043947178 0.15695708996640956 -0.050050925729622622 0.17996298067700858 0.0013385221946934113 -0.047820225657379957 0.025230576375280523 -0.049674153565047348 0.00010915861796286339 -0.032563722670976049 0.00048294241246198724 -0.0485441222170006 -0.089438873034534641 -0.015616712015056867 -0.019571211730367542 0.63995261653059243 -0.035789832184535533 -0.025698538544328211 -0.047723507824498072 0.33678963231059977 -0.02891649617749896 -0.036638496128908862 0.0043054500278130519 0.022444829733924913 -0.057611753412449555 0.039439530992074694
leaf_weight=128.3760515297763 111.29486568365246 3.2949387089465736 759.30298574984772 1036.1719082162599 30.412706622330006 74.483799898182042 11.943386321305296 32.102754433464725 3.105082184134516 5.9504904514178625 3.3851652715238734 207.47205074789235 5.859368178760632 22.71999693848193 9.2656522667384689 1242.4689853400923 135.99435543449363 5.5322184656397431 43.450993907463271 7.3170674253487951 0.25915544544113789 39.617647836159449 34.721207471273374 17.979885425418619 46.133465595950838 2.6732235737144938 2.7739662797539495 2.5051463444251567 32.172841280000284 2164.8002588927047 0.41902706655673616 2.1192965279333293 0.81168927741236974 0.67873288015834987 11.864286409458144 9.8980473009869439 1.9572674920782436 3.6317883017472905 5.4666041643358767 1.6181260230951009 35.945968526415527 24.802465147338808 13.892631664872171 14.07058181799948 13.340286049991844 0.46103662950918078 37.251744545064867 4.2813729526824309 6.1818205249728626 204.15872171678348 48.881285058800131 0.47879255411680688 0.5498142015421762 0.31024966144468635 4.1124233496957459 0.92282364645507164 0.36891038890462369 15.303312670555895 1709.5739840745227 205.93177569750696 12.228511491324751 51.02101232483983
leaf_count=4137 659 1603 12108 10809 364 956 58 293 36 81 127 2087 34 63 228 10522 1813 165 50807 2391 54 1128 906 63 886 11 44 142 691 26107 23 884 171 93 908 72 34 47 206 42 212 169 46 107 66 77 205 102 60 9117 1612 135 164 194 2647 45 147 6132 17159 1283 312 257
internal_value=0 0.000987783 0.00119957 -0.000243165 0.00221793 0.00286291 -0.00240581 0.00647616 -0.022938 -0.0151993 -0.0182681 0.00749312 0.0208336 0.0058857 0.00842769 0.00896611 0.0318416 0.0455521 -0.0372944 0.00563932 0.0746574 -0.00585088 -0.0245058 -0.00269599 -0.0278178 0.0599747 0.115561 0.0553667 -0.000853357 -0.00208178 0.0100725 0.123664 0.272821 0.430931 0.00790088 0.0109481 0.0254305 0.0870185 0.0569791 0.00356108 0.0172393 -0.0020951 0.0152969 -0.0123247 0.0400777 0.152285 -0.0187888 0.0355114 -0.0199587 -0.0178515 0.00538142 -0.00135785 0.0659776 0.399145 0.0151353 0.153311 0.234181 0.00790548 0.00598661 0.0150266 -0.0153308 0.0237683
internal_weight=0 8537.7 8490.95 6407.7 3197.45 3117.8 1267.79 1850 79.6513 231.62 219.676 1775.52 190.466 1585.05 1303.24 1293.98 146.135 36.2046 46.7459 2083.26 7.57622 281.811 74.3389 3210.25 76.5462 30.6723 7.95234 5.17837 2450.95 2203.72 247.23 4.48978 2.37049 1.5588 242.741 230.876 109.539 12.6738 10.7165 7.08473 96.865 121.338 59.2834 27.9632 31.3202 0.880064 62.0542 140.276 216.291 210.341 2075.68 2171.54 6.74301 0.789042 5.95397 1.84155 1.29173 1257.77 2026.8 317.227 44.3313 86.967
internal_count=172101 167964 115554 92396 46476 45190 20252 24938 1286 9443 9385 23982 2554 21428 17307 17079 1949 425 52410 23158 2445 4121 2034 45920 1250 260 197 153 33812 30130 3682 1248 364 193 2434 1526 870 329 295 248 541 656 282 153 129 100 374 1915 9258 9177 20713 29439 3332 329 3003 356 192 16654 19101 1942 605 469
is_linear=0
shrinkage=0.05


Tree=103
num_leaves=63
num_cat=0
split_feature=12 11 6 12 12 12 3 6 12 1 1 9 12 3 2 6 1 2 2 8 11 1 4 10 8 11 9 9 10 8 8 4 3 11 10 9 8 8 3 6 11 1 3 3 1 1 9 2 2 8 10 9 9 12 3 5 2 2 12 2 12 12
split_gain=70.019 25.951 20.5624 19.8934 23.8106 15.2587 14.4242 19.5663 21.2533 19.2303 23.124 16.9637 16.7723 15.9913 15.1159 25.162 20.1551 17.4364 14.856 14.7456 14.5223 14.2786 14.1757 14.0103 13.6645 19.4188 18.1199 13.5998 13.4088 17.6042 19.9861 16.8205 15.6599 15.3418 13.8012 13.3964 13.6863 13.5032 12.9749 14.9026 15.2382 14.2102 18.6447 19.5081 17.2274 15.9181 14.3893 13.8322 12.7147 12.5999 12.3702 12.3515 13.7824 15.5314 12.6635 19.8816 12.3164 17.9941 12.1688 13.1527 19.8279 12.1279
threshold=4.6021411775053886 0.71458333333333357 31.500000000000004 9.2892376806374184 9.3447844079828446 6.0762464689341531 12.977266509387183 32.500000000000007 6.9422842501157573 1.6930751322751325 0.64032035891279604 55.500000000000007 5.9745666903330372 13.863050110598605 0.83336376550620261 38.500000000000007 0.76960776609861148 0.88241250626566425 1.7875136363636368 11.350000000000003 0.45941666666666675 0.97183465284804205 1.5000000000000002 45.500000000000007 9.3500000000000032 0.51541666666666686 58.500000000000007 72.500000000000014 30.500000000000004 10.050000000000002 11.15 4.5000000000000009 13.119678008098044 0.57958333333333356 51.500000000000007 76.500000000000014 1.0500000000000003 16.850000000000005 13.009063140829403 36.500000000000007 0.61241666666666683 1.1287708901884341 13.394186904387835 13.288382406865727 1.3605451857666144 1.3605451857666144 68.500000000000014 1.7493911278195491 1.1365133026113672 2.2500000000000004 88.500000000000014 92.500000000000014 75.500000000000014 7.0201800338463825 13.489963077293384 2.5000000000000004 0.91745231616456124 0.88241250626566425 7.2533304334424988 0.87170148164528982 7.4694714165427092 7.7104775395250416
decision_type=2 2 2 2 2 2 2 2 2 2 2 2 2 2 2 2 2 2 2 2 2 2 2 2 2 2 2 2 2 2 2 2 2 2 2 2 2 2 2 2 2 2 2 2 2 2 2 2 2 2 2 2 2 2 2 2 2 2 2 2 2 2
left_child=-1 2 3 5 -5 21 48 8 12 10 35 -10 -8 14 15 -12 24 19 38 58 -15 27 -11 -3 25 26 -16 -2 -26 56 -31 32 33 -32 -35 -9 -37 49 -19 40 50 -41 43 44 -43 46 -45 -46 -4 -38 -40 52 53 -13 -55 -56 57 -30 -18 60 -60 -51
right_child=1 23 6 4 -6 -7 7 9 11 22 13 51 -14 20 16 -17 17 18 -20 -21 -22 -23 -24 -25 28 -27 -28 -29 29 30 31 -33 -34 34 -36 36 37 -39 39 41 -42 42 -44 45 47 -47 -48 -49 -50 61 -52 -53 -54 54 55 -57 -58 -59 59 -61 -62 -63
leaf_value=0.043593323786762887 0.0068370356753596822 0.057657654697864574 -0.0082376244462429183 0.18727428905300048 -0.044329516185872414 0.0034223630592789983 0.0081245543441204743 0.0007670846347407758 0.05416391247446295 0.029145614572451489 -0.012615396330157451 0.08410559212236049 -0.061445581327790114 -0.11681091910143537 -0.035533903920015132 0.031474395020779679 0.034640020307836521 0.036052193770088434 0.034670964706992415 -0.031961020457842319 -0.014765643261082421 0.022386695527636422 -0.029047221389826794 -0.045002989123767823 -0.075980978303752833 -0.041405977106394237 0.0092274129043474797 -0.047328020042036401 0.031445793995056835 -0.037035397050178637 0.020575498683325234 -0.023359240738219045 0.014334712481530981 0.19466622954808832 0.032912481328725506 0.038989676402453093 -0.089417688354887476 0.081126886046508834 0.016756512246904446 0.006711259893016866 -0.035867823827070495 -0.018498568483079503 -0.03422924819508507 0.082543391692119522 0.02110221467092898 -0.041292952009353401 0.0065566795277285138 -0.071561945935563115 -0.00083259960574201064 -0.0063754680561929171 0.067841999851962348 0.071428721670765805 -0.061094227315145612 -0.032104617916079818 -0.061654058369859759 0.09006646128694934 -0.012074239632844168 0.13816421227194672 0.13630713777136347 0.16927703790728216 -0.05126452785619845 -0.032272705294730204
leaf_weight=97.418160966597497 88.313380097039044 3.4856182659277684 759.61725301702973 3.0747723374515763 1.6093018187093546 1760.2814868529094 11.32989838439971 1014.2026856557932 11.679604777251368 12.070482179173267 41.716476842586417 4.4187575578689566 34.838405132293701 4.1839738730341223 31.737688335590065 141.31926438777009 21.578457620926205 36.501641625189222 49.478008713980671 5.4599054383579633 19.909882217005361 221.01849325280637 72.189361064403784 41.533211290487088 4.5681093806633717 49.896799216512591 77.689149020239711 13.235723080113528 11.359549962973693 25.546373186982237 5.4999505430459958 19.234294418129139 32.025334979291074 3.7749100126093253 2.1951341865351424 11.946036551380528 5.8281082862522444 3.4247751361690453 224.98218262009323 659.91563625552226 12.96454820060171 113.60044250066858 50.845348428294528 15.48240529588657 56.400769653497264 5.4144966047024345 10.663305038062388 4.2196113844402126 2454.7237446936779 133.45387195562944 12.508038114756344 4.0299068297608747 13.767603605869224 26.134630866581574 3.2420637633185816 5.9219160828506574 6.0294464227627023 6.1719689710298544 2.9095031283795816 4.1771499235183001 2.5240728404605761 68.841078938276041
leaf_count=3426 659 1603 12152 262 888 20065 101 10663 71 161 561 8 132 35 176 1863 63 435 487 165 471 1408 1220 50807 49 1194 242 72 131 499 16 531 833 23 142 60 81 121 1063 9485 1422 1643 869 93 647 120 192 98 33909 822 89 177 560 432 93 53 111 71 12 45 142 8077
internal_value=0 0.000983051 0.00118408 0.00549517 0.107394 0.00525846 -0.000216095 0.00215393 -0.0180494 0.0029093 0.00357044 -0.000434179 -0.044284 0.00723284 0.0077934 0.021397 0.00619828 0.00882318 0.00782196 0.0428027 -0.0331024 0.0152586 -0.020627 -0.0368334 -0.00605937 -0.0155792 -0.00372991 -0.000213164 0.00692969 0.0104258 0.000103239 0.0153422 0.0325856 0.0825475 0.137537 -0.00167053 -0.0127501 -0.0157125 0.00671121 0.00578618 0.0165966 0.00282518 -0.00714714 -0.000417899 -0.0069993 0.0356626 0.0518864 0.0144626 -0.00258432 -0.0173682 0.0194955 -0.011683 -0.0181601 -0.00303584 -0.0142924 0.0357644 0.0487262 0.0698701 0.0561108 0.10295 0.0489186 -0.0152246
internal_weight=0 8556.7 8511.68 2087.53 4.68407 2082.85 6424.14 3209.8 115.363 3094.44 3010.18 69.1945 46.1683 1772.48 1748.39 183.036 1565.35 1289.63 1252.98 36.6491 24.0939 322.568 84.2598 45.0188 275.729 159.324 109.427 101.549 116.405 111.837 88.276 62.7296 43.4953 11.47 5.97004 1237.7 223.494 211.548 1203.5 1167 250.455 916.542 256.626 205.781 174.221 31.5602 26.1457 60.6204 3214.34 208.123 237.49 57.5149 53.485 39.7174 35.2986 9.16398 23.561 17.5315 31.1892 9.61073 5.43358 202.295
internal_count=172101 168675 116265 23354 1150 22204 92911 46850 1627 45223 43842 1394 233 24018 23512 2424 21088 17070 16643 427 506 2139 1381 52410 4018 1612 418 731 2406 2357 2044 1545 1014 181 165 19824 9161 9101 16156 15721 2574 13147 3662 2793 2388 405 285 745 46061 8980 1152 1323 1146 586 578 146 313 202 262 199 154 8899
is_linear=0
shrinkage=0.05


Tree=104
num_leaves=63
num_cat=0
split_feature=11 11 10 7 10 1 2 9 10 1 6 2 11 9 10 0 7 9 8 10 2 5 9 1 1 6 8 6 7 0 4 10 2 5 11 11 8 5 9 9 11 0 7 11 1 1 0 1 5 2 1 10 11 10 11 0 7 11 5 10 8 2
split_gain=62.6607 24.2557 18.5472 20.3335 24.9958 19.0618 30.7672 13.2031 13.0225 12.4591 11.9723 18.5326 18.4546 20.8179 15.5895 26.8822 16.1907 13.8728 17.2584 13.5422 25.471 26.5197 18.6275 14.8676 16.3955 13.2875 15.2287 13.2606 14.5651 16.9564 15.5069 23.321 26.968 30.7437 25.847 33.1196 15.0126 12.8071 15.0873 14.8219 14.9664 12.5658 12.5223 15.1172 12.9716 32.5483 18.1734 25.8722 33.9672 17.2548 27.5949 47.0925 35.8942 34.7705 26.5681 24.5345 17.8933 15.0393 15.3661 21.4031 28.0097 39.8125
threshold=0.36608333333333337 0.71458333333333357 96.500000000000014 9.5000000000000018 33.500000000000007 0.55411510058568891 0.64093959750566909 97.500000000000014 45.500000000000007 0.25341918608926334 31.500000000000004 0.55176449259610705 0.69558333333333355 96.500000000000014 91.500000000000014 21.993500000000001 18.500000000000004 55.500000000000007 3.3500000000000001 84.500000000000014 0.62672634857255549 1.5000000000000002 68.500000000000014 0.50128611435154558 0.29890344416154752 33.500000000000007 7.3500000000000005 26.500000000000004 19.500000000000004 15.005700000000003 5.5000000000000009 71.500000000000014 1.1478748463274202 3.5000000000000004 0.59291666666666687 0.63408333333333355 9.5500000000000025 3.5000000000000004 71.500000000000014 56.500000000000007 0.51541666666666686 9.5205254515599353 22.500000000000004 0.63875000000000026 1.8718231582231584 1.6748579801151233 22.641021722210436 1.7634475961538463 1.5000000000000002 1.3198394326914598 0.95960977696193128 71.500000000000014 0.64191666666666691 79.500000000000014 0.64491666666666692 16.936196700902588 13.500000000000002 0.68558333333333354 1.5000000000000002 57.500000000000007 12.050000000000002 1.1955832332933176
decision_type=2 2 2 2 2 2 2 2 2 2 2 2 2 2 2 2 2 2 2 2 2 2 2 2 2 2 2 2 2 2 2 2 2 2 2 2 2 2 2 2 2 2 2 2 2 2 2 2 2 2 2 2 2 2 2 2 2 2 2 2 2 2
left_child=-1 2 3 4 -2 6 -6 10 -3 -9 11 -5 27 -14 19 -16 17 -17 -19 42 23 -22 25 24 41 -23 -27 -13 36 -30 31 37 34 -34 -33 -36 -29 39 -39 -31 -41 -21 43 -12 45 49 -47 48 -48 50 56 52 -52 54 -53 -56 -45 58 59 60 -58 -62
right_child=1 8 -4 7 5 -7 -8 9 -10 -11 14 12 13 -15 15 16 -18 18 -20 20 21 22 -24 -25 -26 26 -28 28 29 30 -32 32 33 -35 35 -37 -38 38 -40 40 -42 -43 -44 44 -46 46 47 -49 -50 -51 51 53 -54 -55 55 -57 57 -59 -60 -61 61 -63
leaf_value=0.037338109454730053 0.03003648541567502 0.052161797867666428 -0.018464112954327483 -0.023457423216714266 -0.00083474143233264902 0.0067432490874956902 -0.054334489052714208 0.15508655849030104 -0.044769760437302152 -0.028354773097644021 -0.00078082133297846436 -0.0016143102498069708 0.06283194669429111 0.43541421693392057 -0.0066366985129753288 0.0075299147158440069 -0.049957179332752802 -0.037230965656420853 0.09040483785611142 0.027746106824612399 -0.042867686540595799 0.091119610178825 -0.043326453052830526 0.14997351083772689 -0.0032658345262948463 0.032211892188184606 -0.022171345654596525 0.015608690109714425 -0.050033636062795921 0.020628581041589319 -0.037368485292030844 0.056619417987204407 -0.049026072004430661 0.20365877550029127 0.38504277392614128 -0.03554043825667226 0.0024892258130453106 -0.0015441666962820264 0.11597926323008984 -0.16594315698585785 -0.023964077156189301 0.24052062771115607 -0.014620743259679917 -0.049940288143706664 -0.049357763022029572 -0.04387886064590138 -0.038467167690534106 0.052051378979586074 0.33899115087594017 -0.014962767728659216 0.18478152500539485 -0.038136308747374836 -0.028163420869435508 -0.043031841365512677 -0.033610165368373766 0.32161028065044239 0.18753412854899179 -0.048625328611380247 5.3594378595757597e-05 0.015397752505383298 -0.016022658464872563 0.31292194391496908
leaf_weight=119.46591403800994 104.02051570592448 3.6658206407446405 119.55901883053593 58.823859982308932 151.0583044923842 1374.7292088443064 32.643501583603211 0.83693773695267637 39.708811114542186 50.925849248829763 4471.7978395463433 538.34994077577721 6.5338085903786114 0.31023018603445951 44.516519968747161 9.908803300582802 3.6224780180491498 2.8479638174176243 24.954036047100089 1.6169428135617665 75.308678036963101 4.941837311605922 19.193079161806963 2.5793966157943933 12.489456241542937 26.516771847847849 24.759127739118412 533.02121507714037 20.182124208076857 21.260970852803439 21.334836605004966 3.1020917966961843 5.3367817450780421 1.4444863888202233 1.7243988090194764 0.58003804134204973 370.74759794690181 6.3784363451413792 4.5671894141705707 1.902953647077086 29.97073768323753 1.2489069172879679 157.36602107103681 10.14572319225408 7.0299226022907524 1.3619629949680518 0.72396067285444621 3.4512387777213007 2.4412847176427022 37.261046069150325 2.4250685144215849 0.68991588847711582 8.9802408743416873 1.2784124886384232 0.50002534611849103 4.1717205165186897 5.546475139679389 6.5245615442399858 21.915294785168953 14.798547731828874 5.7923951633274555 0.98704564501531411
leaf_count=4137 630 1603 6723 976 942 7814 265 54 50807 6355 33818 5496 1747 37 1860 77 432 21 715 87 3183 44 1698 53 587 156 808 3127 583 102 521 21 315 56 50 145 4285 69 76 10 779 37 7540 1678 1404 254 114 268 107 5914 79 51 1634 354 151 454 343 3808 3279 2732 616 20
internal_value=0 0.000887177 0.00107874 0.00135906 0.00630835 0.00471953 -0.0103931 0.000129641 -0.0363614 -0.024999 0.000326504 0.00405631 0.00509394 0.0864677 -0.000880413 0.0202274 0.0492274 0.0589941 0.0770644 -0.00124911 -0.0151704 -0.0218995 -0.000864435 0.0409101 0.0214142 0.0135948 0.00586299 0.00472819 0.00807536 -0.00843383 0.00015932 0.0107578 0.0738625 0.00624945 0.156106 0.280025 0.0102332 -0.00126291 0.0476472 -0.0115028 -0.0330895 0.12714 -0.000755037 -0.000280104 0.0161327 0.0197759 0.117037 0.151065 0.252593 0.013231 0.0258364 0.0804655 0.0178922 0.185342 0.240501 0.282635 0.0106586 0.0218833 0.0314458 0.0565322 0.104995 0.0349954
internal_weight=0 8522.41 8479.04 8359.48 1662.45 1558.43 183.702 6697.03 43.3746 51.7628 6645.26 1625.57 1566.75 6.84404 5019.69 85.8498 41.3333 37.7108 27.802 4933.84 168.654 150.719 75.4108 17.9347 15.3553 56.2177 51.2759 1559.9 1021.55 117.785 97.6029 76.2681 12.1878 6.78127 5.40653 2.30444 903.769 64.0803 10.9456 53.1347 31.8737 2.86585 4765.19 4607.82 136.025 128.995 7.97845 6.61648 3.16525 121.016 83.7554 18.0454 11.4053 6.64007 5.36166 4.67175 65.71 55.5643 49.0398 27.1245 12.3259 6.77944
internal_count=172101 167964 115554 108831 9651 9021 1207 99180 52410 6409 92771 18395 17419 1784 74376 3105 1245 813 736 71271 6653 5889 2706 764 711 1008 964 15635 10139 2727 2144 1623 587 371 216 195 7412 1036 145 891 789 124 64618 57078 23260 21856 743 489 221 21113 15199 2723 1713 1010 656 605 12476 10798 6990 3711 979 636
is_linear=0
shrinkage=0.05


Tree=105
num_leaves=63
num_cat=0
split_feature=12 11 10 6 2 6 4 11 4 2 0 3 0 10 2 2 8 8 11 6 8 4 8 8 0 5 2 0 12 0 10 6 3 10 10 10 11 8 6 10 4 11 8 2 0 2 6 6 2 2 6 8 3 6 10 8 12 8 2 11 0 2
split_gain=63.4865 34.9982 18.6615 22.3881 16.9138 29.2481 16.5087 15.6622 15.0324 14.9809 30.117 13.9585 17.0688 23.4861 24.1097 42.5543 20.2293 17.3919 38.9683 16.5464 18.9449 16.3233 18.9038 18.3651 14.8325 14.0281 13.9243 17.3865 13.3636 20.4467 17.487 20.6503 13.2913 13.1937 19.8098 16.5287 12.5133 13.0756 12.0685 15.1463 14.7402 19.4715 11.696 13.81 11.5243 21.5072 17.8657 13.2528 12.5566 14.5468 15.1302 15.1062 12.3524 11.9198 11.6945 11.5732 11.3303 11.8287 11.2846 11.7061 11.2266 11.1128
threshold=4.7628946521208926 0.68658333333333355 69.500000000000014 64.500000000000014 0.47122336304218665 41.500000000000007 5.5000000000000009 0.41608333333333342 1.5000000000000002 1.5936496088435377 18.960900000000006 12.848968733569032 25.201125000000001 91.500000000000014 1.0693632889413076 1.1710408532176959 1.6500000000000001 10.250000000000002 0.59441666666666682 29.500000000000004 6.0500000000000007 4.5000000000000009 1.0500000000000003 2.9500000000000006 23.81456835637481 3.5000000000000004 1.9950732879818596 17.974411764705888 9.0163271201821509 15.202428571428573 84.500000000000014 37.500000000000007 13.30254518545709 78.500000000000014 85.500000000000014 71.500000000000014 0.65341666666666687 11.750000000000002 62.500000000000007 73.500000000000014 3.5000000000000004 0.55991666666666684 7.3500000000000005 0.44490340454929039 21.669600000000006 0.82290749459473733 59.500000000000007 59.500000000000007 0.69693063112326281 0.67155662131519289 54.500000000000007 11.350000000000003 13.288382406865727 56.500000000000007 66.500000000000014 7.0500000000000007 7.0201800338463825 3.4500000000000006 2.1524412087912093 0.49775000000000008 7.8217538461538476 0.91190501253132838
decision_type=2 2 2 2 2 2 2 2 2 2 2 2 2 2 2 2 2 2 2 2 2 2 2 2 2 2 2 2 2 2 2 2 2 2 2 2 2 2 2 2 2 2 2 2 2 2 2 2 2 2 2 2 2 2 2 2 2 2 2 2 2 2
left_child=-1 2 3 7 5 56 42 -2 -6 44 26 21 24 14 16 33 -14 19 -19 20 -17 22 -10 -24 28 -15 -11 -28 36 -30 -31 -32 -5 35 -35 -16 37 -13 39 40 41 -39 43 -7 46 53 48 55 49 -9 51 52 -51 -46 -48 -47 -4 -58 59 -21 -50 -62
right_child=1 -3 4 32 8 6 -8 9 11 10 -12 12 13 25 15 17 -18 18 -20 58 -22 -23 23 -25 -26 -27 27 -29 29 30 31 -33 -34 34 -36 -37 -38 38 -40 -41 -42 -43 -44 -45 45 47 54 -49 60 50 -52 -53 -54 -55 -56 -57 57 -59 -60 -61 61 -63
leaf_value=0.039028712014550312 0.015218122392044064 -0.031468779726097434 0.015015610024636559 -0.016896932285887224 -0.016982146683659657 -0.0057047955019724327 -0.069375430879625943 0.000842220284461478 0.056834265241293536 -0.025956837029079471 0.0094940209045633953 -0.002973132467240249 0.090798285599405282 0.068992388724743295 0.12918368567060934 0.075776002369544501 -0.03774135045816359 0.059178124494796272 -0.05123457413079871 0.0024157797840409891 -0.019892647313738163 -0.014591753958260048 -0.056741938432420348 4.9476934755751791e-05 -0.050289842583307688 -0.051637009567709641 0.025839176885346017 -0.052978743255601396 -0.044386064523149471 -0.036738639037750979 0.454146153959051 0.099601398435663013 -0.10167036282914371 0.067251390226975877 0.26269740302259026 0.0044740534117312797 -0.04954312498807413 0.064594194588336304 0.088522521664583395 -0.00089059492542476544 0.058434421371640982 -0.055456509462926344 0.074840404729821508 0.081330347668328043 -0.052215464718786388 -0.0097369087783225929 -0.0094177765162850192 0.011125204192898168 -0.022152565967729479 -0.054029089455545909 -0.094773730833531911 -0.061491299442276132 0.011501849416513658 0.016419510679448007 -0.064913554822406697 -6.449735557875335e-07 0.097478587754896304 -0.058839053374407757 0.034512987313742499 -0.046130718118707385 0.012005959948189406 0.0038948788888687304
leaf_weight=111.19820195762441 255.60825889371336 81.996151163300965 13.510341182351114 90.107214094605297 188.94938076857943 13.543699015746826 2.8756925832713014 654.28159942419734 13.970846952171994 93.935943294200115 1262.2708086486673 743.93103008833714 3.2298834542743853 24.803819098859098 4.6887634696904588 11.25885527348146 36.044175570714287 33.319781124591827 10.371366071747614 19.558989074081182 9.3246576157398504 387.63087102863938 14.721868462976998 355.39262330753263 15.260457022232002 2.5477263964712611 32.407444398500957 8.7947817235253734 1.6414343846845429 0.63857197202742133 0.68863914278335858 1.1175752540584651 4.8134731939062467 3.1011055698618284 2.3863837996032089 6.1808921045158058 13.061767330626024 5.6743673682212821 5.1669196854345492 84.461103600682691 26.091506274417043 8.016956470673902 24.883485566359013 6.6910912371240547 31.530232007848099 426.24822941352613 150.79160250443965 193.7234985739924 33.652662374894135 8.8728468889603374 6.6807731317821881 13.625781680340877 36.029387375339866 7.7287712539546183 10.084397921920752 1077.9041948972736 1.2026584009872774 15.131634190212933 8.2140144709264842 32.987676251097582 674.75630928191822 1136.2838445734233
leaf_count=4081 3058 71834 44 1302 4490 179 82 6387 53 1022 8924 9904 8 558 20 47 759 104 718 62 114 7530 155 6698 359 105 239 103 883 294 69 160 94 79 36 100 4042 12 96 1548 289 192 593 45 345 2375 1587 1868 393 81 106 231 301 74 229 10730 20 694 85 703 5823 9209
internal_value=0 0.00101582 0.00133531 0.00272622 -0.0026756 0.020182 0.044347 0.00310111 -0.00353663 0.00257143 0.00708964 -0.00218574 0.00139156 0.0143063 0.00772234 0.01737 -0.0268396 0.00737239 0.0327971 -0.00624572 0.0323082 -0.0073546 -3.57291e-05 -0.0022107 -0.00157022 0.0574268 -0.0153222 0.00880658 -0.000724136 0.0883852 0.177734 0.254132 -0.0213509 0.0929795 0.156322 0.0594122 -0.00115048 -0.000415407 0.0142403 0.0110422 0.0364402 -0.00523137 0.0518432 0.0230879 0.00115524 -0.00202547 0.00318467 -0.00117533 0.00420036 -0.0013963 -0.0239002 -0.0155771 -0.00142748 -0.0385691 -0.0129657 -0.00276351 -0.0185297 -0.0465024 -0.0194202 -0.0279954 0.0063859 0.00692016
internal_weight=0 8444.4 8362.4 6210.13 2152.27 77.8386 47.994 6115.21 2074.43 5859.6 1397.41 1885.48 1113.77 208.018 180.667 141.392 39.2741 125.035 43.6911 81.3442 20.5835 771.716 384.085 370.114 905.75 27.3515 135.138 41.2022 890.49 4.08622 2.44479 1.80621 94.9207 16.3571 5.48749 10.8697 886.404 873.342 129.411 124.244 39.7828 13.6913 45.1183 20.2348 4462.19 1737.13 2725.06 1697.88 2564.18 719.49 65.2088 58.528 44.9022 39.259 160.876 1504.15 29.8446 16.3343 60.7607 52.5467 1844.69 1811.04
internal_count=172325 168244 96410 54481 41929 1657 899 53085 40272 50027 10288 35782 21346 3498 2835 2068 767 1833 822 1011 161 14436 6906 6853 17848 663 1364 342 17489 1406 523 229 1396 235 115 120 16083 12041 2137 2041 493 204 817 224 39739 15392 24347 14973 22531 7106 719 613 382 419 1816 13105 758 714 850 765 15425 15032
is_linear=0
shrinkage=0.05


Tree=106
num_leaves=63
num_cat=0
split_feature=10 6 7 9 8 8 8 2 5 10 4 9 9 6 6 0 8 10 7 8 0 4 1 7 3 9 8 4 1 6 2 7 9 7 10 7 2 4 7 0 0 9 6 14 7 9 6 2 6 1 2 2 4 1 9 8 6 1 9 8 10 6
split_gain=23.7188 22.2181 21.815 16.4269 18.5662 16.366 17.1671 19.5735 15.7068 17.1715 13.7389 13.4535 14.757 21.83 14.3267 15.5261 16.9104 14.0584 22.4693 14.6981 15.1524 12.924 12.7823 14.5492 12.0929 12.0006 26.637 13.7747 14.0182 26.4525 19.5616 14.5673 12.0688 22.3552 11.967 16.2482 23.3387 20.8144 19.4046 16.5169 44.4273 33.4933 27.2015 23.9706 18.0379 17.3069 29.4369 23.6271 16.334 15.0247 17.0692 25.4064 18.766 17.9734 16.6328 18.3522 15.7583 15.2221 14.2027 14.1323 23.0191 14.112
threshold=69.500000000000014 64.500000000000014 3.5000000000000004 43.500000000000007 14.350000000000003 1.0500000000000003 2.9500000000000006 0.58998237594160308 3.5000000000000004 15.500000000000002 5.5000000000000009 82.500000000000014 86.500000000000014 34.500000000000007 50.500000000000007 9.7681397154655603 8.4500000000000011 40.500000000000007 9.5000000000000018 13.15 15.834450000000002 1.5000000000000002 1.5750692307692309 21.500000000000004 13.30254518545709 92.500000000000014 3.1500000000000008 1.5000000000000002 0.29890344416154752 41.500000000000007 0.36219818946717447 7.5000000000000009 88.500000000000014 9.5000000000000018 70.500000000000014 15.500000000000002 2.0501201927437647 5.5000000000000009 16.500000000000004 16.175911764705884 17.830136363636367 85.500000000000014 29.500000000000004 1.0000000180025095e-35 19.500000000000004 55.500000000000007 57.500000000000007 0.61354081232493007 21.500000000000004 0.37352136321195151 0.84221829210947063 0.81679368902652738 2.5000000000000004 0.75188798494715547 82.500000000000014 11.450000000000001 22.500000000000004 0.64032035891279604 68.500000000000014 8.1500000000000004 73.500000000000014 29.500000000000004
decision_type=2 2 2 2 2 2 2 2 2 2 2 2 2 2 2 2 2 2 2 2 2 2 2 2 2 2 2 2 2 2 2 2 2 2 2 2 2 2 2 2 2 2 2 2 2 2 2 2 2 2 2 2 2 2 2 2 2 2 2 2 2 2
left_child=1 2 -1 22 11 10 7 -7 -6 -10 -2 17 13 -13 15 16 -15 18 -5 -20 -21 -9 23 -4 -3 27 -27 32 29 31 -31 -29 -8 -34 -30 48 37 39 -38 -37 41 43 -43 61 -45 46 -42 -47 -36 -50 51 57 -53 54 -52 -56 -55 -51 -54 -48 -61 -41
right_child=5 24 3 4 8 6 25 21 9 -11 -12 12 -14 14 -16 -17 -18 -19 19 20 -22 -23 -24 -25 -26 26 -28 28 34 30 -32 -33 33 -35 35 36 38 -39 -40 40 45 42 -44 44 -46 47 59 -49 49 50 53 52 58 56 55 -57 -58 -59 -60 60 -62 -63
leaf_value=0.02495060478379919 0.030799955716915108 -0.016609111051157876 0.012641277352783829 0.027925194104552561 -0.0050818645426753987 0.03247952557996267 -0.017207501143909499 -0.098437257185715749 0.061477394159484423 -0.049145029737560311 -0.022967846252826857 0.0050818276520979864 0.002117354963551941 -0.047100076029438408 -0.006521764306203469 -0.044575704161961653 0.11177673844577768 0.0025929198216465971 0.0041626474226727885 -0.016458193335522144 0.040941574196726171 -0.026097881411122983 0.035626063774732361 -0.030112722829520128 -0.097721870500403651 0.16348631129265034 -0.038503688728889499 0.067411922587220507 -0.017325101280246537 0.013730157298328525 0.12587326237593996 -0.077643641158991888 0.15968725198407729 -0.046981085386120169 0.075167033345623815 -0.027050049555237977 -0.044387044926996806 -0.034271620305374603 0.038660242954763294 0.056963723477723306 -0.0039637654095803871 0.51362019568120643 0.10143659621786856 0.12031903019302687 -0.0042385637510879903 0.30201770605386979 0.13136574497762094 -0.022207528008963976 -0.042493998377783192 0.014075246159944361 -0.036028385309338412 -0.032824068786375886 0.047380814551776923 -0.070085272460145495 -0.050357300397815635 0.1417871927930319 0.0021286692955212599 -0.023828611496409094 0.12773907880576849 0.12870531860648501 -0.053076022558438664 -0.056556178401383897
leaf_weight=114.80678533855826 59.325774883618578 92.011281158367638 257.54407452209853 139.42416144907475 294.33022867445834 13.613498945953323 183.81455929542426 6.6300708759808904 3.7594358065398401 36.214569504605606 14.663065625587477 94.847594429214951 398.46438840148039 3.1111272777197874 58.933545653533656 80.615820747450925 3.3614888853044249 3862.4601291347644 747.2086340066744 14.476766491774468 52.965074622654356 88.063107794267125 55.622246565879323 21.409773016173858 4.7784811829333185 1.5989388971938741 38.341782470059115 2.3209908825811016 110.57533239183249 7.3510208213119759 8.496411237458231 5.839374728675466 2.6081917935516676 2.410826773615554 7.6026250128052189 72.784554876678158 8.4063134001335111 87.866334533668123 39.667668753361795 4.4880000974517351 62.956619428354315 0.60613962780916963 1.1719693038030525 10.58340769674396 3.8789024427533159 0.46314266242552449 6.3329148381017131 112.61569473188138 18.485025023925118 180.18731860502157 51.365534194919746 4.7228581261006211 17.162285684316888 7.5154327311902298 2.0618103519082061 2.7871855379780754 901.40205323760165 30.875251870660577 8.4067921812529658 2.9978833245695569 3.8468489094520919 6.6440038729342632
leaf_count=1310 331 1999 2323 1374 16209 95 7397 85 11 2798 120 1464 16616 50 1588 1992 125 30041 3767 117 284 778 462 141 148 28 17578 12 2478 302 179 376 41 886 74 9063 350 9402 2742 123 876 59 377 376 514 21 35 15429 401 2716 698 71 107 150 123 167 13296 607 195 26 142 680
internal_value=0 0.00299067 0.00336025 0.00295433 0.00233071 -0.0030308 -0.00383632 -0.0232269 -0.00910176 -0.0384891 0.0200602 0.00303229 -0.00377817 -0.0135486 -0.0256792 -0.0385635 0.0350956 0.00393739 0.00937426 0.00619017 0.0285402 -0.0313141 0.0137279 0.00933237 -0.020762 -0.00279372 -0.0299045 -0.00224319 -0.000886693 0.036976 0.0745802 -0.0354647 -0.0150858 0.0604613 -0.00140559 -0.000339814 -0.00876783 -0.0129587 0.0239726 -0.0064602 0.000445322 0.0598855 0.264474 0.0445035 0.0867687 -0.00815424 0.0102231 -0.0205697 0.00256477 0.00210399 0.0027949 0.0146849 0.0574575 -0.000174515 -0.02759 0.0597097 0.00151842 0.00849815 0.0743911 0.0778975 0.0265282 -0.0102444
internal_weight=0 6336.35 6239.56 6124.75 5790.17 2203.54 2129.55 108.307 334.304 39.974 73.9888 5455.87 639.334 240.87 146.022 87.0884 6.47262 4816.53 954.075 814.65 67.4418 94.6932 334.576 278.954 96.7898 2021.24 39.9407 1981.3 1792.47 24.0078 15.8474 8.16037 188.834 5.01902 1768.46 1657.88 425.31 377.236 48.074 289.37 216.586 27.3724 1.77811 25.5943 14.4623 189.213 76.1343 113.079 1232.57 1224.97 1206.49 241.355 30.2919 965.132 56.2145 4.849 908.917 211.063 25.5691 13.1776 6.84473 11.132
internal_count=172325 82819 80672 79362 76436 89506 89055 958 19018 2809 451 57418 21835 5219 3755 2167 175 35583 5542 4168 401 863 2926 2464 2147 88097 17606 70491 62167 869 481 388 8324 927 61298 58820 40215 37123 3092 27721 18658 2129 436 1693 890 16529 1079 15450 18605 18531 18130 3696 373 14434 988 290 13446 3323 302 203 168 803
is_linear=0
shrinkage=0.05


Tree=107
num_leaves=63
num_cat=0
split_feature=12 11 10 6 2 0 13 10 9 2 6 4 11 4 9 9 6 12 0 0 2 7 9 2 6 9 6 6 8 8 9 9 10 10 2 8 8 10 7 7 8 10 9 8 9 7 9 12 5 9 4 4 2 12 9 9 11 6 8 5 8 9
split_gain=58.6466 32.6618 14.6014 18.5515 14.191 27.4846 16.4976 18.8326 15.6094 14.0495 24.372 14.4796 13.5345 13.4244 19.181 16.1186 14.8548 12.5664 12.0309 15.6889 20.9535 18.1297 18.5304 17.4124 14.8671 21.3723 25.9726 16.3229 29.2361 25.2303 23.159 21.6807 18.5702 29.7262 16.0814 15.3642 13.8674 24.0565 16.6674 12.1313 25.0937 21.3611 16.3966 15.0367 13.0522 18.203 26.3575 11.7297 15.666 18.7562 15.3221 11.631 11.2645 14.3638 12.727 12.4044 11.2206 14.3331 19.4937 11.7098 11.2051 11.1841
threshold=4.7628946521208926 0.71458333333333357 69.500000000000014 64.500000000000014 1.5936496088435377 19.406657142857146 1.0000000180025095e-35 50.500000000000007 75.500000000000014 0.47122336304218665 41.500000000000007 5.5000000000000009 0.67558333333333354 1.5000000000000002 88.500000000000014 92.500000000000014 56.500000000000007 7.7698471729170837 28.441350000000003 25.110450000000004 0.9384973684210528 5.5000000000000009 46.500000000000007 1.9006818768533056 29.500000000000004 80.500000000000014 28.500000000000004 52.500000000000007 11.550000000000002 12.050000000000002 63.500000000000007 75.500000000000014 91.500000000000014 95.500000000000014 1.0160237222210737 12.950000000000001 7.6500000000000012 78.500000000000014 14.500000000000002 9.5000000000000018 9.0500000000000025 84.500000000000014 70.500000000000014 8.2500000000000018 68.500000000000014 19.500000000000004 80.500000000000014 7.2848102876857732 1.0000000180025095e-35 55.500000000000007 1.0000000180025095e-35 4.5000000000000009 2.2844994047619052 7.8812358841197492 72.500000000000014 43.500000000000007 0.67858333333333354 30.500000000000004 15.450000000000001 1.0000000180025095e-35 3.5500000000000003 69.500000000000014
decision_type=2 2 2 2 2 2 2 2 2 2 2 2 2 2 2 2 2 2 2 2 2 2 2 2 2 2 2 2 2 2 2 2 2 2 2 2 2 2 2 2 2 2 2 2 2 2 2 2 2 2 2 2 2 2 2 2 2 2 2 2 2 2
left_child=-1 2 3 4 12 6 8 -8 17 10 -4 -12 -2 14 47 18 -16 -6 19 56 -21 -22 23 -23 25 -24 60 32 31 -30 -31 36 39 51 -35 -32 37 -29 -39 42 41 43 -26 44 -41 -46 -47 48 50 -50 -11 -34 -7 54 55 -54 -15 59 -59 -58 -27 -45
right_child=1 -3 9 -5 5 52 7 -9 -10 13 11 -13 -14 15 16 -17 -18 -19 -20 20 21 22 24 -25 27 26 -28 28 29 30 35 -33 33 34 -36 -37 -38 38 -40 40 -42 -43 -44 61 45 46 -48 -49 49 -51 -52 -53 53 -55 -56 -57 57 58 -60 -61 -62 -63
leaf_value=0.03839843619102714 0.0015146436041535434 -0.044709305575622665 -0.017645234936068392 -0.019586449477567255 0.0085871761422570379 0.012089768989169645 -0.0053774092521606913 -0.078745176506034492 -0.034573574448682705 0.026307083803703668 0.046680128275732168 -0.06819996558140709 -0.040552524853229778 -0.0027323815315404079 0.011328261723048688 -0.038926747013443307 0.1469093340963426 -0.053105863694307642 -0.009039796530726658 -0.055929684942954451 -0.04424902854811482 -0.056063215390244586 0.029378095297936058 0.028502124146906595 0.04741982896074598 0.10646328920079765 0.25011262310310006 -3.4236327988824884e-05 0.21310333143836158 -0.055002178488803413 -0.044020335566964872 -0.055486806275201153 0.052785949417172628 0.10403419741492703 -0.041420139762087471 0.1538719271869321 -0.00036047449376481761 0.038315668333895714 0.14169489910888119 0.022979124856141998 -0.047611503433876205 -0.065515501850877289 -0.02923619372135693 0.023557208535995952 -0.050391804993289713 -0.048673679909981726 0.25378825505851021 -0.037774798335845176 0.0038336842641835643 -0.050815037104841615 -0.030371594646243463 0.15098473522401426 0.041594330464654466 -0.051583526145958847 0.019535370696239854 -0.0089099169067894494 -0.042076905667287084 -0.048641324012393156 0.089581842269202266 0.1288472855615489 -0.048810249677147206 0.13697281438288197
leaf_weight=105.48774751136079 4642.1081130685052 38.96548644307768 29.198748776922002 94.783381210989319 118.59256356582046 1004.2490074760281 18.072977471281774 17.169609323085751 32.319127465365455 38.521191742271185 46.227560223604087 2.7949680975289075 19.09188113984419 1111.2630626824102 7.0100138915586268 28.905981491261628 2.8049569759750739 8.7587886810651963 400.49711887020385 11.481576207559554 13.395209722686557 16.664212079835128 52.997643773909658 9.3922885872889292 22.221972643164918 3.0322686368599525 2.4616299057379365 11.926104865269737 3.5806190403527571 3.0182400461053458 1.1460163744632152 8.4749262349796464 7.3882872862741369 2.2506810307968399 9.6724771137814951 4.5916329796891659 20.54547874815762 7.694114118814471 8.4004649119451624 35.531038467306644 32.947184115531854 9.230214922106823 9.9823264603037369 5.0590165697503817 15.36216724663973 1.5107249561697238 1.1988818187965078 59.737212318752427 27.162276703864336 36.554495099931955 17.097283085808158 5.5147336824447848 13.094735886901615 12.557530944992321 79.044164925348014 151.73591438867152 1.1351741903345125 6.7769941196311247 3.9516559633193538 5.1792245532851666 1.7209515577415002 3.9671038390370086
leaf_count=4081 39409 52418 967 1625 506 7877 125 291 848 164 1053 105 8925 19110 803 4899 151 394 8326 360 80 120 665 37 65 9 30 78 111 152 141 550 118 48 460 286 416 28 94 151 1691 189 104 39 208 79 67 4147 110 216 86 115 57 1214 494 696 487 4502 767 690 180 111
internal_value=0 0.00090009 0.00111332 0.00234661 0.00268761 0.00699792 -0.0104592 -0.0413841 -0.00358054 -0.00241918 0.0183623 0.0399031 0.0013404 -0.00320057 -0.0159133 -0.00193339 0.0516703 0.00426657 -0.00135719 0.000732036 0.0101081 0.012431 0.0148513 -0.0253973 0.0184746 0.040625 0.121026 0.0126695 0.0329511 0.102513 0.054828 0.0176661 0.00392921 0.0436404 -0.0129106 0.113412 0.030622 0.0534374 0.0931243 -0.00325653 -0.0115364 0.00497762 0.0234871 0.0155344 0.00532271 -0.029052 0.0876425 -0.0196722 -0.0105445 -0.0274706 0.00877092 0.0959789 0.00970154 0.000328112 0.00304167 -0.00484458 -0.00210915 0.0380148 0.00216543 0.0971629 0.0493673 0.0749075
internal_weight=0 8417.72 8378.76 6211.58 6116.79 1455.59 194.913 35.2426 159.67 2167.18 78.2213 49.0225 4661.2 2088.96 188.887 1900.07 9.81497 127.351 1871.16 1470.67 342.36 330.879 317.483 26.0565 291.427 60.2125 7.21485 231.214 69.3776 12.3365 8.75589 57.0411 161.837 24.8262 11.9232 5.73765 48.5662 28.0207 16.0946 137.011 104.806 71.8591 32.2043 62.6289 53.6028 18.0718 2.70961 179.072 119.335 63.7168 55.6185 12.903 1260.68 256.432 243.875 164.831 1128.31 17.043 10.7287 6.3144 4.75322 9.02612
internal_count=172325 168244 115826 62461 60836 12502 2164 416 1748 53365 2125 1158 48334 51240 5677 45563 954 900 40664 32338 6782 6422 6342 157 6185 884 219 5301 1856 690 579 1166 3445 741 508 427 616 200 122 2704 2535 844 169 655 505 354 146 4723 576 326 250 233 10338 2461 1247 753 25556 6446 5269 1177 189 150
is_linear=0
shrinkage=0.05


Tree=108
num_leaves=63
num_cat=0
split_feature=12 11 11 8 8 12 11 9 11 1 1 2 9 1 5 5 11 9 2 0 12 0 1 8 9 5 5 1 2 11 7 0 11 1 7 4 1 1 4 4 2 1 4 9 12 11 8 2 2 1 11 1 5 7 0 8 0 2 12 7 12 8
split_gain=55.2924 30.8951 13.4081 12.5927 10.2569 20.6802 17.3722 14.1228 12.8625 14.8639 17.6416 11.9133 11.1729 9.60151 8.83082 8.55581 8.39783 20.4612 23.6045 13.374 15.1459 8.80518 8.73611 8.38725 7.81917 13.5833 22.2769 24.4041 23.4846 17.8609 21.3041 16.177 16.1402 16.8789 11.1465 20.0252 8.65412 28.9455 13.8839 7.92806 8.79394 20.1154 7.84597 7.17604 15.1287 32.622 32.1387 26.4422 7.09962 18.4072 17.3546 25.3839 11.8697 10.2438 8.4505 11.7027 15.0028 9.1944 14.2227 7.78604 7.52131 7.39843
threshold=4.6021411775053886 0.71458333333333357 0.41608333333333342 6.3500000000000005 6.8500000000000005 6.0762464689341531 0.58625000000000016 96.500000000000014 0.5814166666666668 1.7858051948051952 0.6047625143247265 0.3339699887530771 26.500000000000004 2.1975948489010997 3.5000000000000004 4.5000000000000009 0.55758333333333354 87.500000000000014 0.72285805154784755 21.669600000000006 7.4188640192288284 28.558364285714291 1.9791781323438469 10.750000000000002 89.500000000000014 2.5000000000000004 1.0000000180025095e-35 1.0158899476543402 1.030439761156035 0.65041666666666687 15.500000000000002 16.853632958801501 0.60591666666666688 0.77760384241608749 19.500000000000004 1.5000000000000002 0.72304203939640388 0.64032035891279604 4.5000000000000009 3.5000000000000004 1.4317320689655175 1.3500545454545458 2.5000000000000004 92.500000000000014 7.965872707852518 0.60325000000000017 5.5500000000000007 1.1916672093338763 0.43310199929971999 0.3202276487676618 0.66758333333333353 0.37352136321195151 3.5000000000000004 19.500000000000004 7.8217538461538476 10.750000000000002 4.6368000000000009 0.57691545401493938 7.1946872823661066 18.500000000000004 7.093626517548139 15.65
decision_type=2 2 2 2 2 2 2 2 2 2 2 2 2 2 2 2 2 2 2 2 2 2 2 2 2 2 2 2 2 2 2 2 2 2 2 2 2 2 2 2 2 2 2 2 2 2 2 2 2 2 2 2 2 2 2 2 2 2 2 2 2 2
left_child=-1 2 3 -2 6 23 8 12 16 10 -10 -9 -7 15 -12 -13 -4 22 -19 -20 21 -21 -18 -6 48 26 28 29 -26 42 -31 -32 -30 -34 36 -36 37 -27 -39 -29 -41 -42 -28 -8 45 -45 -47 -48 50 60 52 61 53 59 55 -51 -57 58 -58 -14 -50 -52
right_child=1 -3 4 -5 5 7 43 11 9 -11 14 13 24 -15 -16 -17 17 18 19 20 -22 -23 -24 -25 25 34 27 39 32 30 31 -33 33 -35 35 -37 -38 38 -40 40 41 -43 -44 44 -46 46 47 -49 49 54 51 -53 -54 -55 -56 56 57 -59 -60 -61 -62 -63
leaf_value=0.04222748140256171 0.0050018360152884684 -0.044461517820487427 -0.00099110497356571722 0.027366983893560695 0.010195926667381647 -0.069065099566925109 -0.040734350843265939 0.14784362959866126 0.13992452784279241 0.12361511086428177 -0.050035076856447959 -0.041421198632963806 0.015385943121945975 0.052381337886317728 0.086802389683486969 0.047556773617333209 -0.032731468255314436 0.12811896676261048 -0.051488819672824905 -0.029982490363446718 0.12394858809174383 0.05143523428838051 0.024112443078008593 0.031610307468793231 -0.055680807565941549 -0.059305468885529081 0.0011243555358566089 -0.057575116485551227 0.047908426647318321 -0.039569105553196829 -0.031837850730509674 0.27449025131033461 0.20905281224817004 -0.034907499922185115 0.21857955648750527 -0.044185771110205406 -0.031380471454804389 0.019996074191624979 0.20417385972784566 -0.051376486116688193 0.16114786352546656 -0.011898659700852533 0.079443171408845714 -0.048634154026463226 -0.049190531721242874 -0.04356140790190785 0.41888056878551511 0.086395429879825542 -0.14943392453427387 0.00018254706322943869 -0.039803455533015397 0.54340502733265539 -0.03462006771538844 -0.05458612063048468 0.0011987984170182427 0.05151081185068649 0.054047941286239277 -0.075688532096788247 -0.061166360191110707 0.076211751205892048 -0.042227890184725725 0.12674338761832227
leaf_weight=81.62048182124272 228.06649799877778 37.267082542239223 2194.7472415827215 87.288384355604649 308.92794167250395 5.5300818635150781 40.236028587969486 0.86041931278305028 1.9869934017769972 4.2291194638237348 6.1408242993056774 41.232952777121682 96.913255475228652 3.2016862045857115 1.3388079078868029 2.757493022887501 75.613380635157228 4.276673297397795 7.8247182220220592 7.8843001220375317 3.1679007308557621 5.5698735108599067 7.2470333017408839 54.021676395088434 12.681874432601033 4.6972417507786286 4.1890478236600819 4.059193735360167 23.396373424679041 0.83672615059185673 0.44682151923188973 2.9140315039549023 0.64821140712592651 12.477477581298443 1.3163400294142769 1.3778714191867036 28.156272805004846 2.0229157802532427 2.1754683173494413 2.5697286951472034 2.6204384140437469 4.23230664775474 15.51201875368133 4.1496783322654691 8.0650743736186978 1.3256103361491116 1.1682825698517265 1.3460450726561246 2.0688198134303084 48.066171707410831 0.86541679175570596 0.23637482000049193 13.205094773671588 4.8614383715903378 4943.477647910011 3.8773391984868821 4.276668921113016 16.452705881441943 6.7370187659398653 5.5301811129320404 8.412119670363607 1.9858474555658174
leaf_count=3406 2678 52418 8504 1421 1441 31 4050 55 82 42 245 6025 887 219 40 134 1511 87 193 138 46 90 86 315 1428 519 93 313 164 294 244 230 13 1777 53 392 1705 93 54 182 76 285 250 278 1779 145 30 83 10 696 529 29 211 254 74491 51 7 618 313 99 272 121
internal_value=0 0.00089866 0.00110123 0.0112149 0.00070556 0.00185654 -0.00205304 0.00106999 -0.00138423 0.0467389 0.0109394 -0.0258808 0.00131629 -0.0294599 -0.0240603 -0.0356351 -0.00167418 -0.015052 0.0211631 0.00180306 0.0273467 0.00348543 -0.0276765 0.0134049 0.00139221 0.0136804 0.0247968 0.0538457 0.0025624 0.0840855 0.177506 0.232576 0.02302 -0.0209919 -0.0104119 0.0856349 -0.0177422 0.0247385 0.119124 0 0.0251702 0.0549199 0.0631325 -0.0294782 -0.000881159 0.0472716 0.150786 0.25291 0.00108996 0.000798054 0.0129267 0.128223 0.00982736 0.0153708 0.000937794 -0.0152286 -0.0389464 -0.0520378 -0.0158944 0.0187894 -0.065074 0.074863
internal_weight=0 8428.77 8391.5 315.355 8076.15 5699.83 2376.32 5336.88 2320.03 13.6957 9.46663 48.0526 5288.83 47.1921 7.47963 43.9904 2306.33 111.584 28.7235 24.4468 16.6221 13.4542 82.8604 362.95 5283.3 126.33 86.5843 37.3803 49.2039 23.8986 4.19758 3.36085 36.5221 13.1257 39.7461 2.69421 37.0519 8.89563 4.19838 13.4817 9.42247 6.85275 19.7011 56.2907 16.0547 7.98962 3.83994 2.51433 5156.97 5033.37 123.598 3.08764 120.51 107.305 5022.89 79.4099 31.3437 27.4664 11.0137 102.443 10.4809 2.85126
internal_count=172325 168919 116501 4099 112402 94973 17429 93217 11064 409 367 6433 86784 6378 285 6159 10655 2151 554 467 274 228 1597 1756 86753 8165 5349 1967 3382 1111 768 474 1954 1790 2816 445 2371 666 147 856 543 361 343 6365 2315 536 258 113 78588 76458 2130 679 1451 1240 76176 1685 989 938 320 986 282 650
is_linear=0
shrinkage=0.05


Tree=109
num_leaves=63
num_cat=0
split_feature=12 12 10 6 12 3 0 1 2 6 8 8 13 2 10 2 1 6 8 2 10 14 8 12 10 6 8 5 0 10 12 4 12 1 12 3 6 14 1 2 12 8 6 14 1 2 8 1 15 8 10 12 10 2 4 2 6 12 10 1 2 8
split_gain=52.2626 24.9105 13.0581 16.7657 14.2086 13.3114 16.1897 28.4211 14.9005 25.8419 16.8526 14.8907 15.2361 14.6246 21.9844 24.8394 16.6079 18.8233 20.1261 15.2485 14.2745 14.2177 16.6843 14.0823 13.8687 13.7313 13.4549 18.0396 13.0272 13.0208 12.6423 12.16 16.3006 16.2853 11.6904 11.6834 11.5489 13.0807 13.2725 11.5269 11.4037 22.3229 16.3179 11.174 17.3045 14.2232 28.7459 23.7988 17.1346 13.9934 19.1135 12.9381 14.4612 12.5686 12.2682 14.2618 13.2225 18.6865 14.3799 13.5084 14.6209 20.1048
threshold=4.6021411775053886 9.3849275706498094 69.500000000000014 64.500000000000014 5.4219604853889924 12.848968733569032 25.201125000000001 0.81642040816326544 0.48249860088139668 42.500000000000007 1.7500000000000002 7.3500000000000005 1.0000000180025095e-35 1.1760017006802723 84.500000000000014 1.1058068989211849 1.0989505494505496 58.500000000000007 11.750000000000002 1.1422867453878107 75.500000000000014 1.0000000180025095e-35 7.6500000000000012 8.0147730865314397 91.500000000000014 21.500000000000004 12.750000000000002 1.0000000180025095e-35 23.81456835637481 45.500000000000007 7.093626517548139 1.5000000000000002 6.8573379411845545 0.37352136321195151 8.8895248237472604 13.30254518545709 24.500000000000004 1.0000000180025095e-35 0.79358329156223906 0.91190501253132838 7.4444921107304376 10.050000000000002 37.500000000000007 1.0000000180025095e-35 1.5840669077032714 1.5565801985549299 3.0500000000000003 1.3500545454545458 1.0000000180025095e-35 15.65 74.500000000000014 6.9807089536512175 85.500000000000014 1.5720048825768127 5.5000000000000009 3.0358122641509437 54.500000000000007 7.7698471729170837 76.500000000000014 1.8113692307692311 1.8654600000000003 8.4500000000000011
decision_type=2 2 2 2 2 2 2 2 2 2 2 2 2 2 2 2 2 2 2 2 2 2 2 2 2 2 2 2 2 2 2 2 2 2 2 2 2 2 2 2 2 2 2 2 2 2 2 2 2 2 2 2 2 2 2 2 2 2 2 2 2 2
left_child=-1 2 3 4 -2 25 8 21 9 10 -7 20 -13 14 15 -9 -15 23 -19 26 -11 22 -8 24 40 -4 27 -16 31 -3 -12 32 39 -33 -6 -5 37 38 -35 -10 41 42 -18 49 45 47 -47 48 -45 -27 -51 52 -48 -53 55 56 59 -58 -59 60 61 -46
right_child=1 29 5 35 34 6 7 13 28 11 30 12 -14 16 19 -17 17 18 -20 -21 -22 -23 -24 -25 -26 43 -28 -29 -30 -31 -32 33 -34 36 -36 -37 -38 -39 -40 -41 -42 -43 -44 44 54 46 51 -49 -50 50 -52 53 -54 -55 -56 -57 57 58 -60 -61 -62 -63
leaf_value=0.041871209833384188 0.01377536501449827 0.047180353889178163 0.051408793376703593 -0.014586984638786963 0.0021290362027382563 0.11750676925132782 0.069388891541494691 -0.028631164596236793 -0.019865989661812137 -0.037484416400916092 0.0059953619299705626 0.051674944481689411 0.15823794382974168 -0.029838032183798654 0.090324014087265619 0.07172229714680077 0.022051203575338782 0.038813292025749208 0.18711287527276321 0.22439756409590933 0.045144493447078833 -0.056164279949263866 -0.060997030890360397 -0.04965510241110372 0.063291495741104195 -0.018559229140133995 0.18004072677740235 -0.062175256566416308 -0.048490701013434667 -0.049744631072144621 -0.056187672344981267 -0.067736096792655562 -0.03173345060111351 0.04429821654715687 -0.038860256127897036 -0.095940038002697625 0.0013583822738613474 -0.060209711460709352 -0.049829609285679581 0.022527281190703338 -0.03539556417323627 0.055690378030597169 -0.031288837970801904 -0.013562954428406174 -0.023465189149230573 -0.12546292938428122 -0.016775540603417113 0.044017204290916018 0.019350861452455966 0.1532461852440915 -0.016559635928131273 0.049000597006098288 0.043199680762395831 -0.045488413559730392 -0.0067818373539075636 -0.061070334769394052 -0.052181880784434545 0.19244392472068095 -0.041449437613838271 0.055419638602129423 -0.025180511263227887 0.09987453692510595
leaf_weight=78.284752536099404 268.29822384752333 3.7301805407041675 9.6987266499199887 89.997530017688405 5836.9954483584734 2.1822466582525513 5.9567277021706122 12.706791351258291 30.392826775088906 8.419502491247842 17.37391921877861 20.503359384601939 4.0564222286920986 19.252978760225233 6.4936676045181212 11.734029034676494 35.527548156678677 8.609674104547592 3.1232312118518157 2.0239272620528928 13.31384551967494 20.023236577573698 4.0012044183677062 8.0417875906568934 14.825573563575743 251.62616409786278 2.3489405071013598 2.6258489313186146 15.603807095380033 33.621475439111236 15.097114714793859 8.7955903537804243 76.894752711581532 8.6765187175478804 17.335405151592568 4.5775500539457417 852.03011942259036 16.403708545025438 6.4192624072893514 33.660190470516682 11.344701208639888 26.518101252615452 23.889904091134667 229.41473175946157 5.6203049347386713 6.6081396486842996 38.45154219865799 23.881674201751594 47.574378571996931 2.7375497632310717 3.8345710160792805 3.7094073199550612 13.489657595753668 41.964741559408139 57.039514125557616 4.6137876507709725 9.4991736467927677 1.5018045073375099 1.0129682306433094 39.914186632900964 14.274667607562149 7.6302775234798901
leaf_count=3406 3639 1541 161 1608 47917 16 70 378 114 72 57 512 73 564 91 174 135 189 101 52 172 671 229 1666 123 6854 70 129 531 49141 730 256 3709 107 10336 100 19903 473 155 105 329 58 149 7463 68 82 153 382 1261 130 326 173 43 2282 1419 151 112 89 234 628 316 147
internal_value=0 0.0008524 0.0010348 0.00219936 0.00252292 -0.00231022 0.000733735 0.0131736 -0.00167461 0.0189724 -0.0135512 0.0434028 0.0700485 0.0203634 0.048134 0.0194407 0.0133329 0.019691 0.07996 0.0992173 0.01288 -0.0319169 0.0164157 0.0137024 0.018332 -0.00735934 0.0749448 0.0456733 -0.00327446 -0.0398314 -0.0228463 -0.00258217 -0.0162254 -0.000419963 0.00200615 -0.0186746 0.000252104 -0.029423 0.00387817 0.00233434 0.0113708 0.0176367 0.000504291 -0.00808043 -0.00401527 -0.00927413 -0.0251916 -0.00373708 -0.00788684 -0.0166558 0.0546586 -0.018231 -0.00105021 -0.037615 0.0110425 0.0231894 0.0282158 -0.0197109 0.0983358 0.0368443 0.00962411 0.0474009
internal_weight=0 8417.52 8380.17 6217.2 6122.63 2162.97 1348.87 219.048 1129.82 80.9464 34.6533 46.2931 24.5598 189.067 37.9332 24.4408 151.133 131.881 11.7329 13.4924 21.7333 29.9812 9.95793 120.148 112.106 814.098 11.4685 9.11952 1048.88 37.3517 32.471 1033.27 140.948 892.325 5854.33 94.5751 883.53 31.4995 15.0958 64.053 97.2803 85.9356 59.4175 804.399 546.201 405.094 104.223 300.871 276.989 258.198 6.57212 97.6153 51.9412 45.6741 141.107 84.0672 79.4534 12.0139 2.51477 67.4394 27.5253 13.2506
internal_count=172325 168919 118237 63600 61892 54637 32163 5178 26985 1632 803 829 585 4208 894 552 3314 2750 290 342 244 970 299 2460 794 22474 290 220 25353 50682 787 24822 3928 20894 58253 1708 20638 735 262 219 671 342 284 22313 15003 11839 2733 9106 8724 7310 456 2651 196 2455 3164 1745 1594 435 323 1159 531 215
is_linear=0
shrinkage=0.05


Tree=110
num_leaves=63
num_cat=0
split_feature=11 11 10 9 7 2 0 6 4 9 10 0 0 3 1 9 2 7 2 6 9 5 10 10 2 1 4 7 2 2 1 2 4 6 0 10 2 2 10 4 1 2 7 11 6 6 4 9 10 2 11 2 4 11 4 6 11 1 11 6 4 9
split_gain=53.6963 18.821 14.3042 19.7675 16.9296 17.7927 16.5115 15.8909 29.2052 17.4245 16.535 21.6543 25.2159 16.0985 15.4371 15.1075 13.8544 14.9512 13.8543 14.4788 28.9495 16.8097 13.2453 13.3928 21.8103 56.2967 22.6984 22.4835 30.3782 19.7539 15.415 21.0333 16.8578 21.2821 17.8904 14.2111 19.5498 20.5733 21.6409 17.7972 16.3847 16.2708 16.8796 14.1338 13.3166 15.9424 13.1645 20.516 14.9114 13.6147 19.8165 28.9186 22.0916 12.9346 12.7422 12.3378 12.1376 11.7643 18.968 11.5909 16.6926 14.0464
threshold=0.3970833333333334 0.5740833333333335 77.500000000000014 54.500000000000007 15.500000000000002 1.4931853204665706 27.451888888888892 58.500000000000007 4.5000000000000009 48.500000000000007 84.500000000000014 20.539571428571431 15.097000000000001 12.932835152942593 2.8585214285714291 43.500000000000007 2.4291428571428573 3.5000000000000004 1.4847521088435376 62.500000000000007 64.500000000000014 2.5000000000000004 42.500000000000007 73.500000000000014 1.263890881966822 1.0203677179962896 1.5000000000000002 18.500000000000004 2.0738177671068434 1.0118117942903659 1.4150800000000003 1.5657665242165244 5.5000000000000009 26.500000000000004 27.717223393607281 60.500000000000007 1.3703259642117718 1.4388379338972432 55.500000000000007 2.5000000000000004 1.0554513765182187 1.5481927600441889 12.500000000000002 0.61991666666666689 37.500000000000007 46.500000000000007 3.5000000000000004 63.500000000000007 31.500000000000004 1.6408658035065879 0.59891666666666687 1.6017378231292521 2.5000000000000004 0.58308333333333351 3.5000000000000004 22.500000000000004 0.33925000000000011 2.5976712987012989 0.59891666666666687 56.500000000000007 4.5000000000000009 50.500000000000007
decision_type=2 2 2 2 2 2 2 2 2 2 2 2 2 2 2 2 2 2 2 2 2 2 2 2 2 2 2 2 2 2 2 2 2 2 2 2 2 2 2 2 2 2 2 2 2 2 2 2 2 2 2 2 2 2 2 2 2 2 2 2 2 2
left_child=56 55 6 7 5 18 14 10 -9 -10 11 12 -4 -14 16 -12 -3 -18 19 21 -21 -5 46 30 25 29 -26 -28 -29 -25 31 35 54 -34 -35 36 39 38 40 -24 -38 42 -39 44 -36 -46 47 -8 -48 50 -49 52 -52 -40 -32 -2 -1 -6 -59 -58 61 -61
right_child=1 2 3 4 57 -7 22 8 9 -11 15 -13 13 -15 -16 -17 17 -19 -20 20 -22 -23 23 24 26 -27 27 28 -30 -31 32 -33 33 34 43 -37 37 41 53 -41 -42 -43 -44 -45 45 -47 48 49 -50 -51 51 -53 -54 -55 -56 -57 59 58 -60 60 -62 -63
leaf_value=0.043520096154403866 0.016555738882205247 -0.0052085925619883072 -0.049950902938125347 0.0091146948702402284 -0.037225603457329941 -0.035925019204590916 -0.061905129116051408 -0.048189762958524902 0.062541064077923078 0.3048126262106991 0.045888106471196476 -0.027185634750184786 0.20165235959742309 0.06070973652907579 0.078034394955156725 -0.052256119042096087 0.1529637805542704 -0.053521454883289035 0.21587130897637521 0.2226615144957671 -0.002737539373731006 -0.032527821490400496 0.055175815419386987 0.17940089185531288 0.18317259931308577 0.32500026910067925 -0.041600735597580096 -0.047884514449490295 0.17191644587056609 -0.015647253158210618 0.018434065600160331 -0.055792314460244047 0.12434975651582958 0.18438210368050945 -0.0093304166329929456 -0.024430215891221976 0.11577716729231934 0.089031165155461806 0.30408752068481693 -0.025144312667205179 -0.051835946415549852 0.099205132323773079 -0.056039991700897455 -0.051013234857821832 0.12027245950376475 0.0070996368624626927 0.048579427626557641 0.01959325729787947 -0.012801681905099963 0.039703075605835074 -0.046960083176069589 0.40089790843500439 0.20872782182603264 0.1077393030782617 -0.021180916094701224 0.00088819620576066182 0.022089490051453192 0.3655123507187174 -0.037169490178990926 0.0072667229419785904 0.033181956126148722 -0.10434214517486139
leaf_weight=60.559165760874748 128.11680879816413 1045.3219433643389 2.6315851998515454 72.714777400367893 102.0168227191898 45.368174205475952 2.5631666498957228 1.9865349741885427 1.5586446506786162 1.5791360684670506 5.2088698328589116 7.25724721973529 3.7291833671042678 4.8765589435934089 5.3795653541455968 14.610174544388427 0.80772548913955944 21.345868631731719 0.64510902186157082 2.0413021179265334 4.1216475591063499 36.164931504172273 8.5038420142373052 1.5828526285476998 1.5817363053793112 2.0132669469458051 14.593371984083207 2.7885461422847575 3.3286440693191253 5.4748171588289551 41.766079936292954 23.282410264597274 6.1384222008637144 1.5261186883435609 10.451395446434622 48.11709418578539 3.0796907449839654 2.5182480156654483 1.561471648514271 34.337597737263422 2.563945168221835 3.6498485579504623 8.3180755624198337 6.4637180591234928 6.5077003147453052 6.094659689348191 16.978861911571585 2.451901759952305 23.250964480743278 7.4585649415384978 1.2500869739451448 1.2139431178802622 2.1752096972195432 2.3061837365385145 39.285258858988527 6413.1519510112703 154.748806160409 0.37743662483990081 0.664945928088855 4.6853627879172581 8.758076115511356 6.6462241299450397
leaf_count=2747 448 64112 122 7084 38799 3925 27 134 35 68 148 237 33 102 133 936 1 1940 56 48 519 3747 265 78 96 139 800 688 141 573 1498 1327 97 22 85 4229 29 38 6 1902 138 80 459 979 51 109 195 24 582 129 77 9 109 119 1610 26594 3112 3 359 83 154 116
internal_value=0 -2.86759e-05 -0.00467409 -0.0144508 -0.0195999 -0.00942133 -0.00254925 0.0167154 0.0985786 0.191661 0.00540824 0.0394111 0.0827218 0.123974 -0.00561211 -0.0261098 -0.00604561 -0.0451147 0.000951237 -0.000396952 0.0734843 -0.00468835 0.00695488 0.00256004 0.0333533 0.0982982 0.0063824 -0.00769472 0.0717565 0.0292937 -0.00119763 -0.0125476 0.0120299 0.0398582 0.022645 -0.00370479 0.0111549 0.04722 0.103994 -0.00899331 0.0391821 0.00914298 -0.021364 0.0135197 0.0319713 0.0664211 0.0288851 0.0655609 0.0130363 0.0886267 0.138122 0.197976 0.115309 0.193937 -0.000707983 0.00119607 0.0241837 -0.0354334 0.123493 0.0174365 -0.0180891 -0.0580971
internal_weight=0 8266.85 1725.59 307.553 264.115 161.056 1418.03 43.4379 5.12432 3.13778 38.3136 18.4946 11.2373 8.60574 1072.86 19.819 1067.48 22.1536 115.688 115.043 6.16295 108.88 345.178 287.835 31.3632 9.07094 22.2923 20.7106 6.11719 7.05767 256.472 138.238 118.233 37.182 31.0436 114.956 66.8389 23.9975 9.51129 42.8414 5.64364 14.4862 10.8363 29.5175 23.0538 12.6024 57.3427 17.1129 40.2298 14.5497 7.09114 4.63924 3.4253 3.86766 81.0513 6541.27 235.398 103.059 1.04238 174.838 20.0897 11.3316
internal_count=172505 166293 139251 56355 54540 15379 82896 1815 237 103 1578 494 257 135 66186 1084 66053 1941 11454 11398 567 10831 16710 15558 2515 790 1725 1629 829 651 13043 8592 4451 1343 1246 7265 3036 869 292 2167 167 577 497 1224 245 160 1152 375 777 348 219 195 186 125 3108 27042 6212 39161 362 3465 353 199
is_linear=0
shrinkage=0.05


Tree=111
num_leaves=63
num_cat=0
split_feature=11 11 12 10 11 11 6 5 9 12 10 6 6 0 7 14 11 11 10 0 0 12 2 12 6 4 9 10 10 6 2 0 9 9 4 10 10 7 2 6 10 7 2 6 0 6 9 2 12 9 6 2 7 10 10 5 4 9 10 6 12 10
split_gain=49.7777 17.1577 13.9553 13.2451 18.9657 21.9887 39.9446 40.8806 15.7174 19.768 20.8308 15.8873 25.4892 14.8224 13.6126 13.4208 19.3509 12.6854 16.1998 14.9031 15.968 16.0658 13.4013 16.1529 12.2764 12.4099 11.8036 35.2759 12.3373 20.113 12.9638 18.3027 12.551 31.7567 11.7748 11.6495 12.3392 11.6183 15.9927 29.8004 15.283 16.8398 14.9344 12.0995 12.909 12.0747 14.3502 11.5197 11.2872 11.2385 11.175 11.0061 20.2023 10.9572 11.6438 23.4235 10.7853 17.3796 13.2188 10.4109 10.271 13.0496
threshold=0.3970833333333334 0.5740833333333335 4.4168058995106652 77.500000000000014 0.6272500000000002 0.6249166666666669 44.500000000000007 1.0000000180025095e-35 55.500000000000007 7.6707902545301501 84.500000000000014 51.500000000000007 54.500000000000007 27.451888888888892 17.500000000000004 1.0000000180025095e-35 0.5814166666666668 0.58475000000000021 42.500000000000007 12.698095253967461 12.737941153049851 8.0637161553749817 0.82782465768358637 8.5589390246246442 56.500000000000007 4.5000000000000009 58.500000000000007 58.500000000000007 57.500000000000007 37.500000000000007 0.97988487179487194 22.185200000000005 70.500000000000014 72.500000000000014 5.5000000000000009 42.500000000000007 45.500000000000007 15.500000000000002 1.2014181870510445 62.500000000000007 85.500000000000014 13.500000000000002 2.8761003921568631 29.500000000000004 12.13475207982202 33.500000000000007 78.500000000000014 0.89962740456444945 7.650477975332346 50.500000000000007 22.500000000000004 0.74011450890805741 9.5000000000000018 75.500000000000014 42.500000000000007 1.0000000180025095e-35 3.5000000000000004 63.500000000000007 31.500000000000004 33.500000000000007 7.8083478394196755 76.500000000000014
decision_type=2 2 2 2 2 2 2 2 2 2 2 2 2 2 2 2 2 2 2 2 2 2 2 2 2 2 2 2 2 2 2 2 2 2 2 2 2 2 2 2 2 2 2 2 2 2 2 2 2 2 2 2 2 2 2 2 2 2 2 2 2 2
left_child=2 50 -1 13 5 8 -7 -8 9 10 -5 -11 -13 15 -12 16 -3 18 48 -19 21 -21 -23 -24 -4 49 27 -20 29 -28 -31 -32 -30 -34 -35 56 -37 38 39 40 -10 43 -39 -42 -45 -46 51 -25 -17 -26 -2 -47 -53 54 55 -18 57 -15 -58 -36 -22 -62
right_child=1 3 24 4 -6 6 7 -9 37 11 14 12 -14 35 -16 17 53 19 26 20 60 22 23 47 25 -27 28 -29 32 30 31 -33 33 34 59 36 -38 42 -40 -41 41 -43 -44 44 45 46 -48 -49 -50 -51 -52 52 -54 -55 -56 -57 58 -59 -60 -61 61 -63
leaf_value=0.044892895052549099 0.015776732129373233 -0.023261110876739665 0.021247601785284492 0.091480054608000724 -0.031485038470547587 -0.047110352528702257 0.3490401263128966 -0.041002904520233113 -0.024505349308876587 -0.052210088946484712 -0.053753222747748797 0.15773287951107393 -0.049464446532940368 -0.060949531364837634 0.060889936677497619 -0.063798414819269011 0.014209846027740664 -0.043166788857609356 -0.032172682834387706 0.15145333265630356 -0.026269069967885719 -0.049286528358667994 -0.043505977517624791 0.43813212816689795 0.0069701870832282707 0.026268312050285111 -0.02549580567514026 0.074687321804805071 -0.047922364298065144 0.080473848031694106 -0.054866832795052389 0.06808374538054679 0.12938281622121448 -0.053406961220234174 0.078968305722510207 -0.043950991880773033 0.0047182112046672726 -0.041785730461219056 -0.025766233899578123 0.1444280164168725 -0.049266582200450076 -0.049440856627239523 0.15935590083745085 -0.047119153205770758 0.18202076743847884 0.17517577626932729 -0.047359564249066503 0.10237413679136176 0.010704653844991904 -0.091219954225824074 0.00084383988415705376 0.11018743681550519 -0.04855369251595492 -0.038147845807850606 0.0099140514177148698 -0.044505023363153685 0.04532220221761088 0.078813542493229735 -0.012262051986122768 -0.023347281582007839 -0.0098959444211130371 0.058835655989565999
leaf_weight=57.587840164080262 127.73561201617122 72.410586385987699 152.14959925506264 13.060470005497338 102.31480252550682 2.5779782512690863 1.890058084856719 0.95258272415958334 26.602422944735736 12.154402381274851 5.7913468442857248 2.6881831530481568 3.0476181856356561 2.4769443593686473 4.5122850835323334 14.014353154227139 36.850295397918671 42.068834725592751 12.121651891618965 2.7664597821421903 109.88469488127157 3.8714461255003698 1.0910478448495271 0.30831493309233327 4.6541479174047726 8.3147948309779149 15.053398268297313 20.734817460179329 19.668613137677312 13.518493212759497 5.7364419428631646 6.1654458101838827 4.185300916433337 11.695359503850341 4.2207428561523557 13.562125013966577 273.93091479258146 41.79050750285387 55.109670091886073 3.8544524491298935 2.5717053376138272 5.2612496598158023 0.8375754919834425 2.1690426548011628 2.4162035593762985 2.5230214055627576 2.4253934705629936 1.1223933002911506 7.7432098519057027 7.2594051826745272 6412.7609559763223 5.6432523382827622 2.9556030165404081 14.30592334945686 344.93648661428597 31.228696213976946 17.288041490595788 15.515516080544328 23.069623579387553 5.6707283006981015 259.6607427932322 6.9780241023399858
leaf_count=2729 448 720 3141 102 48902 235 91 113 814 412 92 43 108 27 60 122 837 5131 73 34 1948 619 53 28 83 146 123 109 249 99 76 54 46 238 39 471 15087 2725 1558 89 92 317 27 126 48 65 162 158 56 113 26594 53 121 2130 24941 1160 195 348 582 109 26005 1029
internal_value=0 -3.06874e-05 0.0235479 -0.00447943 -0.013965 -0.00500341 0.0933393 0.219684 -0.00780327 0.0195233 0.0497817 -0.0197725 0.0478243 -0.00244121 -0.00296407 -0.00535697 0.000610708 -0.0106128 0.00238866 -0.0148954 -0.0117883 0.0529842 0.00792842 0.0962026 0.0163661 -0.0200284 0.00969478 0.035134 -5.41041e-06 0.0199866 0.0471106 0.00844433 -0.0179268 0.00486859 -0.0195272 0.00654755 0.00239043 -0.0151564 -0.00660211 0.0120402 0.00198233 0.0293015 -0.0373529 0.0496929 0.0641956 0.079831 0.0600385 0.201892 -0.0371274 -0.0527061 0.00113648 0.0841181 0.0551191 0.00467204 0.0061762 -0.0126758 0.0269051 0.0590661 0.0123328 0.0201643 -0.0133909 -0.00805709
internal_weight=0 8257.5 229.966 1717.01 303.15 200.835 5.42062 2.84264 195.414 41.2543 23.3641 17.8902 5.7358 1413.86 10.3036 1068.01 499.732 568.281 140.529 427.752 385.683 9.15966 6.3932 2.52176 172.378 20.2283 118.771 32.8565 85.9145 40.4738 25.4204 11.9019 45.4407 25.7721 21.5868 345.843 287.493 154.16 111.532 56.4223 52.5679 25.9655 42.6281 20.7042 18.1325 15.9635 13.5473 1.43071 21.7576 11.9136 6540.5 11.1219 8.59886 427.321 413.015 68.079 58.3501 17.9925 40.3577 9.89147 376.523 266.639
internal_count=172505 166293 6212 139251 56355 7453 439 204 7014 817 254 563 151 82896 152 66186 29788 36398 1393 35005 29874 892 858 239 3483 342 1215 182 1033 352 229 130 681 432 386 16710 15558 6197 3445 1887 1798 984 2752 667 575 449 401 186 178 196 27042 239 174 29068 26938 1997 1152 375 777 148 28982 27034
is_linear=0
shrinkage=0.05


Tree=112
num_leaves=63
num_cat=0
split_feature=11 11 10 11 11 6 7 7 8 0 8 7 9 6 6 0 4 14 11 7 11 9 8 8 9 8 9 7 11 8 0 10 8 6 6 4 0 6 3 5 6 9 7 7 0 5 11 6 8 8 10 10 11 10 10 8 8 10 6 0 6 7
split_gain=46.12 15.6756 12.3396 17.853 18.0734 28.3019 27.715 20.7442 14.644 13.4168 16.4068 29.0551 35.0325 24.4185 43.9849 24.6525 22.5488 14.4388 22.5625 12.4551 11.7327 11.716 14.6067 20.6126 19.0541 30.9345 24.9008 24.6861 26.1385 14.9539 14.8385 18.4885 14.0499 12.1123 16.2794 11.7657 11.4146 10.9869 10.898 16.9166 17.3975 15.7973 13.9132 19.6505 15.0968 13.7726 10.7045 10.677 10.2959 14.0105 10.2895 11.535 13.159 12.8062 13.1728 12.4904 46.5578 33.5849 20.1885 20.136 16.2043 12.9047
threshold=0.3970833333333334 0.5740833333333335 77.500000000000014 0.6272500000000002 0.6249166666666669 44.500000000000007 14.500000000000002 16.500000000000004 6.4500000000000011 27.451888888888892 5.8500000000000005 22.500000000000004 79.500000000000014 30.500000000000004 28.500000000000004 23.991700000000005 4.5000000000000009 1.0000000180025095e-35 0.5814166666666668 5.5000000000000009 0.33925000000000011 71.500000000000014 14.050000000000002 9.7500000000000018 58.500000000000007 10.65 70.500000000000014 14.500000000000002 0.6249166666666669 13.450000000000001 16.175911764705884 51.500000000000007 15.750000000000002 59.500000000000007 61.500000000000007 3.5000000000000004 10.191000000000003 53.500000000000007 13.288382406865727 3.5000000000000004 59.500000000000007 81.500000000000014 13.500000000000002 14.500000000000002 15.202428571428573 1.0000000180025095e-35 0.59741666666666682 30.500000000000004 17.350000000000005 17.250000000000004 42.500000000000007 73.500000000000014 0.58475000000000021 65.500000000000014 45.500000000000007 11.450000000000001 10.750000000000002 68.500000000000014 38.500000000000007 27.634275000000002 26.500000000000004 18.500000000000004
decision_type=2 2 2 2 2 2 2 2 2 2 2 2 2 2 2 2 2 2 2 2 2 2 2 2 2 2 2 2 2 2 2 2 2 2 2 2 2 2 2 2 2 2 2 2 2 2 2 2 2 2 2 2 2 2 2 2 2 2 2 2 2 2
left_child=20 37 9 4 8 -6 -7 -8 -4 10 11 12 -3 14 -14 -15 -17 18 36 -19 -1 22 23 -21 27 26 30 -25 46 47 -26 -32 38 -24 -35 -34 -12 -2 -23 42 41 -41 -40 44 -44 -46 -29 -30 49 -37 -11 53 -53 54 -52 56 60 -58 -59 -57 -55 -60
right_child=1 2 3 -5 5 6 7 -9 -10 50 17 -13 13 15 -16 16 -18 19 -20 21 -22 32 33 24 25 -27 -28 28 29 -31 31 -33 35 34 -36 48 -38 -39 39 40 -42 -43 43 -45 45 -47 -48 -49 -50 -51 51 52 -54 55 -56 59 57 58 61 -61 -62 -63
leaf_value=0.042891016311969454 0.0021039456643484012 0.23153022856254526 -0.050493252814394513 -0.030858262622270261 -0.046903688430005641 -0.041820595346351963 0.39913227923171385 0.09649289350814852 -0.0031122151106493384 0.025165763222642964 0.02639771863417812 -0.049851540795883879 -0.045880954172968544 -0.049808430705724951 0.28314061946975494 -0.044864924557645264 0.2033500736331415 0.041707981568847405 0.0044542009850633097 -0.034523238517370346 0.016304416024815062 -0.029771037009989839 -0.028041338051787303 0.14242931699517425 0.086038571856076163 -0.015810856748755667 0.17393266364359861 0.024575187351611627 0.12901381958022531 0.23151215663359861 0.076006859091188553 -0.052288413960370816 -0.050837882726814755 0.12016909396254678 -0.019199796218511641 0.05329467364855927 -0.03449340801797543 -0.0030219110735896747 -0.053340141366735254 -0.050363113903116721 0.20942839880235581 0.078521569173189892 -0.047944983800295764 -0.019680857718650017 0.017240486257391354 0.17729643411173651 -0.033928053693730011 -0.044185308776665669 -0.047028928557909487 0.31939756523744212 -0.043162729997978024 -0.055031416762070517 0.0422241420329168 0.079088859776681286 0.0084697533503197888 0.20707882923588594 -0.049515869825048492 0.046119829903838047 0.15551736584186848 -0.054096766652357936 -0.044824214203303826 0.38355053291259056
leaf_weight=55.569201453123242 5234.1962809199467 2.7014923011884155 17.920605653198436 99.253814021183643 2.4632138160523018 1.0202819651458415 1.2231441326439383 1.2319885813631115 175.53125486243516 59.182875952275936 8.6764197424054128 7.1383680005092165 1.6974478533957147 7.7452966170385462 2.2652334416052327 1.4181135285180064 2.2091013343306258 10.577910061459987 421.37932878860738 31.659327342873439 169.21628662291914 179.27117599622579 82.512086957227439 4.7531537413597098 6.7268408593954581 85.98411844210932 3.3618244873359791 29.736031142994761 2.0145608631428327 2.0055942088365555 4.2728617284446937 7.7207188231404871 3.9169120296137434 3.2652734087896516 5.3721440082299523 10.143726261740081 59.131913295015693 1305.5626255031675 17.535257295472547 3.9355967002338712 1.4024966668221157 5.6199983104015701 1.857681535067967 24.719354640285019 2.3895871926797554 3.2894794287858531 10.450628081336616 1.4120825219433752 2.2681479142629533 0.43725187529344189 13.132129655510651 3.8316946588456622 28.441780722467229 2.8449212227715206 181.89414100983413 0.65547818399500357 2.1491795857436946 1.8571801462094297 1.8011360428645278 26.141051929793321 24.010410653601866 1.2670843012165276
leaf_count=2747 20720 54 1514 48902 235 85 38 81 5500 1152 82 658 90 575 47 75 59 94 28469 904 3465 15777 3116 19 139 2573 76 232 39 73 38 249 1980 133 290 1542 557 6322 753 251 66 547 129 4096 79 71 239 131 1801 83 471 51 2464 78 7663 21 120 82 60 3013 1464 71
internal_value=0 -3.37433e-05 -0.00429826 -0.0135328 -0.00487221 0.0802437 0.17055 0.258944 -0.00755106 -0.00233823 -0.00512808 0.0346466 0.0684546 0.0380889 0.143311 5.96177e-05 0.106365 -0.006101 0.000134728 -0.0116694 0.0229153 -0.0127357 -0.00565786 0.0022103 0.00959911 -0.00220155 0.0503975 0.0349691 0.0233761 0.12535 0.0271411 -0.00591764 -0.020463 -0.0221066 0.033687 0.0235355 -0.0266011 0.00107985 -0.0235658 -0.00515315 0.0506926 0.0249491 -0.0176209 0.00174734 0.0720206 0.112278 0.00919073 0.0569935 0.046811 0.0676467 0.00618747 0.00226312 0.0303886 -0.00127699 0.00494711 -0.0213235 -0.000996754 0.112048 0.183124 -0.046776 -0.0312673 0.2604
internal_weight=0 8248.59 1708.83 298.644 199.39 5.93863 3.47541 2.45513 193.452 1410.18 1062.97 25.1751 18.0367 15.3352 3.96268 11.3725 3.62721 1037.8 489.188 548.612 224.785 538.034 281.247 190.098 158.438 108.066 22.0822 50.3721 45.6189 5.43224 18.7204 11.9936 256.787 91.1495 8.63742 16.766 67.8083 6539.76 240.021 60.7495 10.9581 9.5556 49.7914 32.2561 7.53675 5.67907 40.1867 3.42664 12.8491 10.581 347.209 288.026 32.2735 255.753 195.026 60.7264 33.9299 7.07458 4.9254 26.7965 26.8553 3.06822
internal_count=172505 166293 139251 56355 7453 439 204 119 7014 82896 66186 1558 900 846 137 709 134 64628 29108 35520 6212 35426 8251 4712 3808 3075 502 733 714 243 426 287 27175 3539 423 5406 639 27042 21769 5992 864 798 5128 4375 279 150 471 170 3426 1625 16710 15558 2515 13043 8134 4909 1875 333 213 3034 1542 131
is_linear=0
shrinkage=0.05


Tree=113
num_leaves=63
num_cat=0
split_feature=11 11 12 6 6 8 11 6 10 11 7 7 14 10 6 11 9 0 1 4 9 0 8 11 9 12 1 3 0 10 9 12 1 10 6 4 0 7 10 9 6 0 1 8 3 1 1 8 3 11 0 11 11 9 4 0 10 1 1 9 7 6
split_gain=42.6707 15.1211 13.5782 11.6647 11.4044 13.8595 10.8549 11.2692 10.8214 10.7654 11.8027 12.158 13.963 16.9124 9.4375 15.4 23.9369 16.6605 16.4108 15.9656 18.1503 16.2589 19.5559 13.0124 11.1968 10.6713 10.0991 25.764 19.7428 22.2389 17.827 16.3926 15.865 14.0174 22.6553 13.575 13.6871 12.5306 12.352 12.5963 11.6033 11.5154 12.8023 16.9245 16.8371 12.5458 16.119 15.9194 11.728 16.6229 30.4475 16.2251 15.1444 13.9479 13.3911 11.72 15.8854 23.5558 16.0038 13.4559 11.7111 11.6076
threshold=0.3970833333333334 0.70758333333333356 4.4168058995106652 67.500000000000014 56.500000000000007 2.7500000000000004 0.56641666666666679 22.500000000000004 45.500000000000007 0.70258333333333356 19.500000000000004 14.500000000000002 1.0000000180025095e-35 74.500000000000014 53.500000000000007 0.53641666666666687 87.500000000000014 27.254925000000004 1.0204665816326532 3.5000000000000004 51.500000000000007 16.853632958801501 11.250000000000002 0.54508333333333348 44.500000000000007 6.5445444016498415 0.90003636363636386 13.256184881179701 11.905691532585733 70.500000000000014 61.500000000000007 7.1946872823661066 0.5441943654586654 87.500000000000014 46.500000000000007 4.5000000000000009 7.5098769230769244 19.500000000000004 75.500000000000014 67.500000000000014 37.500000000000007 23.81456835637481 1.6930751322751325 8.9500000000000011 13.036193712795823 1.3603062057531565 0.94687151880806797 6.3500000000000005 12.766315898521109 0.53958333333333353 26.14505432908604 0.54758333333333353 0.5192500000000001 62.500000000000007 3.5000000000000004 15.286400000000002 60.500000000000007 1.535131336032389 1.1723174281858495 67.500000000000014 8.5000000000000018 29.500000000000004
decision_type=2 2 2 2 2 2 2 2 2 2 2 2 2 2 2 2 2 2 2 2 2 2 2 2 2 2 2 2 2 2 2 2 2 2 2 2 2 2 2 2 2 2 2 2 2 2 2 2 2 2 2 2 2 2 2 2 2 2 2 2 2 2
left_child=2 3 -1 6 -4 -6 7 -2 -3 -8 11 -11 13 -13 26 24 18 -18 19 21 -21 22 -17 -22 25 -16 27 30 29 -28 31 -9 35 37 40 -29 -37 38 -32 -40 -35 42 55 44 -44 46 47 -43 52 53 51 -51 -48 -50 -53 56 58 -58 -30 -60 -47 -55
right_child=1 8 4 -5 5 -7 9 14 -10 10 -12 12 -14 -15 15 16 17 -19 -20 20 23 -23 -24 -25 -26 -27 28 32 41 -31 33 -33 -34 34 -36 36 -38 -39 39 -41 -42 45 43 -45 -46 60 48 -49 49 50 -52 54 -54 61 -56 -57 57 -59 59 -61 -62 -63
leaf_value=0.04439215670559532 0.016381143946438456 0.047692575547596108 0.020104954682480306 -0.04911072106230048 -0.076803662347372445 0.0096701997861775059 -0.003253051595799836 -0.0024406610434062562 -0.039368680407030329 -0.042533010631803939 -0.045068435360867715 0.29893808073882078 0.036992030839175787 -0.031686839230071887 -0.0082514589796005393 -0.056141938568758903 0.0044443050665985123 0.11286699961392931 -0.035827735022625505 0.029197089081817031 -0.0009574136658479014 0.032845921132276891 0.026762982997669889 -0.05600186393540163 0.0011944150262311686 -0.052263519462883767 -0.0081332164030634268 -0.0070658596193951123 0.023380925543348689 -0.076936554239072683 -0.010786323442667854 0.033385075097533752 0.0096216661818579931 -0.063894012861501093 0.094025099175963134 0.050858570545292615 0.0049032919618153641 -0.051972194689855922 -0.079293740420604844 -0.02047081657125863 0.027476209778817342 -0.017857263883020186 0.0008266156589844904 0.01250753088179804 -0.040822171133094998 0.018628332629438717 -0.0054622786423087375 0.026564212918795578 0.0047084268206253228 0.035885369988117102 0.088005108730523696 0.02083030735215011 -0.030846251327607817 0.0097411442637750385 -0.046911991097059083 0.01245375627246339 -0.030265504987536059 0.047697387598817372 -0.041704613306681237 0.010768900042962527 0.0027889281392576371 -0.034083762931200461
leaf_weight=52.8695537019521 120.06893572583795 3.8271592175005926 146.64581501297653 11.917626560316419 6.9011070155538645 13.418413606472312 1980.6117509585456 351.38132560625672 35.923083279456478 1.1168292649090279 1.8942043834249487 1.5966772576794031 1.9974375912570392 0.44370077247731377 59.813146190717816 15.326458651572468 9.511331878602503 5.653932772576808 86.663823872804642 12.057497724890707 15.87628045119345 35.119525929912925 13.025431018322704 34.339486602693796 930.0981635376811 17.974664337933064 64.093626908957958 384.27183329500258 82.036452349275351 14.35399593785405 405.28108465671539 35.012868413701653 614.46804379113019 6.0517357531934994 7.6914679724723092 18.713496306911111 119.76131909620017 22.258452508598566 13.356448914855717 29.56612903252244 7.8163643544539809 27.759235385805368 51.845092665404081 79.987906228750944 45.13485592417419 138.9833114836365 149.12238675076514 72.159978006035089 97.053725350648165 22.721912905573845 13.498377714306114 11.935578633099796 97.583315746858716 19.773885119706392 18.199183898046613 902.28558878786862 65.585137870162725 11.230478033423422 21.95060802064836 27.094802126288414 733.61369071900845 61.331654019653797
leaf_count=2729 389 1791 3141 307 105 237 81007 1259 55557 560 1447 296 823 321 237 198 134 43 816 65 108 264 47 384 3177 74 251 1649 256 97 1586 138 2253 60 37 59 490 150 86 206 58 128 210 237 214 501 517 241 322 72 38 50 518 63 119 3112 323 32 91 93 2493 239
internal_value=0 -3.67467e-05 0.0222783 0.00011196 0.0152236 -0.0196863 0.000184812 0.00121613 -0.0307623 -0.00302975 0.0581815 0.0972104 0.137165 0.226583 0.000915581 -0.00298356 -0.0147289 0.0456687 -0.0190841 -0.0074853 -0.0254758 0.0100992 -0.0179178 -0.0387348 -0.000325375 -0.0185397 0.00191093 -0.0007916 0.00383795 -0.0208681 -0.00722519 0.000800527 0.00417369 -0.013537 0.0257182 -0.00222125 0.011182 -0.0153516 -0.0135106 -0.039033 -0.0122098 0.00454505 0.00799553 -0.00447255 -0.0185275 0.00150708 -0.00411179 0.0141677 -0.00784233 -6.06391e-05 0.0212618 0.00398867 -0.0155315 -0.00803765 -0.0199355 0.00998773 -0.000691775 -0.0187551 0.00986167 -0.0126513 0.00531933 -0.0233386
internal_weight=0 8239.82 219.835 8200.07 166.965 20.3195 8188.15 6200.49 39.7502 1987.66 7.04885 5.15464 4.03782 2.04038 6080.43 1235.46 227.574 15.1653 212.409 125.745 62.2733 63.4714 28.3519 50.2158 1007.89 77.7878 4844.97 2015.63 2829.33 78.4476 878.416 386.394 1137.21 492.022 21.5596 522.747 138.475 470.462 448.204 42.9226 13.8681 2750.89 1287.15 176.968 96.9799 1463.74 591.139 99.9192 491.22 244.514 66.3551 52.8567 246.706 178.159 30.1348 1110.18 207.897 76.8156 131.082 49.0454 872.597 81.1055
internal_count=172505 166293 6212 108945 3483 342 108638 24184 57348 84454 3447 2000 1440 617 23795 5547 2059 177 1882 1066 557 509 245 492 3488 311 18248 8031 10217 348 3580 1397 4451 2183 155 2198 549 2028 1878 292 118 9869 4568 661 424 5301 2307 369 1938 903 279 241 1035 624 169 3907 795 355 440 184 2994 302
is_linear=0
shrinkage=0.05


Tree=114
num_leaves=63
num_cat=0
split_feature=11 11 11 6 11 11 8 4 2 0 9 1 6 4 8 6 0 1 1 6 3 2 2 8 0 9 0 6 1 0 7 7 6 1 2 2 7 9 11 1 7 0 1 4 3 0 9 6 6 4 11 7 7 2 9 9 6 9 6 11 9 9
split_gain=39.465 14.1863 11.2866 10.7172 10.5962 9.93007 14.7884 22.9655 25.2516 9.31937 22.2985 13.3973 9.01302 12.5145 12.6168 8.98545 8.52771 8.30604 14.7778 9.97407 8.02463 29.2567 25.649 21 16.9656 22.4037 15.0562 16.777 11.3191 11.2952 10.7026 34.6558 11.9746 10.302 18.8512 15.773 15.4115 18.0019 16.4992 15.2423 11.7037 10.6662 11.7758 15.7038 21.9168 14.548 10.5351 11.9754 9.94271 22.0321 14.3718 9.82514 16.4307 10.7514 9.79464 9.60023 9.54064 15.7865 13.3923 10.6819 10.3266 10.2878
threshold=0.3970833333333334 0.73925000000000018 0.33925000000000011 67.500000000000014 0.5740833333333335 0.73475000000000024 15.750000000000002 2.5000000000000004 1.4580860628904109 10.159996658312449 38.500000000000007 0.29890344416154752 56.500000000000007 4.5000000000000009 2.6500000000000008 22.500000000000004 6.6702933333333343 0.71897647058823544 0.70221929632067892 66.500000000000014 12.906620650216407 1.0118117942903659 1.0160237222210737 8.3500000000000032 21.771353741496601 77.500000000000014 18.422850000000004 53.500000000000007 2.1501343750000004 15.097000000000001 11.500000000000002 13.500000000000002 37.500000000000007 0.64032035891279604 0.71647908008164518 0.78874792118975257 12.500000000000002 54.500000000000007 0.54758333333333353 0.57728222222222236 5.5000000000000009 20.571560439560443 0.5441943654586654 1.0000000180025095e-35 13.573673844242437 8.9639260504201701 51.500000000000007 39.500000000000007 33.500000000000007 5.5000000000000009 0.55525000000000013 9.5000000000000018 11.500000000000002 0.91745231616456124 78.500000000000014 61.500000000000007 44.500000000000007 52.500000000000007 41.500000000000007 0.5192500000000001 78.500000000000014 47.500000000000007
decision_type=2 2 2 2 2 2 2 2 2 2 2 2 2 2 2 2 2 2 2 2 2 2 2 2 2 2 2 2 2 2 2 2 2 2 2 2 2 2 2 2 2 2 2 2 2 2 2 2 2 2 2 2 2 2 2 2 2 2 2 2 2 2
left_child=2 3 -1 4 15 9 -7 8 -8 10 -6 -11 16 14 -14 -2 -4 18 19 -12 21 23 -23 51 28 -26 30 -28 33 -24 32 -32 -25 35 -35 41 37 -37 -39 -38 54 42 43 44 -22 -45 -41 -48 49 50 -47 -17 53 -53 -36 -49 58 61 60 -60 -50 -58
right_child=1 -3 12 -5 5 6 7 -9 -10 11 17 -13 13 -15 -16 20 -18 -19 -20 -21 24 22 29 26 25 -27 27 -29 -30 -31 31 -33 -34 34 40 36 39 38 -40 46 -42 -43 -44 45 -46 48 47 55 56 -51 -52 52 -54 -55 -56 -57 57 -59 59 -61 -62 -63
leaf_value=0.042220543676904788 0.014224470773951071 -0.040454307431717192 -0.072996917813751616 -0.047365388145174825 0.15180801593402549 -0.041719977539523778 -0.0019307083338372427 0.08372914887246509 0.89136250422940044 0.11912816742260389 -0.021719352377353493 -0.0028653926243937082 -0.11369324066332163 0.03203791166494533 -0.008877817452514503 -0.052399725793668542 0.021305091890905493 -0.052390375817871551 0.11196462551737225 0.13479282044634741 -0.058458011279484259 0.057936352855585932 -0.015669973396619394 0.046871778441896779 0.0092505630220939463 0.058888843200725953 -0.041530071581840224 0.0096889336118921518 -0.035086331425236976 0.001014593463208409 -0.069807219178653304 0.018072067236514919 -0.00070889144108054883 0.067714005781263797 0.028499158735103294 0.016771801211498998 -0.05502783977634626 -0.06854715468617871 0.00060675492774182871 -0.034673069060110855 0.0029195601557589295 -0.036157538309603582 0.0088372956841639514 0.014528951821613026 -0.0068281004003186568 -0.038925408993359299 0.045224389696088718 0.024366136340558189 0.0038997650118264651 0.031176601832265012 0.020533388901451847 0.042720161436232265 -0.027529327760477146 -0.016540021084589424 -0.0061226841624967762 -0.031676704682028087 -0.0067233531139912553 -0.014450893717377912 0.042396019103006499 -0.003442357985301743 -0.042944167868811417 0.048357866737668287
leaf_weight=51.057393879629672 126.85264790058136 21.55352091245004 2.3204203909263006 11.78983442095341 1.7531344885937858 1.1031350003031541 0.10786592203658063 1.285394108504988 0.11235547345131636 2.1519699940108685 63.142302939319052 1580.4799169388134 4.4259181171655682 8.2516830367967469 8.2289969827979785 28.322754910215735 140.83861319022253 19.037106077652425 2.1150549739249973 0.92803903867024828 27.590421881526709 19.38571503572166 105.44617138430476 29.906878851354122 109.18374690413475 28.753683418035507 38.553587041795254 26.986036643385887 20.597334695979953 2598.1376162972301 15.133039349690078 42.381562832742929 23.271085925400257 11.547211844474075 81.367653174325824 12.049436675384639 11.742807148955761 34.627041716128588 11.283091358840464 12.256659995764492 1806.8388896044344 19.486520331352949 333.99784085992724 143.25336516927928 81.039053743705153 65.477302685379982 21.381478564813733 15.204299662262203 108.58186592534184 18.204053292050958 11.844069002196191 15.075792361050846 144.49961836263537 15.212297132238744 26.928776271641254 15.11910171061754 15.373595908284186 157.02735075633973 40.046446766704321 18.292347209528089 13.086682802066205 18.363932780921459
leaf_count=2747 448 37228 41 364 15 1882 133 532 26 79 6490 90492 61 154 138 147 3071 1994 66 19 163 56 529 80 412 103 191 109 98 10557 79 157 103 40 292 41 70 152 61 52 7194 94 1370 629 409 280 78 50 426 57 94 56 801 64 98 104 61 799 95 127 94 53
internal_value=0 -3.66186e-05 0.0216519 6.94527e-05 0.000138909 -0.00341102 0.0921781 0.189885 0.574241 -0.00356888 -0.0195035 -0.00268884 0.0151986 -0.015278 -0.0465318 0.00105022 0.0196918 -0.02326 -0.0147393 -0.0191679 0.000787806 -0.00103546 0.000775294 -0.0140433 0.00250828 0.0196693 -0.00138142 -0.0203818 0.00175524 0.000361451 0.00983154 -0.00504467 0.025994 0.00200023 0.00426899 -0.00162222 -0.0178119 -0.0371991 -0.0514785 -0.00287352 0.00388033 0.000393855 0.00107892 -0.00252297 -0.0200291 0.000591407 0.00669449 0.0166452 -0.00368189 -0.018057 -0.0297382 -0.0249989 -0.0205028 0.0128355 0.0198463 -0.00342448 1.21077e-05 -0.00776355 0.00827995 0.0279564 -0.00112884 0.0231649
internal_weight=0 8225.27 215.123 8203.72 8191.93 1672.22 2.60875 1.50562 0.220221 1669.61 86.9756 1582.63 164.066 20.9066 12.6549 6519.71 143.159 85.2225 66.1854 64.0703 6392.86 3102.31 2722.97 379.343 3290.55 137.937 176.232 65.5396 3152.61 2703.58 110.693 57.5146 53.178 3132.01 1926.68 1205.33 133.664 57.9596 45.9101 75.7043 1915.14 1071.66 1052.18 718.18 108.629 609.551 63.9615 51.7049 466.298 95.5254 77.3214 203.11 174.788 30.2881 108.296 30.3234 370.772 190.765 180.007 58.3388 121.669 33.7375
internal_count=172505 166293 6212 129065 128701 101728 2573 691 159 99155 8584 90571 3465 353 199 26973 3112 8569 6575 6509 26525 12929 11142 1787 13596 515 719 300 13081 11086 419 236 183 12983 7624 5359 608 254 213 354 7584 4751 4657 3287 572 2715 284 232 2086 431 374 1068 921 120 390 154 1655 913 742 222 520 114
is_linear=0
shrinkage=0.05


Tree=115
num_leaves=63
num_cat=0
split_feature=12 7 10 10 12 9 11 7 10 6 12 12 9 8 12 12 12 1 12 7 6 9 9 7 10 9 9 1 2 6 10 2 1 1 3 1 8 12 2 10 3 12 9 9 1 4 9 3 2 10 2 7 1 1 2 1 1 6 10 12 2 3
split_gain=37.7493 20.7628 19.21 15.5281 24.4342 20.4996 15.9294 19.7671 25.643 21.1491 19.9931 22.6671 15.555 27.6143 33.3613 14.8741 13.8636 21.1468 23.0075 13.1787 15.6648 11.2792 11.2204 10.9234 10.3015 11.3359 22.8937 10.5354 10.6041 17.8708 10.0705 26.6656 26.6167 14.2688 17.3888 14.3538 19.6509 14.0399 18.8452 9.95704 13.9116 12.6182 10.5365 29.9386 9.16239 8.78556 12.3847 8.52026 20.8984 16.957 15.2965 17.8012 14.9172 20.3083 14.6199 17.4557 13.8302 14.3034 12.475 15.1891 12.3119 11.9963
threshold=4.6021411775053886 10.500000000000002 43.500000000000007 83.500000000000014 7.898222290587591 35.500000000000007 0.59125000000000016 13.500000000000002 93.500000000000014 32.500000000000007 7.8636658350122941 7.650477975332346 61.500000000000007 10.850000000000003 7.6707902545301501 7.5175940773221432 7.2848102876857732 0.84036806722689095 7.3121864652896775 14.500000000000002 28.500000000000004 94.500000000000014 36.500000000000007 20.500000000000004 89.500000000000014 55.500000000000007 58.500000000000007 0.56019503236979451 1.0389064069440013 38.500000000000007 82.500000000000014 0.92306605975723632 0.70221929632067892 1.0466195709052855 13.036193712795823 1.1544527511136209 8.7500000000000018 7.5637346582655356 1.3198394326914598 80.500000000000014 13.037867123471566 7.3659974430280668 86.500000000000014 87.500000000000014 0.80003516483516501 5.5000000000000009 66.500000000000014 12.977266509387183 1.6017378231292521 66.500000000000014 1.7189718080916581 21.500000000000004 0.51428853615520287 0.66834454572257374 0.50349251470663126 0.47621190476190484 1.6808461344537819 38.500000000000007 62.500000000000007 7.3659974430280668 1.8020944444444447 13.30254518545709
decision_type=2 2 2 2 2 2 2 2 2 2 2 2 2 2 2 2 2 2 2 2 2 2 2 2 2 2 2 2 2 2 2 2 2 2 2 2 2 2 2 2 2 2 2 2 2 2 2 2 2 2 2 2 2 2 2 2 2 2 2 2 2 2
left_child=-1 2 -2 21 5 -5 15 9 -9 -8 11 -10 -11 14 -14 16 23 -18 -19 45 -21 30 -6 24 27 -26 -27 -7 29 -29 39 -32 -33 34 -34 37 -37 -35 -39 47 41 -41 -43 -44 -36 46 -20 48 52 50 51 58 54 -54 -3 -56 -49 -58 -50 -60 -52 -59
right_child=1 3 -4 4 22 6 7 8 10 12 -12 -13 13 -15 -16 -17 17 18 19 20 -22 -23 -24 -25 25 26 -28 28 -30 -31 31 32 33 35 44 36 -38 38 -40 40 -42 42 43 -45 -46 -47 -48 56 49 -51 60 -53 53 -55 55 -57 57 61 59 -61 -62 -63
leaf_value=0.039686047027861812 0.015408257926502729 -0.021881184022074368 0.0027970535138180184 -0.081639359587220281 0.1237619401776538 -0.079762699883822355 -0.047405951949088393 -0.050334102318998791 0.17785041922941683 0.020363330272572207 0.25775611617896294 -0.047649328503971355 0.24665377569708224 0.37217646115013564 -0.04565689627566883 -0.04406516322643339 -0.029825420061549458 0.12577498080828095 -0.023999162187634728 0.072595138533164655 -0.038915967672718606 -0.01910822550569433 -0.037672083444164256 0.041174811673258538 -0.019452648863984373 0.06893091050457896 -0.0026148168351526812 0.039411043324786149 -0.028516824825451394 -0.040550018574664712 -0.059538401806065511 0.27166639550135807 -0.084934358274870669 0.063615689944589854 -0.07423506787390978 0.059311760881022337 -0.058066193055500551 0.088475448750690855 0.40811949386418683 0.010451699298665393 -0.043721322764762122 -0.051660249577138932 0.46753099905656842 -0.041782959630892347 0.066163389990982022 0.1008944832908244 0.077818434875981418 0.002878952156647119 0.017060871514236856 -0.0078731043930335663 -0.013811748630234983 -0.039333638812539345 -0.041840718301298874 -0.0048436842645523531 0.12638776297288989 0.022855001716365408 -0.0014654537106551279 -0.053142467134635663 0.068378972990464013 -0.021142522861847337 0.0061742594324839199 0.04890920688324165
leaf_weight=62.483582781162113 360.39624227269087 8.7705685069086048 1871.8197624667082 8.2391478233039361 0.98258538916706939 7.2405835762619963 1.9863980882801131 9.2788133069407177 1.6230934690684069 2.2710613226518035 1.1856821486726401 3.0204205452464521 1.8847296219319107 1.3139636311680076 1.822363805491477 22.881787734106183 15.204253711737691 6.3604344986379138 5.9428243506699818 4.133654071949425 12.087523446884004 77.107627437566407 76.919318201893475 10.636593712493775 41.924299901351333 14.501377508044241 47.203369741328061 17.582133129239086 64.681650977581739 11.422464700415729 7.9269564679416353 1.1135868663550343 4.8126537640928273 4.3908892236650017 1.3422724843549074 14.883829447993778 4.5523632695840197 1.2620574370084798 0.76596828651963722 47.16624147631228 30.739405799249653 15.538123598351378 0.28580533337662828 1.0382676320441531 5.5783210361259989 6.0386887751519671 5.7332445285283029 2611.6895117627282 165.91596348572057 239.98681460271473 90.0844331785338 12.200059740454888 37.873261388100218 1683.3152893342776 5.9101422124658738 13.319473865441976 54.113509352639085 29.769332897121785 25.241166971623901 5.680898464866913 525.59549081893056 3.0580981531820717
leaf_count=3420 2223 187 12979 49 24 45 72 553 43 43 54 242 33 31 130 701 261 47 64 35 246 18208 34902 83 221 49 381 64 410 86 714 14 334 21 35 176 623 120 49 264 1906 2040 67 485 221 52 77 43186 1232 6042 1069 475 931 28766 58 174 830 727 66 246 5505 61
internal_value=0 0.000706626 0.004836 -0.000795051 -0.010267 -0.00423671 -0.00219026 0.0365293 0.000794663 0.0935533 0.0825001 0.0322054 0.132749 0.181216 0.104219 -0.00543497 -0.00213601 0.0200974 0.0390848 0.0223683 -0.00992248 -0.000126133 -0.0354157 -0.00790017 -0.0104953 0.000533242 0.0142027 -0.0218579 -0.0172491 0.0077182 0.000132192 0.0232478 0.0404428 0.0327573 -0.0125598 0.0534843 0.031407 0.118059 0.225057 -5.9552e-05 -0.0161212 -0.00274513 -0.0397975 0.0897537 0.0375509 0.0521069 0.0258075 0.00021595 -0.00170805 0.00381206 0.00721896 0.0189069 -0.00507095 -0.00566306 0.0310394 0.0554233 0.00222397 -0.0173748 0.0225602 0.0517561 0.00324008 -0.0433641
internal_weight=0 8367.35 2232.22 6135.13 404.102 326.201 317.961 24.3865 15.108 9.27852 5.8292 4.64351 7.29212 5.02106 3.70709 293.575 270.693 55.5006 40.2964 33.9359 16.2212 5731.03 77.9019 215.192 204.556 103.629 61.7047 100.927 93.6862 29.0046 5653.92 46.6289 38.7019 37.5884 11.7332 25.8551 19.4362 6.41891 2.02803 5607.29 94.7678 64.0284 16.8622 1.32407 6.92059 17.7148 11.6761 5512.52 2813.89 1064.7 824.718 209.038 1749.19 1721.19 28.0002 19.2296 2698.63 86.9409 196.838 30.9221 615.68 32.8274
internal_count=172452 169032 15202 153830 38998 4072 4023 1201 892 309 339 285 237 194 163 2822 2121 782 521 474 281 114832 34926 1339 1256 651 430 605 560 150 96624 2307 1593 1579 590 989 799 190 169 94317 4762 2856 2592 552 256 193 141 89555 44751 14635 8593 2019 30116 29697 419 232 44804 1618 1544 312 6574 788
is_linear=0
shrinkage=0.05


Tree=116
num_leaves=63
num_cat=0
split_feature=12 7 10 10 12 0 3 6 2 6 1 8 10 9 10 7 9 3 8 8 2 9 9 4 5 6 12 8 1 1 8 9 2 6 6 0 10 1 3 2 1 0 12 1 2 6 1 2 10 1 9 2 10 10 7 10 2 3 3 7 6 6
split_gain=35.5755 18.7989 17.5553 14.3673 18.4028 18.166 14.1675 24.6773 22.6906 15.3056 15.9321 14.4782 14.5001 23.9961 22.6323 21.7132 14.1955 11.9223 11.7755 24.7612 11.2986 10.5826 10.0126 9.82156 9.46694 11.7655 12.7311 16.9399 9.50316 15.9578 9.19936 9.14418 18.5792 28.292 14.8255 9.06007 25.3694 22.4051 15.4802 15.1349 16.9316 16.7417 14.5696 12.9234 14.3365 12.9069 12.8411 18.1656 13.8119 12.9177 12.3083 11.9458 11.8091 11.5775 13.552 11.4379 24.6312 16.4291 12.6936 18.5144 11.9305 15.26
threshold=4.6021411775053886 10.500000000000002 43.500000000000007 84.500000000000014 7.898222290587591 11.252294372294374 12.948917798757252 60.500000000000007 1.0591334066960119 27.500000000000004 1.0884484563055994 2.9500000000000006 91.500000000000014 55.500000000000007 87.500000000000014 15.500000000000002 53.500000000000007 13.488589439464127 7.2500000000000009 8.6500000000000004 0.80671306612735194 94.500000000000014 36.500000000000007 4.5000000000000009 1.0000000180025095e-35 39.500000000000007 7.0201800338463825 3.9500000000000006 1.666739926739927 1.6748579801151233 8.6500000000000004 71.500000000000014 1.4931853204665706 57.500000000000007 42.500000000000007 15.202428571428573 80.500000000000014 0.40910780873085151 13.23195639524312 1.1655554761904763 1.6748579801151233 14.850562500000001 8.6491625766343532 1.4062890000000003 2.0235902236652241 66.500000000000014 0.76207760781263512 0.89962740456444945 39.500000000000007 0.68579267097785623 66.500000000000014 1.1422867453878107 46.500000000000007 82.500000000000014 12.500000000000002 66.500000000000014 0.73500026455026468 13.745693927205215 13.171405383378728 11.500000000000002 54.500000000000007 52.500000000000007
decision_type=2 2 2 2 2 2 2 2 2 2 2 2 2 2 2 2 2 2 2 2 2 2 2 2 2 2 2 2 2 2 2 2 2 2 2 2 2 2 2 2 2 2 2 2 2 2 2 2 2 2 2 2 2 2 2 2 2 2 2 2 2 2
left_child=-1 2 -2 21 5 -5 7 8 16 -10 -11 -12 14 -14 15 30 -7 -8 23 -20 -19 35 -6 -18 28 26 -26 -28 -23 -30 -13 34 -33 -34 -15 36 39 -37 53 41 -41 45 43 46 52 51 48 50 49 -40 -48 55 -45 -39 -55 -3 57 60 59 -58 61 -57
right_child=1 3 -4 4 22 6 17 -9 9 10 11 12 13 31 -16 -17 18 20 19 -21 -22 24 -24 -25 25 -27 27 -29 29 -31 -32 32 33 -35 -36 37 -38 38 42 40 -42 -43 -44 44 -46 -47 47 -49 -50 -51 -52 -53 -54 54 -56 56 58 -59 -60 -61 -62 -63
leaf_value=0.039254720139253761 0.014753268322744081 0.0021962008104040786 0.0026581567888145376 -0.051082696142176101 0.11255053899936661 -0.022080125639093697 -0.021876750165373941 -0.062876101333725426 -0.041182712471466154 -0.030026547486955119 -0.038563049228059726 0.027096028446131484 -0.0038054385658496228 0.085232469164201005 -0.04699896248447312 -0.0517271068627497 0.084404104386215428 -0.0094005946047015405 0.22209080078175847 0.036921305067012626 0.077957378868031349 -0.053620128017577123 -0.036036959704679766 -0.0095239095370979535 -0.079480983320049603 -0.031571187835041974 0.14093801046297091 0.013746147384686739 0.13307592173655025 -0.048375673681053617 0.09832856829519436 0.22398069413748214 -0.049742692480215109 0.18469573318452914 -0.0037964372270354128 -0.08514512230315649 -0.048102071338724572 -0.00035624633629106715 0.034697162293278724 -0.020101786303317076 0.057202049144375391 -0.063513702360581487 -0.049563340987754514 0.0083690883872434771 0.032114119006250309 0.085865713270518257 0.025550171195592539 0.015546833583833006 -0.00015659866585260898 -0.019632496706903899 0.11577464602846065 0.050006821521364909 -0.070961778711563353 -0.025129031990305951 0.031856661976449784 0.016145294759445553 0.072180691948149578 -0.027043076559692514 -0.053556416004798046 -0.029588595968163635 -0.026516238155968132 0.11692557849843062
leaf_weight=60.074035330209881 357.65280713007087 756.4057405917556 1871.1689473548613 19.729138632304966 1.0423923447960977 4.2039152635261443 94.786269931588322 11.264099410735069 15.474708661902694 18.724906928604469 9.1836945398244989 10.656216108705854 15.069391363300381 13.876588300336158 13.55714144092053 5.651338465511798 6.3819418526254612 8.991005768068133 3.5043455148115745 3.8678410444408655 6.0721279932185999 24.463137468759673 68.416873495327309 4.6918937657028437 2.8185814842581776 21.743482879275689 2.9540300338412662 19.533508063381305 1.8770133525249537 2.9954393231600989 8.2972725257277471 2.7382818902842692 2.6532355167437345 2.3009297666139901 6.8571493029594413 7.4150338458712204 31.398127741238568 3760.0167414450261 57.312228102702647 157.36808213911718 7.2915187454200341 10.239636291982604 10.6416779125866 6.7804348422214451 8.1990631837397796 4.3023787736892691 7.7973510725423676 260.5649082865566 302.86407760460861 13.32145861815661 7.7173369149677455 11.72204778564628 14.2604509498924 12.787270415632518 53.315666873735609 69.470810129190795 5.4484487693989676 35.136743506649509 40.208996884699445 22.653466019110056 15.354318351572145 3.8995551275147582
leaf_count=3420 2223 10170 12979 282 23 41 1166 268 167 378 91 68 117 93 217 121 78 97 49 64 39 6753 32635 83 14 6518 75 4476 32 794 57 37 95 14 94 177 2277 60276 244 3179 100 293 6058 41 57 87 42 1888 2878 91 60 200 165 198 2686 2372 43 1766 1675 940 683 148
internal_value=0 0.000669393 0.00460184 -0.000760056 -0.0104785 -0.00489097 -0.00146435 0.0080559 0.0135385 0.00513371 0.0117524 0.0204428 0.0271791 0.046893 0.00451547 0.0331774 0.0594913 -0.0152807 0.0783702 0.127404 0.0257666 -0.000156081 -0.0335766 0.044431 -0.0186312 -0.00458715 0.0184342 0.0312258 -0.0408937 0.0217898 0.0588943 0.0738639 0.120913 0.0596514 0.0556716 9.12128e-05 -0.00382762 0.00110688 0.0012515 -0.00259917 -0.0166156 -0.00022508 0.00814739 0.00906664 -0.0233451 0.000448085 0.0105367 0.0187173 0.00447299 0.0243667 0.071204 5.1286e-05 -0.0452422 7.38912e-06 0.0207362 -0.000565975 -0.0114596 0.00180049 -0.0355434 -0.00949412 0.013297 0.0217216
internal_weight=0 8357.09 2228.82 6128.27 357.993 288.533 268.804 158.955 147.691 125.041 109.566 90.8412 81.6575 43.4956 38.162 24.6048 22.6499 109.849 18.446 7.37219 15.0631 5770.28 69.4593 11.0738 76.3852 47.0496 25.3061 22.4875 29.3356 4.87245 18.9535 28.4262 7.69245 4.95417 20.7337 5693.89 1170.9 4522.99 4515.58 1139.5 164.66 974.842 689.459 678.817 29.2399 964.603 649.577 276.08 373.498 70.6337 15.5147 960.3 21.0409 3826.12 66.1029 948.578 192.172 123.861 68.3109 28.1019 88.7247 73.3704
internal_count=172452 169032 15202 153830 36374 3716 3434 2132 1864 1549 1382 1004 913 450 463 246 315 1302 274 113 136 117456 32658 161 18662 11083 4565 4551 7579 826 125 333 146 109 187 98794 23933 74861 74684 21656 3279 18377 11524 5466 263 18084 5203 1990 3213 335 102 17997 206 63160 2884 17797 7627 4969 2658 983 3203 2520
is_linear=0
shrinkage=0.05


Tree=117
num_leaves=63
num_cat=0
split_feature=11 7 9 0 0 6 11 11 0 6 8 9 11 6 2 7 7 1 9 9 0 0 2 13 8 9 8 9 8 0 2 1 8 11 8 8 11 11 8 9 7 8 1 3 3 6 0 9 0 9 0 9 2 1 4 0 9 11 2 2 0 0
split_gain=31.2325 17.5018 12.2745 10.0476 23.9486 14.0413 13.3888 12.9324 12.6645 11.969 12.321 10.6793 10.6236 13.9435 12.2149 11.9664 10.5481 10.4768 11.2122 10.1046 9.23991 14.6299 14.5007 12.6273 9.30211 9.19921 17.9292 9.14758 8.86352 8.4897 20.3721 14.3519 8.4174 8.33581 8.1237 14.2077 16.5201 14.9017 14.0393 15.8083 10.1345 8.79825 14.5814 34.3354 8.55537 14.6455 21.1398 12.4852 15.773 12.2007 29.0541 16.5083 15.2728 13.8621 16.3933 11.7262 11.4327 23.2848 19.5658 17.3456 11.0598 13.1458
threshold=0.33925000000000011 10.500000000000002 94.500000000000014 10.78406666666667 10.286177142857145 66.500000000000014 0.58475000000000021 0.55758333333333354 10.191000000000003 30.500000000000004 6.9500000000000011 41.500000000000007 0.49241666666666678 55.500000000000007 0.3339699887530771 11.500000000000002 13.500000000000002 0.3603751803751804 55.500000000000007 36.500000000000007 8.0037052631578955 6.6702933333333343 0.48249860088139668 1.0000000180025095e-35 7.9500000000000011 64.500000000000014 11.950000000000001 47.500000000000007 5.5500000000000007 6.7922264150943406 0.45820781544736661 0.73621100494598435 9.3500000000000032 0.57225000000000015 16.250000000000004 15.850000000000003 0.59125000000000016 0.59891666666666687 17.450000000000003 51.500000000000007 2.5000000000000004 9.3500000000000032 1.0365425591188859 13.171405383378728 12.906620650216407 33.500000000000007 27.108880555555558 69.500000000000014 18.331366666666671 88.500000000000014 28.206272442680781 92.500000000000014 1.030439761156035 0.907095641085789 3.5000000000000004 10.88558112606745 76.500000000000014 0.56641666666666679 2.3831925170068033 0.96504153439153451 21.771353741496601 22.755310344827588
decision_type=2 2 2 2 2 2 2 2 2 2 2 2 2 2 2 2 2 2 2 2 2 2 2 2 2 2 2 2 2 2 2 2 2 2 2 2 2 2 2 2 2 2 2 2 2 2 2 2 2 2 2 2 2 2 2 2 2 2 2 2 2 2
left_child=-1 27 3 4 5 6 7 11 19 -9 -11 -3 14 15 -13 -14 33 -16 -19 -8 21 22 -17 24 28 26 -18 32 -22 -27 -31 -32 -2 -12 35 40 -37 -38 39 -36 41 42 43 -29 45 56 47 -47 55 52 -51 -52 -48 54 -54 -49 57 -42 59 -58 -46 -62
right_child=1 2 -4 -5 -6 -7 8 9 -10 10 16 12 13 -15 17 20 25 18 -20 -21 23 -23 -24 -25 -26 29 -28 34 -30 30 31 -33 -34 -35 38 36 37 -39 -40 -41 44 -43 -44 -45 60 46 49 48 -50 50 51 -53 53 -55 -56 -57 58 -59 -60 -61 61 -63
leaf_value=0.042273091389181665 -0.0029429814970644047 -0.048786950138027668 -0.020106524309887325 0.00012739497320401086 -0.060170062903805645 0.085540511253564058 0.11344960505476008 -0.036274982737991686 0.075002669200808392 -0.049883999167448088 -0.056673028766970085 0.043228602539690575 0.027648764541941834 -0.057663217967177029 -0.038496513876939573 -0.04465788028653004 -0.033872342734449737 -0.021489490631850468 0.018233493741745679 -0.037725025888117797 -0.0059053066083312421 -0.058950280156587979 0.030900657726783215 0.032452343740848939 0.0031385190692480532 0.11734306745465595 0.062885839507330857 -0.1361466992939869 -0.059802087299711676 0.12483441666519313 -0.054332351351030331 0.067767533285350082 0.024911983313427324 0.028886551737043954 0.041075772045930485 -0.006136595950579647 0.17037642102665754 0.047343596665607827 0.011463343821484302 -0.058610923879835866 0.019554461922820728 0.03446102179194744 0.028920940756789672 0.028316663940792127 0.0050557951088218214 -0.0045993661398032321 0.050159125662081742 -0.050759986082937192 -0.03649951246644495 0.17744949732459001 0.055316922979884324 -0.034771571895102105 -0.070198261651778282 0.0027750717293867403 -0.0026300480012572489 0.012512594592400171 -0.09768602027035532 -0.042658613689335698 0.051060755104963433 -0.0084320254449223361 0.077611863421186436 0.013953150390852967
leaf_weight=45.266985430382192 37.225442076101899 14.40627772733569 80.393236278003315 5596.0242815039237 20.615814151446102 4.1247521605691864 1.0192581424489606 8.7211160846054536 2.6620592018007292 4.7263211263343683 5.014864929020403 19.065287468954921 20.105034125968814 15.637518865987657 15.155021340586243 11.778641304001214 8.4706147005781549 25.018020149320364 60.129170157015324 51.434469177416759 15.025242929346861 23.779021736234426 13.509905232116578 18.782662399113178 36.753485005348921 6.2667438257485655 10.65998765081167 5.3366830432787555 15.936279548332093 5.2118886895477763 5.0749527504667622 4.3940096097066998 96.701050491072237 6.2628246694803238 4.7063924409449127 9.9339896067976969 3.2592152804136267 10.516429259761933 24.148578411899507 22.152458313124953 197.54752265661955 48.512474439106882 18.369671735912561 7.4725522268563509 976.38691393789486 150.09241410531104 14.962836608290671 9.1319547746097651 98.063135547272395 3.1485721677308929 11.543227556918284 8.8760457003081665 14.957079615443943 248.77951090596616 22.65325225982815 35.275276945612859 5.7750527091557151 16.140557452337816 12.933908053033518 78.124954132013954 11.187033645808695 30.037126008071937
leaf_count=2744 603 99 24764 116985 683 102 9 107 140 160 60 42 68 126 65 78 108 114 174 9286 105 159 51 73 118 30 32 79 114 32 74 33 519 63 12 33 7 217 915 596 882 209 163 65 6038 773 66 100 966 23 115 292 99 1329 137 319 69 145 65 582 46 190
internal_value=0 0.000672066 -0.000708731 -0.000449635 -0.00763903 -0.00509028 -0.00600156 -0.00255759 -0.0289772 0.0176895 0.0262199 -0.0068791 -0.00476883 -0.0127549 0.0066515 -0.00817756 0.0334043 -0.000287348 0.00649188 -0.034482 -0.0135441 -0.0308658 -0.00413257 -0.00363601 -0.013753 0.0454208 0.0198301 0.00446072 -0.0339108 0.0683489 0.0464444 0.00192086 0.0171359 -0.0088836 0.00364923 0.00414211 0.0425616 0.0778307 -0.016022 -0.0408701 0.0036878 0.0211632 0.000268655 -0.0403399 0.00296839 -0.000498627 -0.00495785 -0.0147086 -0.025313 0.00380834 0.0383818 0.0159341 0.00107604 -0.00148754 -0.0297484 -0.000471326 0.00835133 0.0148142 -0.0058595 -0.0147441 0.00613478 0.0314953
internal_weight=0 8360.11 6126.16 6045.77 449.741 429.125 425.001 369.885 55.1158 64.8033 56.0822 305.082 290.675 171.308 119.367 155.67 51.3559 100.302 85.1472 52.4537 135.565 49.0676 25.2885 86.4977 67.715 40.0782 19.1306 2233.95 30.9615 20.9476 14.6809 9.46896 133.926 11.2777 2100.02 2049.02 23.7096 13.7756 51.0074 26.8589 2025.31 79.6914 31.1789 12.8092 1945.62 928.005 617.483 292.563 142.47 324.921 23.5678 20.4193 301.353 286.39 37.6103 44.4072 310.522 213.688 96.8339 83.9 1017.61 41.2242
internal_count=172452 169708 154054 129290 12305 11622 11520 2085 9435 699 592 1386 1287 892 395 766 432 353 288 9295 698 288 129 410 337 309 140 15654 219 169 139 107 1122 123 14532 13009 257 224 1523 608 12752 516 307 144 12236 5962 4219 2158 1385 2061 430 407 1631 1565 236 419 1743 1027 716 651 6274 236
is_linear=0
shrinkage=0.05


Tree=118
num_leaves=63
num_cat=0
split_feature=12 7 10 10 12 9 11 12 7 14 0 12 10 5 5 12 1 12 11 7 9 0 10 9 9 11 9 10 10 0 0 12 11 5 7 11 7 11 5 10 10 0 9 11 4 12 10 5 1 7 9 3 10 9 9 5 0 7 7 11 12 1
split_gain=31.8686 15.3916 16.3051 13.1646 22.036 17.9546 13.0058 18.0148 14.8418 26.7577 25.4642 18.7768 17.8729 14.0769 12.8099 12.0189 18.1231 17.0028 12.0874 10.0924 9.8074 12.6227 9.40795 9.39173 19.3261 9.15172 9.0812 17.8796 22.1288 21.5979 35.8544 13.8836 19.0345 11.7628 11.3315 12.3967 10.4814 17.2831 13.4324 12.5963 12.3847 8.98075 11.0942 9.58155 8.82582 19.7245 13.801 16.5123 14.0891 11.6324 12.4099 10.904 10.8092 11.1815 12.0419 18.1478 13.5139 11.8151 14.9796 13.7347 13.3737 10.5453
threshold=4.6021411775053886 10.500000000000002 43.500000000000007 83.500000000000014 7.898222290587591 35.500000000000007 0.58958333333333346 7.5175940773221432 14.500000000000002 1.0000000180025095e-35 19.351137931034486 7.8274963763555814 94.500000000000014 1.5000000000000002 1.0000000180025095e-35 7.2848102876857732 0.84036806722689095 7.3121864652896775 0.56425000000000014 20.500000000000004 65.500000000000014 25.384564285714287 89.500000000000014 55.500000000000007 58.500000000000007 0.59291666666666687 80.500000000000014 76.500000000000014 79.500000000000014 25.397248691358499 22.953222222222227 7.6083644784255631 0.60591666666666688 3.5000000000000004 16.500000000000004 0.54241666666666677 11.500000000000002 0.56208333333333349 1.0000000180025095e-35 48.500000000000007 43.500000000000007 23.741000000000003 69.500000000000014 0.51541666666666686 3.5000000000000004 5.8715679782189625 52.500000000000007 2.5000000000000004 2.1975948489010997 15.500000000000002 81.500000000000014 13.288382406865727 27.500000000000004 95.500000000000014 92.500000000000014 1.0000000180025095e-35 25.474950000000003 18.500000000000004 16.500000000000004 0.58791666666666687 7.898222290587591 0.52925614690320588
decision_type=2 2 2 2 2 2 2 2 2 2 2 2 2 2 2 2 2 2 2 2 2 2 2 2 2 2 2 2 2 2 2 2 2 2 2 2 2 2 2 2 2 2 2 2 2 2 2 2 2 2 2 2 2 2 2 2 2 2 2 2 2 2
left_child=-1 2 -2 26 5 -5 7 15 9 -8 -11 25 -10 14 -14 19 -17 -18 -19 22 -20 -22 -7 -24 -25 -12 -3 36 29 30 31 -29 -33 34 35 -32 37 38 -28 40 -39 43 -43 -26 45 -38 47 52 51 50 -48 -49 -46 54 56 -56 57 58 61 -60 -61 -54
right_child=1 3 -4 4 -6 6 8 -9 12 10 11 -13 13 -15 -16 16 17 18 20 -21 21 -23 23 24 41 -27 27 28 -30 -31 33 32 -34 -35 -36 -37 44 39 -40 -41 -42 42 -44 -45 46 -47 49 48 -50 -51 -52 -53 53 -55 55 -57 -58 -59 59 60 -62 -63
leaf_value=0.038431894212499727 0.014011751574161803 0.00061034790183893384 0.0022975755373393076 -0.076558081104319053 -0.034368133657441735 -0.020743637366647413 -0.049321186414604694 -0.052560095142651232 -0.050215100659056745 0.2363707477374633 0.074472482207072602 0.16783443725255737 0.043308426239642733 -0.045173973616005565 0.25235779576192457 -0.028700069362122577 0.10596600105899689 0.078682112229815179 -0.021296956576406383 0.039684361336336432 -0.050749484455449183 0.067042510185495507 -0.017660297921748891 0.062472236238681624 0.0079355963797689399 -0.048739539462670581 0.049802953482185414 -0.053324221689298901 -0.022689111832894741 -0.049853031049894969 0.14434364205344452 0.17036409504817607 0.0092991413111189643 0.3215078433024357 0.18834521911423963 -0.045821243990749688 -0.27502809330846834 -0.025501692414504503 -0.0038938714900590646 -0.052162432355477906 0.086442103864319261 -0.0096972063749517137 0.059457298194315236 -0.055287227432291114 -0.021775331955862325 -0.017597925415198383 -0.067374362210622707 -0.038523803216415575 0.090815489779037764 -0.033665167054428131 0.0019217882312235028 0.017146504570515638 0.092304263707628453 -0.026088972638150371 0.036844050260030257 0.20705706688865547 -0.015192946829782939 -0.017620239640008504 0.04566248498357281 0.26989258656719195 0.085437692410953434 0.017708035766418544
leaf_weight=55.94567513698712 353.63419625465758 5104.2111164678354 1866.2765786937089 8.1902727708220464 72.667085694964044 99.8798075793311 3.7328079156577596 18.666954054962844 8.7168362615630013 2.6574640828184792 2.6882052537985128 2.6044817543588579 1.9656001585535696 1.6671378749888388 1.2019300078973174 14.686421880498527 7.0582187715917817 7.0564712304621926 15.077724099159242 10.720024033449588 2.8685519471764556 9.3205966432578844 41.339611595496535 14.917937748134134 11.488855928182604 3.1577959065325558 27.786236222833395 3.9654010706581237 14.119197926396735 3.9663132721325374 1.7427989244461044 2.5490520945750159 6.2482862321776338 0.95544988074107084 3.8750311630719807 1.4784913292678536 0.6501392275094976 5.9701727525098267 19.696009505540133 15.245961375534533 4.0309236184111796 13.660773362964393 9.8277969937771541 12.113794358447192 16.137100884807296 205.38203369994881 6.9812342111254102 36.358296963619068 2.6589969569176892 58.19388223279384 72.569946768548107 11.387366081267826 5.5391933195351148 10.422023076534968 5.4956223519693586 2.1844121783797164 18.108568533963989 9.1023823839495872 6.0904793441295606 1.7368349805474279 2.6816462270799093 32.358178175345529
leaf_count=3420 2223 61187 12979 49 34926 605 151 597 564 67 31 76 108 135 35 261 47 66 192 83 77 139 221 49 50 138 96 64 5425 1157 2 67 2856 82 305 180 5 114 93 1035 65 86 82 163 205 18429 240 1474 91 13856 4032 404 51 1068 260 101 516 739 38 12 176 407
internal_value=0 0.00059993 0.00416646 -0.000693451 -0.00948594 -0.00390283 -0.00198679 -0.00518075 0.0302171 0.0646227 0.103458 0.0587998 -0.00729274 0.0685318 0.129459 -0.00186854 0.0186927 0.0356617 0.0207933 -0.00728645 0.00539662 0.0387275 -0.00980698 0.000724077 0.0130696 0.00737657 -8.07261e-05 -0.00581738 0.0269204 0.0553646 0.0757959 0.0228219 0.0579204 0.157841 0.130948 0.0568056 -0.00803833 0.00966008 0.0274626 -0.0236002 0.0195312 -0.00257386 0.019155 -0.0243982 -0.0106034 -0.0185675 -0.00507612 0.00487455 -0.0187504 -0.0166848 -0.00417367 -0.0251338 0.0157669 0.0223007 0.0284392 0.0879391 0.0222219 0.0340959 0.04394 0.0967181 0.163419 0.0289571
internal_weight=0 8337.72 2219.91 6117.81 397.933 325.266 317.076 288.684 28.3923 14.8408 11.1079 8.45048 13.5515 4.83467 3.16753 270.017 56.068 41.3816 34.3233 213.949 27.2669 12.1891 203.229 103.349 62.0092 5.846 5719.88 615.668 38.9 24.7808 20.8145 12.7627 8.79734 8.05177 7.09632 3.22129 576.768 72.7293 47.4822 25.2471 10.0011 47.0912 23.4886 23.6027 504.038 206.032 298.006 160.261 50.4047 137.745 79.5512 47.7457 109.856 93.7193 83.2973 7.68003 75.6173 57.5087 48.4063 10.509 4.41848 37.8974
internal_count=172452 169032 15202 153830 38998 4072 4023 2718 1305 463 312 245 842 278 143 2121 782 521 474 1339 408 216 1256 651 430 169 114832 53645 10138 4713 3556 2987 2923 569 487 182 43507 1403 189 1214 179 381 168 213 42104 18434 23670 5542 1969 18128 4272 1878 3573 3368 2300 361 1939 1423 684 226 188 458
is_linear=0
shrinkage=0.05


Tree=119
num_leaves=63
num_cat=0
split_feature=12 7 11 0 1 1 1 0 6 6 9 2 5 0 7 1 7 8 2 13 11 2 5 2 6 6 2 8 6 11 9 6 8 0 7 8 12 12 6 1 2 9 1 8 2 6 9 6 11 9 14 8 9 0 11 9 11 8 6 8 11 9
split_gain=29.989 13.9377 11.4924 9.45805 21.8652 15.9199 25.4454 18.179 12.6396 13.1983 12.7561 12.2527 21.6402 22.4295 12.6595 16.4464 17.1727 20.7183 14.1072 13.9202 14.6221 12.0561 16.3343 16.5675 15.7749 13.6264 11.9515 20.528 15.5416 15.5917 24.6129 16.9349 11.5064 11.3983 12.0468 11.2623 12.314 22.9874 13.511 16.5752 12.8398 14.1744 13.0792 30.3047 20.7705 13.5651 12.812 11.9628 11.8065 12.1124 11.1166 12.9409 12.1311 11.5571 12.9421 11.4313 13.8113 11.1065 11.0411 10.9327 10.7854 10.7457
threshold=4.6021411775053886 10.500000000000002 0.73925000000000018 15.202428571428573 0.40910780873085151 0.97681397154655591 1.5750692307692309 14.393712765957448 66.500000000000014 43.500000000000007 79.500000000000014 0.65000803957946829 3.5000000000000004 9.5205254515599353 15.500000000000002 0.42340491752256465 19.500000000000004 13.15 0.63380582359497384 1.0000000180025095e-35 0.55025000000000024 0.77758634708752561 2.5000000000000004 0.76104219246031757 61.500000000000007 59.500000000000007 0.64093959750566909 3.9500000000000006 56.500000000000007 0.61108333333333353 69.500000000000014 48.500000000000007 1.0500000000000003 12.700413245758075 18.500000000000004 13.950000000000001 8.0474063850476139 7.9317789499972413 26.500000000000004 0.86248809523809544 0.73500026455026468 67.500000000000014 0.75188798494715547 9.8500000000000032 0.87777792028484347 28.500000000000004 60.500000000000007 36.500000000000007 0.58308333333333351 49.500000000000007 1.0000000180025095e-35 7.8500000000000005 61.500000000000007 10.882226870748301 0.47441666666666676 71.500000000000014 0.51141666666666685 8.2500000000000018 38.500000000000007 10.750000000000002 0.55025000000000024 79.500000000000014
decision_type=2 2 2 2 2 2 2 2 2 2 2 2 2 2 2 2 2 2 2 2 2 2 2 2 2 2 2 2 2 2 2 2 2 2 2 2 2 2 2 2 2 2 2 2 2 2 2 2 2 2 2 2 2 2 2 2 2 2 2 2 2 2
left_child=-1 -2 3 5 -5 7 -7 8 9 11 21 14 13 61 18 32 19 -18 -3 59 -21 22 24 26 -11 50 28 -28 29 -24 -31 -32 -16 -8 60 36 37 40 39 -38 41 -15 45 44 -44 46 -42 -39 -37 -50 51 -23 -53 54 -52 56 -55 -22 -46 -17 -35 -13
right_child=1 2 -4 4 -6 6 33 -9 -10 10 -12 12 -14 35 15 16 17 -19 -20 20 57 25 23 -25 -26 -27 27 -29 -30 30 31 -33 -34 34 -36 48 38 47 -40 -41 42 -43 43 -45 58 -47 -48 -49 49 -51 53 52 -54 55 -56 -57 -58 -59 -60 -61 -62 -63
leaf_value=0.037967328377845333 0.0039640208859959003 0.0086551949997764541 -0.039248830620019416 -0.080911259113876727 0.0005953934027037441 -0.022751716255278626 0.12025805397089416 -0.039225579494366863 0.083377931541210287 -0.015396858551431032 -0.035659181564724592 -0.027822822833561158 -0.024221417335086856 0.055021972536450747 0.045066538534487707 0.017016768961753009 -0.069202873114080285 0.087791294169999853 -0.046623805593325685 -0.0094986066077582063 0.18198015898315734 -0.072126052769127078 0.026771916033409428 0.11654204791976348 0.032361180044710412 -0.069995838594921575 0.064038994046900513 -0.042941459224401651 -0.018043525457542488 -0.044678009616430418 0.067374701475199847 0.31768602222914538 -0.041577192763222436 0.028294163906148553 0.084527362920153865 -0.01081782056533305 -0.045879821664299929 0.02910399454900648 -0.050723411154026121 0.1719927243847901 0.061366510943789615 -0.0061816246718247652 0.09714201283498701 -0.044113555459213569 0.004188471761159304 -0.019815585963426266 -0.010981966098189059 0.14256863554818608 -0.051376024435874912 0.09830062084995099 0.045712996538454218 0.025342846041933782 -0.053075185725273789 0.044848020237039987 -0.072364058539923073 0.097973646747987336 -0.039912310864951062 0.046485501793972775 0.055838531296836469 -0.060748056557810216 -0.060616767791724716 0.033875437367486903
leaf_weight=53.853220589226112 2216.9217605297163 157.81997005629819 19.140555623627733 8.1415885707538092 4841.2955163546721 191.67911652146722 3.152148188120921 31.433197832171572 4.3530043102509799 148.20329766799114 38.16276194222155 38.162906065263087 39.66613858207711 37.082942325621843 3.9877656484022728 24.45023211842636 12.441892703733172 2.4101430806622366 12.334678652143337 3.5268691480159742 3.1324562442023307 13.20735898951534 51.845962960738689 3.8106372813927001 19.4229510340665 12.538647994020719 5.7015273142606047 19.395698245731182 18.481918034289265 1.359941798262297 1.3813884629053066 1.5172638882359022 54.145876688533463 8.9688927624374646 4.9815855277120127 4.3818462044000652 1.6508682582643808 4.2026227300520969 11.652200578071641 1.621437472727848 12.317119510844352 12.47347830981016 12.789933923631905 12.615321389399467 26.672207190189511 49.263133752159774 11.823229191824792 5.6804935890249908 1.409434825007337 12.25361427667667 3.2114242613315565 11.382351935026238 8.5076223327487224 11.31113219633699 7.4740984194795601 4.3911670128873075 8.1686829063401074 3.2527590923127718 17.070003564003855 5.4330382500193073 5.3519025085843159 8.4988032761611958
leaf_count=3420 15202 1914 36855 225 88384 4592 20 806 98 2553 4210 608 929 126 24 333 676 155 169 14 27 126 319 45 307 331 18 380 345 204 118 144 2596 29 142 14 247 86 1929 46 33 93 33 80 151 295 81 50 33 681 7 133 374 32 199 103 146 92 62 381 179 448
internal_value=0 0.000567623 -0.000663492 -0.000540819 0.000455857 -0.00443106 -0.0168347 -0.00184486 -0.000658746 -0.00104026 -0.00822031 0.00358024 0.0102648 0.0151468 -0.00399373 -0.0169864 0.00262525 -0.0429752 0.00459357 0.0198342 0.0708791 -0.00521613 -0.000157594 0.015434 -0.0098173 -0.0222346 0.0114059 -0.0182818 0.0214734 0.0345889 0.125812 0.206289 -0.0354807 0.0333303 0.0183304 0.0214434 0.0182344 0.0214879 -0.0253164 0.0624929 0.0176017 0.0395348 0.00991941 0.0255189 0.0411963 -0.00472229 0.025827 0.0955955 0.0594291 0.0822361 -0.0132187 -0.0339082 -0.00804682 0.00649353 -0.0363188 0.025938 0.00902687 0.115509 0.0245399 0.00255624 -0.00477643 -0.01643
internal_weight=0 8329.12 6112.2 6093.06 4849.44 1243.62 214.134 1029.49 998.052 993.699 389.476 604.223 321.288 281.622 282.936 112.781 54.6474 14.852 170.155 39.7954 9.91208 351.313 271.121 103.494 167.626 80.1925 99.6837 25.0972 74.5865 56.1046 4.25859 2.89865 58.1336 22.4545 19.3024 234.96 216.915 201.99 14.9245 3.27231 192.107 49.5564 142.551 69.1475 56.5321 73.4035 24.1403 9.88312 18.0449 13.663 67.6538 33.0973 19.89 34.5565 10.6855 23.871 19.4798 6.38522 43.7422 29.8833 14.3208 46.6617
internal_count=172452 169032 153830 116975 88609 28366 4962 23404 22598 22500 10094 12406 6025 5096 6381 4298 1678 831 2083 847 133 5884 4433 1573 2860 1451 1528 398 1130 785 466 262 2620 370 350 4040 3312 1090 2222 293 954 219 735 326 246 409 114 136 728 714 1120 633 507 487 206 281 178 119 213 714 208 1056
is_linear=0
shrinkage=0.05


Tree=120
num_leaves=63
num_cat=0
split_feature=12 7 11 6 10 8 6 6 6 9 11 10 12 2 10 10 0 0 8 6 9 12 6 2 2 0 8 12 7 2 0 2 9 6 3 0 9 10 5 7 9 8 8 10 6 2 2 6 9 3 11 8 8 6 12 14 10 0 2 9 9 8
split_gain=27.1793 14.093 12.082 19.9272 17.3961 10.9271 10.4717 12.2024 11.981 13.3834 11.4233 23.1928 14.5475 14.9206 12.6131 9.94903 12.417 14.7202 15.8225 10.5724 17.6316 9.7088 11.8249 8.95313 10.4355 10.0279 8.78496 9.42002 8.76571 9.71438 10.1696 8.75872 8.5063 10.5127 16.5673 12.8884 8.61653 8.44585 10.9817 11.9277 13.9384 16.0623 8.02021 7.61622 7.38611 7.18882 10.9754 10.0007 8.99243 14.0368 6.95934 6.82649 10.4408 11.1838 19.988 7.98321 11.9294 10.0715 7.06156 10.1959 6.69371 6.68484
threshold=4.4168058995106652 22.500000000000004 0.45141666666666674 65.500000000000014 38.500000000000007 18.750000000000004 56.500000000000007 67.500000000000014 55.500000000000007 58.500000000000007 0.59441666666666682 38.500000000000007 7.6707902545301501 2.1261892857142861 49.500000000000007 98.500000000000014 4.0909953488372102 23.960137931034485 8.4500000000000011 56.500000000000007 67.500000000000014 7.7296485340834877 41.500000000000007 0.78874792118975257 0.73500026455026468 12.416725123152711 6.5500000000000007 5.9745666903330372 26.500000000000004 0.86666815948601672 23.741000000000003 2.1001880252100844 63.500000000000007 26.500000000000004 12.995983300881896 22.319442423024991 79.500000000000014 57.500000000000007 1.5000000000000002 23.500000000000004 78.500000000000014 8.8500000000000032 15.750000000000002 56.500000000000007 26.500000000000004 0.84816059387249909 0.81679368902652738 37.500000000000007 53.500000000000007 13.488589439464127 0.51141666666666685 1.6500000000000001 2.1500000000000008 41.500000000000007 6.6027716251858601 1.0000000180025095e-35 56.500000000000007 17.974411764705888 1.5481927600441889 78.500000000000014 26.500000000000004 4.8500000000000005
decision_type=2 2 2 2 2 2 2 2 2 2 2 2 2 2 2 2 2 2 2 2 2 2 2 2 2 2 2 2 2 2 2 2 2 2 2 2 2 2 2 2 2 2 2 2 2 2 2 2 2 2 2 2 2 2 2 2 2 2 2 2 2 2
left_child=-1 2 3 4 -2 15 8 31 10 -10 11 -3 13 14 -13 51 -17 23 19 20 -19 -14 -23 24 -18 -26 45 -28 29 -16 43 -8 -12 34 -34 36 -36 38 39 -35 41 -41 -43 -31 -7 46 47 48 61 -50 -27 55 53 -53 -55 -4 -57 -58 59 -59 -54 -6
right_child=1 6 5 -5 26 44 7 -9 9 -11 32 12 21 -15 28 16 17 18 -20 -21 -22 22 -24 -25 25 50 27 -29 -30 30 -32 -33 33 37 35 -37 -38 -39 -40 40 -42 42 -44 -45 -46 -47 -48 -49 49 -51 -52 52 60 54 -56 56 57 58 -60 -61 -62 -63
leaf_value=0.042272004595090867 0.021354562439741705 -0.049107898441473591 0.024895948389022055 -0.057242205542080593 -0.030105645623706979 0.027914346290757272 -0.056097203852952353 0.12254336925327797 0.10576119980080667 -0.047304288728415349 -0.052545727045482209 0.023393740248654451 0.12123118403374814 0.056135346867848129 -0.067774672572125536 0.17356651596436945 -0.036080031572979863 0.044146365469890217 -0.03797416611868349 0.091039095211973425 -0.05489607831841517 -0.05133668697736863 0.079221042646766063 -0.056337961992175313 0.23032165238455199 0.084283132998273502 0.015902032236214874 -0.030263871168043768 0.038243385017151736 0.048928690065638075 -0.044100095303660644 0.030573472180972713 -0.047350579809124431 -0.049399044913228461 -0.041161277521982891 0.36944915266752032 0.13581606963287879 -0.049701760907747215 -0.050016759747175815 0.1704294889463922 -0.046124028864414142 -0.046295248969431685 0.12322367576603055 -0.015110371184983901 -0.058670488960111483 0.0037718495423960173 -0.056207053599211 0.0042321986454991623 -0.086081181738920612 -0.0079099298531049109 -0.047097797754567329 -0.0006903701427411255 -0.060077256801447612 -0.10088167287485875 0.0053430501873235007 -0.044840598606497882 -0.028823716868670652 0.0051950984090528311 -0.0072718292815380243 0.063985034787037307 0.00044267537136822752 0.04200968231081198
leaf_weight=39.07766054244712 174.01608005911112 20.546560247428715 61.422071624780074 12.059687685221432 6.1678970204666239 2.9153777936007819 25.133185840764789 1.0044899766799051 4.4974984933505757 1.9498334643722044 21.797375242778799 24.843597678467631 4.2799230706877989 11.093044202774761 11.13021506089717 0.74154627547250029 9.730197843979111 13.049164984142413 14.788255141931584 5.057676702970638 6.704699767404235 2.8597157574258745 4.0262724054045975 27.540891003969591 0.60170333471614768 2.0158298760652547 176.90897752111778 11.624920487403868 5.6023715250194064 7.6069476567208794 15.319815528579054 3.153480435954406 2.4223715873667961 3.3634870969981447 0.93177890087827187 0.37177952413912851 1.9115799640130715 16.648640369559871 7.0199296011996912 3.3754310848889855 2.1658151859010104 1.9763197750726251 0.94392712341505092 11.435097269713877 12.432795536500633 403.50826776586473 11.484384305775164 84.11196487955749 11.095972331240775 12.155159732326863 1.789128455420723 21.112905609188601 4.4707908108830443 10.034035809338095 7.6968373332638285 12.057097740471361 12.93322502914816 14.873053692281248 14.470304631162433 14.97045541112311 6959.0250797792687 6.4448713138699532
leaf_count=2665 2165 123 234 67 66 376 4982 88 56 595 2696 112 41 54 104 5 1587 93 2464 143 364 64 60 3731 38 3 1597 55 48 29 159 354 911 457 262 6 406 14277 1743 64 933 345 84 116 5605 2847 76 486 82 68 305 93 22 47 81 46 74 51 59 61 117325 46
internal_value=0 0.000526579 0.000862772 0.00629372 0.00715929 0.000178797 -0.0120324 -0.0398315 -0.00765846 0.0586912 -0.0100716 -0.000895304 0.00918144 0.00219875 -0.00567803 0.000269422 -0.0170332 -0.0190448 0.002673 0.0271556 0.0101711 0.0626606 0.0243266 -0.0397564 -0.00693281 0.0556892 0.00373567 0.0130144 -0.0199293 -0.0272711 -0.0138479 -0.0461851 -0.0272788 -0.0136724 0.0489059 0.122177 0.0766932 -0.0238618 -0.000627533 0.0284468 0.0601905 0.0976955 0.00910945 0.0103328 -0.0418258 0.000454477 -0.00968509 -0.00514716 -0.0272343 -0.045638 0.021602 0.000469312 0.000257154 -0.025558 -0.0547186 0.0117864 7.66497e-05 0.00968579 0.0210772 0.0349682 0.000402239 0.00639112
internal_weight=0 8357.42 8140.01 909.578 897.518 7230.43 217.41 29.2912 188.119 6.44733 181.672 118.744 98.197 87.0311 75.938 7215.08 82.0191 81.2775 39.5998 24.8115 19.7539 11.1659 6.88599 41.6778 14.1369 4.40666 723.502 188.534 51.0944 45.4921 34.3619 28.2867 62.9284 41.1311 5.63751 3.21514 2.84336 35.4936 18.8449 11.825 8.46149 6.29568 2.92025 19.042 15.3482 534.969 131.46 119.976 35.8639 23.2511 3.80496 7133.07 7002.34 38.8438 17.7309 130.726 69.3041 57.247 44.3138 29.8435 6963.5 12.6128
internal_count=172196 169531 140362 7555 7488 132807 29169 5424 23745 651 23094 910 787 622 568 126826 8733 8728 3064 600 457 165 124 5664 1933 346 5323 1652 456 408 304 5336 22184 19488 1585 674 668 17903 3626 1883 1426 493 429 145 5981 3671 824 748 262 150 308 118093 117568 221 128 525 291 245 171 112 117347 112
is_linear=0
shrinkage=0.05


Tree=121
num_leaves=63
num_cat=0
split_feature=12 7 11 6 8 8 6 2 0 6 9 11 12 2 2 9 6 3 11 0 2 2 2 6 11 11 5 0 6 7 2 9 8 8 6 8 2 3 8 2 6 11 8 6 11 9 9 6 12 9 2 0 8 7 8 8 7 6 7 7 12 0
split_gain=25.673 12.9494 11.0033 17.4146 14.5912 10.2463 9.81905 10.9201 10.7112 10.6501 11.4763 10.8065 13.2639 22.2728 9.66864 8.25782 9.56024 14.0105 10.007 7.54953 7.33376 15.1898 8.24793 7.05184 6.576 14.1255 19.0054 6.94879 6.46193 6.45884 6.4389 6.29684 6.23608 10.1315 14.5736 7.54491 6.11818 11.8566 6.24497 12.5776 7.11404 11.9279 10.7879 6.16772 5.92829 5.90267 5.84977 5.80962 7.58661 11.584 9.08717 10.262 7.10271 5.70831 6.2835 12.5833 19.1509 14.6446 11.4977 9.43518 16.7018 12.4348
threshold=4.4168058995106652 22.500000000000004 0.45141666666666674 65.500000000000014 7.6500000000000012 18.750000000000004 56.500000000000007 1.8020944444444447 15.202428571428573 55.500000000000007 58.500000000000007 0.59441666666666682 7.6707902545301501 0.80671306612735194 2.1261892857142861 63.500000000000007 26.500000000000004 12.995983300881896 0.65458333333333352 4.6368000000000009 1.5166785714285715 1.1142933333333336 0.73500026455026468 26.500000000000004 0.6305833333333335 0.61991666666666689 1.0000000180025095e-35 25.384564285714287 35.500000000000007 25.500000000000004 2.1763329365079369 26.500000000000004 1.6500000000000001 2.0500000000000003 36.500000000000007 1.5500000000000003 0.84816059387249909 13.037867123471566 2.9500000000000006 0.78181625966625978 40.500000000000007 0.41608333333333342 1.1500000000000001 60.500000000000007 0.69958333333333356 58.500000000000007 39.500000000000007 59.500000000000007 6.6027716251858601 78.500000000000014 1.2419882214082214 17.974411764705888 1.1500000000000001 2.5000000000000004 14.850000000000003 14.450000000000001 8.5000000000000018 66.500000000000014 21.500000000000004 9.5000000000000018 7.650477975332346 21.170245876128231
decision_type=2 2 2 2 2 2 2 2 2 2 2 2 2 2 2 2 2 2 2 2 2 2 2 2 2 2 2 2 2 2 2 2 2 2 2 2 2 2 2 2 2 2 2 2 2 2 2 2 2 2 2 2 2 2 2 2 2 2 2 2 2 2
left_child=-1 2 3 4 36 19 9 -8 -9 11 -11 12 14 -14 20 -13 17 -17 -19 -4 21 22 -3 -7 25 30 27 -27 -22 -10 -18 -21 35 34 -34 47 38 -38 39 40 41 -2 -42 -40 -20 -24 -39 48 50 -50 51 -33 -51 -35 55 -55 -57 58 -58 60 -56 -61
right_child=1 6 5 -5 -6 23 7 8 29 10 -12 15 13 -15 -16 16 24 18 44 31 28 -23 45 -25 -26 26 -28 -29 -30 -31 -32 32 33 53 -36 -37 37 46 43 -41 42 -43 -44 -45 -46 -47 -48 -49 49 52 -52 -53 -54 54 59 56 57 -59 -60 61 -62 -63
leaf_value=0.041926109697248762 0.0068277293354238391 0.002867323712351634 0.02987247902601697 -0.052130592655807211 0.020128859546298641 0.02657114278304203 -0.054846628590058857 0.1929915141585557 -0.056738941845046624 0.09565416260879403 -0.047002159618352572 -0.052388511489801518 0.090069622023664239 -0.052808609878292889 0.032388025220684728 -0.047117114422083661 -0.050695212530638148 -0.039713880743393125 0.18079130298025312 -0.056368466566834433 -0.016252265344077622 0.020531974380764109 -0.065930703614681938 -0.058391136809772509 -0.0413096944095609 0.07104746604478826 -0.045674182821277276 0.2416061939241404 -0.075890162730916616 0.052190665680437356 0.059274843365175356 -0.00017150044767853231 0.010765076610221629 0.016138096995883606 -0.061352092634186575 0.047376998975583645 0.0017533056151779255 -0.024010356275705833 -0.0015577619922199964 -0.069407184198262792 0.038653720817383747 -0.081496632520895007 -0.020872541425307541 0.03716747499943282 -0.026586596520927614 -0.016558984724896062 0.020391299297054341 0.040200086245058907 0.063639645921938423 -0.020749227919988449 0.010845404032836597 -0.054093757714673507 0.0405253381270557 -0.00011056262054885285 0.0098648859059461292 0.023636470172737133 -0.040628066582998626 0.16402134779537728 0.11917565378544277 0.022463043323982052 -0.032723574504281643 0.00022315228921044193
leaf_weight=37.471640568692237 7.8822152726352197 15.571011045947669 21.354660474433331 12.5757789905183 168.00136384461075 2.9146905220113686 22.539255010924538 0.68476468976586957 2.7607559674652293 4.7282481603615443 1.8669896726787554 20.795254384749569 8.9378549936227483 3.7816277239471665 13.599697927013038 2.3158466323511666 7.8213245801161957 0.78630737029016051 2.3447066925000404 4.8212578492239109 12.121322970837356 31.974422613158822 13.325398536399009 11.882070980558636 20.600667474966031 1.497762085637077 1.8737668655812738 1.2419892894104121 7.5277811093255869 2.4818987291364465 1.4738380494527517 20.840360790491104 12.233902235631833 55.101285157725215 15.900625140871851 12.755398972891269 391.97513521648943 7.6302110068500033 111.4289273400791 9.7879416225478035 14.17694495432079 7.1282622888684273 16.119391588494182 11.210382703691719 0.32616787060396735 11.78993707988411 146.30522769712843 11.793141190661116 11.534420147538187 13.156293889973314 41.41371201723814 15.445180051028727 7.2462242664769283 6544.6955331335776 58.706136718392372 18.581744110997533 57.042692906019511 0.81011961839976621 1.038650111760943 129.10490913011017 37.63623097827076 123.28179791051662
leaf_count=2665 103 97 304 67 1745 376 4697 3 471 56 595 2696 97 82 67 911 416 62 118 25 69 200 98 5605 17157 83 194 27 74 253 26 57 59 170 126 37 3261 99 834 72 82 28 126 52 494 126 1086 60 54 139 104 59 57 96395 174 147 3806 37 300 12535 1208 10973
internal_value=0 0.000499733 0.000820364 0.0060202 0.00685172 0.000169216 -0.0116144 -0.0389545 0.020554 -0.00739137 0.0544251 -0.00971685 -0.000869921 0.0471199 -0.00671956 -0.0267887 -0.0133523 0.0453982 0.108359 0.000255436 -0.0125641 -0.0051339 -0.0254276 -0.0412535 -0.0234279 0.00280651 0.0737453 0.155911 -0.0396219 -0.0042236 -0.0322809 0.000166402 0.000205799 1.90087e-06 -0.0298888 0.0108796 0.00376003 0.00638672 -0.00427878 -0.0182546 -0.00696507 -0.0350471 0.00685336 0.00196875 0.153616 -0.0431099 0.0181438 0.00696877 0.00331527 0.0238182 -0.0050676 -0.0233469 0.000860887 0.000122729 -3.37658e-06 -0.00034862 -0.0203685 -0.0343544 -0.0374845 0.0065365 -0.00673717 0.0116239
internal_weight=0 8348.28 8133.51 904.222 891.646 7229.29 214.769 28.4667 5.92742 186.302 6.59524 179.707 118.629 12.7195 105.91 61.0776 40.2824 5.77303 3.45718 7214.49 92.3099 72.6608 40.6863 14.7968 34.5093 13.9087 4.61352 2.73975 19.6491 5.24265 9.29516 7193.14 7188.32 7054.13 28.1345 134.185 723.645 545.911 177.734 55.0948 45.3068 15.0105 30.2963 122.639 2.67087 25.1153 153.935 121.429 109.636 31.9369 77.6993 36.2855 20.4025 7026 6970.9 6622.17 77.4732 58.8915 58.0813 348.729 96.3424 252.387
internal_count=172196 169531 140362 7555 7488 132807 29169 5424 727 23745 651 23094 910 179 731 22184 19488 1585 674 126826 664 521 321 5981 17903 746 304 110 143 724 442 126522 126497 125930 185 567 5743 4446 1297 411 339 131 208 886 612 224 1185 530 470 250 220 116 196 125745 125575 100685 4290 4143 4106 24890 1382 23508
is_linear=0
shrinkage=0.05


Tree=122
num_leaves=63
num_cat=0
split_feature=12 7 10 12 2 10 12 12 12 6 6 1 1 6 1 6 11 10 12 1 10 1 9 4 11 6 4 1 3 0 10 6 0 15 2 10 6 11 6 2 0 12 11 15 12 7 3 6 2 1 1 9 11 10 10 1 9 2 1 2 0 4
split_gain=24.2402 11.9011 11.0106 16.6903 20.1232 10.1781 16.9977 14.1783 15.2543 12.6041 17.4512 15.1204 9.94095 9.22943 12.7395 9.49753 10.1898 20.7999 10.8992 13.1107 12.6852 12.2534 9.94203 9.28266 8.72931 9.52166 8.69798 11.6116 10.0329 8.67535 17.9207 10.9466 9.18853 14.5215 12.2832 10.9944 10.3154 8.53926 8.48446 9.85025 16.2559 15.6565 11.4 10.8138 11.1139 10.6815 10.3693 13.9379 12.9524 18.9437 13.5731 10.9415 10.1954 18.04 24.1064 14.21 9.7513 11.6837 9.65065 22.799 16.101 17.4787
threshold=4.4168058995106652 22.500000000000004 35.500000000000007 6.9422842501157573 1.8837061344537818 98.500000000000014 5.7655959259307785 6.9013188757673847 6.6027716251858601 58.500000000000007 60.500000000000007 0.74699383753501414 2.5976712987012989 56.500000000000007 1.6748579801151233 55.500000000000007 0.59441666666666682 38.500000000000007 7.6707902545301501 1.814265742194314 49.500000000000007 0.60953113553113558 58.500000000000007 3.5000000000000004 0.60858333333333359 27.500000000000004 2.5000000000000004 0.53356448712818472 13.593313108009474 28.558364285714291 28.500000000000004 45.500000000000007 24.258321428571431 1.0000000180025095e-35 1.0333428827444959 33.500000000000007 56.500000000000007 0.55525000000000013 51.500000000000007 0.91190501253132838 14.375780772686435 8.3700965366905908 0.58475000000000021 1.0000000180025095e-35 9.1708916895144181 15.500000000000002 13.290048146842489 57.500000000000007 0.41685446652345154 0.60019888175916558 0.6144742851024686 79.500000000000014 0.60325000000000017 73.500000000000014 80.500000000000014 0.45362916448630741 75.500000000000014 0.56792979242979258 0.76207760781263512 1.043890530769223 14.109557442270622 3.5000000000000004
decision_type=2 2 2 2 2 2 2 2 2 2 2 2 2 2 2 2 2 2 2 2 2 2 2 2 2 2 2 2 2 2 2 2 2 2 2 2 2 2 2 2 2 2 2 2 2 2 2 2 2 2 2 2 2 2 2 2 2 2 2 2 2 2
left_child=-1 2 3 26 29 38 -7 8 -8 12 11 -11 -9 15 -15 16 17 -3 19 20 23 -20 -17 -19 -6 -26 27 28 -2 32 31 -31 33 36 -34 -35 -5 -38 58 41 -41 42 -40 44 46 52 48 51 -43 -50 -51 56 -44 55 -55 -54 57 -48 59 60 -4 -62
right_child=1 13 5 4 24 6 7 9 -10 10 -12 -13 -14 14 -16 22 -18 18 21 -21 -22 -23 -24 -25 25 -27 -28 -29 -30 30 -32 -33 34 35 -36 -37 37 -39 39 40 -42 43 45 -45 -46 -47 47 -49 49 50 -52 -53 53 54 -56 -57 -58 -59 -60 -61 61 -63
leaf_value=0.041569012862149618 -0.085921282918336894 -0.046858026470988162 0.0034216362872368945 0.008571546851329671 -0.068692597732712718 -0.2164323137662427 -0.022338167492072292 -0.044820862113146683 0.045827567013380817 0.24466688435953099 -0.048248562988218169 0.02541362025364426 0.094289945621311488 -0.054088218925877035 0.033264793090154281 0.087176679008006172 -0.02626400070769825 0.051952414786681049 0.092130761146224871 0.049015853974697217 -0.020495213095064285 -0.011416206437395854 -0.0466968191659985 -0.0089902736974198615 0.084367818134276754 -0.051299678095295745 0.01540957659525723 0.0064731155248421548 -0.0068009482873075278 0.0060008894152932223 -0.022031288301725235 0.07890580347342048 0.031928285121797392 -0.073449367420964598 -0.054638590526840003 0.019662519985587483 -0.085498676461453871 -0.0049609726387526611 0.0035509319616360614 -0.03101840874794394 -0.0038137921739872615 0.36448496856955104 -0.03656167051320091 -0.047388827037860751 -0.046229574982983523 -0.051647000788885712 0.10231206350535921 -0.048113732533617573 -0.045576405053361954 0.28923467610822201 0.092391579005545801 -0.04502088767210171 0.079781818691733647 0.17880950662683909 -0.045990188196944747 -0.051771916142724167 0.20581520290396502 -0.045931306380301767 0.0026539110058944829 -0.072055995582468155 -0.014993051239408667 0.00031348237708684788
leaf_weight=35.943518236745149 6.6713163433596518 20.283998301252723 812.8406381997338 146.09898345725378 15.932981017977001 0.95986134093254705 16.493885517120361 42.915381101862295 16.05532474629581 1.223849538015201 3.2640039554389659 2.151221566949971 1.2105137952021312 22.666773013654169 4.9645395957631981 4.9327372297411776 59.363258909550495 13.160046998411419 7.4559398372657579 12.747441915795205 48.901374615728855 4.4345358326099813 1.7878950440790502 11.545223398134111 2.1446784166619173 2.9345217547379434 386.87222432345152 88.310879161115736 10.23855324834585 8.5860115289688128 13.42589308763854 13.44581778871361 5.2422776368912336 10.781505365041083 16.951843005430419 4.3167776708723968 5.3114290460944167 8.80482931883307 438.94686320377514 57.615252453077119 1161.9551952988259 0.38006200350356323 12.014193573035302 3.0081191445060531 2.4917402394057708 18.674358279444277 4.6213286893907917 3.6082338926498769 1.9092041722615229 1.0579645315883679 5.2465107097523287 1.7074957008589988 2.7595116528682393 3.3085073162801555 1.7346608489751814 7.0878439994994551 1.4433647082187233 1.7290176108945159 3992.2221867103945 11.421003761352038 345.40774272129056 403.91650310574914
leaf_count=2665 58 123 15144 1078 106 7 67 7681 81 113 868 281 70 4865 559 56 22184 41 75 60 451 90 595 70 20 109 2083 493 72 54 209 73 55 146 214 41 27 199 2386 1800 24759 26 309 953 3290 916 98 503 413 62 656 344 41 79 118 243 75 154 59679 238 6563 7308
internal_value=0 0.000474416 0.000780284 0.00656872 -0.0038251 0.000194461 -0.0170706 -0.0144571 0.0111697 -0.0309764 0.0324682 0.11111 -0.040687 -0.0112095 -0.0381498 -0.00713173 -0.00937064 -0.000852697 0.00863291 0.00236695 -0.00569957 0.0533229 0.0506667 0.0233498 -0.0505698 0.00554306 0.011943 -0.000757859 -0.0386312 0.000389443 0.0231447 0.0508755 -0.00368006 0.000136307 -0.0339156 -0.0465444 0.00459286 -0.0360043 0.000394771 -0.00266109 -0.00510554 0.0031547 0.00106799 0.0399988 0.0512197 -0.0226898 0.0627979 0.0338315 0.105513 0.088688 0.130205 0.0656493 -0.00228884 0.0250896 0.101124 -0.0139727 0.0907922 0.0610881 0.00134626 -0.00196808 -0.00144788 -0.00673659
internal_weight=0 8339.7 8127.45 746.071 253.978 7381.38 84.274 83.3142 32.5492 50.765 6.63908 3.37507 44.1259 212.244 27.6313 184.612 177.892 118.529 98.2446 86.3541 73.6066 11.8905 6.72063 24.7053 21.0122 5.0792 492.093 105.221 16.9099 232.965 35.4577 22.0318 197.508 175.314 22.1941 15.0983 160.215 14.1163 7297.11 1731.3 1219.57 511.729 484.526 27.203 24.1949 45.5791 21.7032 13.1094 8.59374 8.21368 6.30448 9.50121 26.9047 14.8905 5.04317 9.84736 7.79371 6.35035 5565.81 1573.59 1562.16 749.324
internal_count=172196 169531 140362 5037 2331 135325 9168 9161 148 9013 1262 394 7751 29169 5424 23745 23094 910 787 622 562 165 651 111 235 129 2706 623 130 2096 336 127 1760 1491 269 187 1304 226 126157 37225 26559 10666 4092 6574 5621 1706 2331 1174 1157 1131 718 671 790 481 197 284 327 252 88932 29253 29015 13871
is_linear=0
shrinkage=0.05


Tree=123
num_leaves=63
num_cat=0
split_feature=12 7 8 11 6 8 6 2 0 6 11 12 9 8 9 2 6 7 2 9 7 9 2 2 2 2 2 2 2 7 6 0 7 0 8 8 6 12 8 7 8 9 9 2 3 8 12 8 13 2 6 11 7 6 3 0 2 7 9 0 9 11
split_gain=22.8796 10.8694 9.89604 9.5834 15.0808 13.4731 8.6752 9.81597 8.62074 8.47827 9.50721 10.2872 8.68501 8.33363 12.1909 8.26127 9.72386 17.2196 13.184 8.23604 9.0038 9.28418 13.1392 22.4132 13.0139 12.7757 11.5923 8.49815 7.64429 7.19772 6.70559 6.55971 5.85475 5.76876 5.64161 9.27128 9.62676 17.6292 6.94399 7.41675 11.2411 5.62216 5.58488 5.53181 10.9861 5.63487 9.1102 6.85311 6.76007 5.59235 7.821 6.83746 7.04251 6.82925 5.89913 6.52509 9.17686 5.73096 5.5789 5.5258 14.0021 14.0453
threshold=4.4168058995106652 22.500000000000004 18.750000000000004 0.45141666666666674 65.500000000000014 7.6500000000000012 56.500000000000007 1.8020944444444447 15.202428571428573 55.500000000000007 0.59441666666666682 7.6707902545301501 58.500000000000007 7.4500000000000011 66.500000000000014 1.1142933333333336 36.500000000000007 24.500000000000004 1.5166785714285715 63.500000000000007 23.500000000000004 68.500000000000014 1.030439761156035 1.0259252950752953 1.7071392061885484 0.56792979242979258 0.87777792028484347 0.94332581821443029 0.73500026455026468 23.500000000000004 26.500000000000004 4.6368000000000009 25.500000000000004 23.741000000000003 1.6500000000000001 2.1500000000000008 41.500000000000007 6.6027716251858601 1.4500000000000002 20.500000000000004 1.0500000000000003 26.500000000000004 58.500000000000007 0.84816059387249909 13.037867123471566 4.2500000000000009 5.4219604853889924 1.1500000000000001 1.0000000180025095e-35 0.80671306612735194 39.500000000000007 0.44291666666666679 16.500000000000004 40.500000000000007 13.901717659693629 10.88558112606745 0.55176449259610705 7.5000000000000009 79.500000000000014 8.0037052631578955 81.500000000000014 0.58958333333333346
decision_type=2 2 2 2 2 2 2 2 2 2 2 2 2 2 2 2 2 2 2 2 2 2 2 2 2 2 2 2 2 2 2 2 2 2 2 2 2 2 2 2 2 2 2 2 2 2 2 2 2 2 2 2 2 2 2 2 2 2 2 2 2 2
left_child=-1 2 3 4 5 43 9 -8 -9 10 11 15 -11 14 -13 28 17 33 29 -12 -21 24 23 26 25 -22 -23 -28 -3 -18 -4 -5 -10 -17 38 36 -36 -38 39 40 -33 -37 -30 49 45 47 -47 48 -45 50 54 52 57 -51 55 56 -2 -52 -49 60 -43 -62
right_child=1 6 30 31 -6 -7 7 8 32 12 19 13 -14 -15 -16 16 18 -19 -20 20 21 22 -24 -25 -26 -27 27 -29 42 -31 -32 34 -34 -35 35 41 37 -39 -40 -41 -42 59 -44 44 -46 46 -48 58 -50 53 51 -53 -54 -55 -56 -57 -58 -59 -60 -61 61 -63
leaf_value=0.041200549374612185 -0.01197017543736479 0.003140245984699086 0.025115526582087468 0.027716044916800693 -0.047336612758445258 0.01939719140848669 -0.053384328590211416 0.16415414105840465 -0.056582349421704474 0.079939547990687906 -0.052160931774262398 0.13312049076891283 -0.046387939256180254 -0.00143018493102665 0.00061119038082862911 0.01601377115109524 0.047023019883726765 0.058484817700297766 -0.056548339442782827 -0.050171484890607999 0.16116175220690276 -0.047952997784634084 -0.049886799823739163 0.36332247960728542 0.12948837190609733 -0.048128844574621729 0.10666179679771988 -0.042686326030496963 -0.064011640873786066 -0.019169605523855261 -0.058206800009790366 0.0078396271868212911 0.047721303428417662 -0.037440494881664274 -0.0012512943890705761 -0.053082573689737005 -0.09367509098632143 0.0052464532325816457 0.036816864711522859 0.035970436533674176 -0.036998819069111163 -0.014592744810459232 -0.015347934027387725 0.0010666660465994864 0.017469966592694491 0.020955333534788637 -0.0011704987678057648 -0.0072451666895188204 0.043316215630826695 -0.0017070150373714476 -0.021066736458921237 0.037170988995351172 -0.040523511487324922 -0.059563639818331938 0.018556095984790754 -0.010662408196376243 -0.093595951068214722 0.013808714292537771 -0.045495955879332355 0.0003282198982233814 0.044597099482492068 -0.048833503549585371
leaf_weight=34.489538468886167 7.4137666849419457 15.508968271315096 2.9065278184716581 21.50679159865831 13.092381648719309 164.43600052967668 20.942281797761101 0.77247640350833435 2.6522158721345477 5.114422127371653 19.372777695243713 4.0275648161768896 1.7123886912013402 6.210131973028183 3.1288507264107466 10.253009829670193 7.6902537150308552 17.03997746296227 12.07385087199509 10.94762658010586 0.8166094202024422 4.146834156505065 11.338054643798385 0.37990458679269146 2.9951738603413105 3.44186549045844 3.3456761401321273 1.1972507273894732 12.904624959453942 8.4773227665573341 11.317691596690564 80.009174862410873 2.514275613531936 9.6317378748208267 21.41708263696637 4.8718822924420229 10.278461359441282 7.7776839388534418 20.775264452444389 16.736963361734524 16.832556570880115 147.72639257169794 11.53753692563623 41.667835316155106 151.42033625999466 77.323391681537032 115.56160593405366 133.63586003193632 12.254878623411058 11.345692654140295 14.516344580799339 16.335641257464886 8.6654677726328355 9.4580894154496473 10.331565591506658 34.1471051950939 6.6613986436277628 59.218503186479211 10.251495426520703 6835.7663260140107 19.948941757436845 4.8976883594878009
leaf_count=2665 60 97 376 304 67 1745 4697 3 471 56 2696 44 595 62 73 54 33 69 109 5033 120 4005 7465 51 215 1048 634 917 98 79 5605 302 253 66 102 25 48 92 76 90 99 2404 126 344 1185 1192 543 1041 83 75 152 36 52 80 72 283 69 418 58 121130 146 2008
internal_value=0 0.000448905 0.000740095 0.000814062 0.00568553 0.00648115 -0.0107731 -0.037288 0.0185877 -0.00683899 -0.00898807 -0.000820406 0.0473184 0.0402785 0.0766821 -0.00612731 0.0047857 0.0217114 -0.0171662 -0.0255622 -0.0119863 0.00307249 -0.0140313 0.030302 0.0514092 -0.00407104 0.0112061 0.0661538 -0.0240204 0.0121037 -0.0407755 0.000206615 -0.00493121 -0.0096859 0.000123215 -6.95007e-05 -0.0242032 -0.050995 0.0102692 0.00534114 0 6.59637e-05 -0.0414006 0.00352297 0.00603807 0.00159132 0.00767962 -0.00432101 0.0108236 -0.004104 -0.000841561 0.00770889 0.00176952 -0.0284089 -0.0153335 -0.0227211 -0.051342 0.00685575 -0.0100348 0.000104381 -0.00872819 0.025858
internal_weight=0 8330.68 8120.51 8106.28 897.737 884.645 210.174 26.8812 5.93897 183.292 176.466 118.484 6.82681 13.3665 7.15642 105.117 65.1662 36.9247 28.2414 57.9818 38.609 27.6614 20.4077 9.06967 7.25365 4.25847 8.68976 4.54293 39.9511 16.1676 14.2242 7208.55 5.16649 19.8847 7187.04 7052.68 39.4732 18.0561 134.354 113.579 96.8417 7013.21 24.4422 720.209 542.115 390.695 192.885 197.81 53.9227 178.094 157.29 98.736 82.4003 20.8038 58.5538 48.2223 14.0752 73.7348 143.887 7008.34 172.573 24.8466
internal_count=172196 169531 140362 134381 7555 7488 29169 5424 727 23745 23094 910 651 179 117 731 410 189 221 22184 19488 14455 13072 5607 1383 1168 5556 1551 321 112 5981 126826 724 120 126522 125955 242 140 567 491 401 125713 224 5743 4446 3261 1735 1526 427 1297 1142 658 622 155 484 412 129 570 1099 125688 4558 2154
is_linear=0
shrinkage=0.05


Tree=124
num_leaves=63
num_cat=0
split_feature=12 10 12 12 8 8 5 3 12 7 12 10 8 7 6 6 10 8 8 8 5 10 13 9 6 10 9 8 9 8 7 9 3 10 9 10 6 10 6 9 10 12 10 8 8 8 7 9 9 7 11 8 9 9 9 8 6 12 6 4 6 8
split_gain=21.5844 10.6975 13.7194 13.7712 17.18 16.6946 18.787 16.5381 13.3844 11.0021 10.4881 15.1162 9.35288 8.74671 9.05597 9.36536 8.3405 21.042 13.5925 17.3377 10.6358 10.5973 11.1042 9.54552 8.03277 10.8213 10.4942 11.349 8.39095 7.6423 7.63281 7.41583 8.10287 10.1814 7.14523 7.13702 10.0046 10.4062 11.4408 7.84955 7.5919 9.33341 7.00216 6.95535 6.88173 10.699 8.03505 6.84293 10.093 7.09908 12.7685 6.77127 9.17249 10.4578 6.723 8.31431 7.20144 6.85 7.4586 6.42279 6.35609 6.0391
threshold=4.4168058995106652 98.500000000000014 5.7655959259307785 6.9013188757673847 7.6500000000000012 5.7500000000000009 1.5000000000000002 13.394186904387835 6.6027716251858601 16.500000000000004 5.8715679782189625 39.500000000000007 18.750000000000004 22.500000000000004 56.500000000000007 67.500000000000014 38.500000000000007 10.950000000000001 7.6500000000000012 7.0500000000000007 1.5000000000000002 52.500000000000007 1.0000000180025095e-35 21.500000000000004 53.500000000000007 54.500000000000007 73.500000000000014 2.0500000000000003 74.500000000000014 7.8500000000000005 17.500000000000004 64.500000000000014 12.869882075765098 69.500000000000014 26.500000000000004 57.500000000000007 34.500000000000007 64.500000000000014 42.500000000000007 49.500000000000007 66.500000000000014 7.2243349172721825 53.500000000000007 7.5500000000000007 11.850000000000003 11.65 23.500000000000004 59.500000000000007 70.500000000000014 24.500000000000004 0.55758333333333354 9.1500000000000004 61.500000000000007 49.500000000000007 77.500000000000014 7.2500000000000009 34.500000000000007 7.2533304334424988 49.500000000000007 5.5000000000000009 26.500000000000004 4.3500000000000005
decision_type=2 2 2 2 2 2 2 2 2 2 2 2 2 2 2 2 2 2 2 2 2 2 2 2 2 2 2 2 2 2 2 2 2 2 2 2 2 2 2 2 2 2 2 2 2 2 2 2 2 2 2 2 2 2 2 2 2 2 2 2 2 2
left_child=-1 10 -3 8 5 -5 7 9 -4 -7 11 61 13 34 16 -16 17 -15 19 35 -19 22 44 -23 26 51 29 -28 31 -13 -11 32 33 -27 -12 47 -37 -38 40 -40 -39 -42 -29 -32 45 46 -20 -18 -49 -50 -51 52 53 -26 56 -56 -21 -58 -59 -48 -14 -2
right_child=1 2 3 4 -6 6 -8 -9 -10 30 12 24 60 14 15 -17 18 20 21 54 -22 23 -24 -25 25 28 27 42 -30 -31 43 -33 -34 -35 -36 36 37 38 39 -41 41 -43 -44 -45 -46 -47 59 48 49 50 -52 -53 -54 -55 55 -57 57 58 -60 -61 -62 -63
leaf_value=0.040820580348865293 0.0038216460268868796 -0.18855770040255257 -0.021299374213613387 -0.051168641117327045 -0.053884725041226857 -0.005564907330979342 -0.050310641793475663 0.24801806029226486 0.042253111576177824 0.2012621256590737 -0.05752564452324347 0.0047886141399809609 0.023226324523952589 -0.064004480624749435 -0.046239471558009379 0.092087898579258184 -0.020571794130172932 0.054780368867602229 -0.034830045907257953 -0.013023599478191242 -0.061535218359933919 0.10884811606335468 -0.057862423552802515 -0.042878798240408245 -0.0104061496651933 0.0045877902645147977 0.008139755962609449 -0.014371308459704519 0.044640325931599584 0.021471996142959759 -0.042537583517654139 -0.030708882340411171 0.021210234991947508 -0.056562846934652723 0.00040276279382637256 -0.057306943372405661 -0.044907234263570316 0.15064199936377207 0.076359900350767312 -0.052960579130832179 0.071480299369960046 -0.046974111427318652 -0.068432764396782406 0.13939053312833502 -0.050968272805091863 0.14726942349569097 0.058822514161968348 0.047040041411854479 -0.059360950791464431 0.11959293407442334 -0.04797949105922962 0.023779839115136855 -0.0082594754942373599 -0.070278001109989038 0.20097536086137335 -0.031530182848823744 0.099393252321922143 -0.049891765326121773 0.073593991347234808 -0.048110234523164513 -0.057646881050698151 0.024348343459069222
leaf_weight=33.106122620403767 50.331626430619508 1.0579848941415537 16.420806765556335 7.7246846270863925 31.443004012660822 3.7616197522147541 3.6400975976139298 1.2213280785654204 16.4252585824579 1.434337434708141 5.2261099126189938 406.19184597674757 2.9342916405003043 17.806038099632136 22.940255118999634 1.1784018600010302 9.8716650083661062 7.7086328011937422 4.5947663900151463 3.870775495364799 2.501266335719265 0.95893901586532493 5.477230368735035 33.253028759674635 12.349080992862584 24.203486206941307 23.002376512624323 12.875599568709733 10.923203632235525 82.925123089924455 0.99305775534594409 17.481728971004486 38.365284854080528 9.2989369109272939 7129.9035388054617 10.298858775058759 8.0146606975758932 1.7885848799487591 1.3791513047181059 5.3233227313030511 5.4510293714702129 2.2407584646134637 11.711605772376059 0.88437519114813767 2.6576920815277836 1.7650365770095966 9.3190172028553171 19.958149628713731 4.6013572700321657 1.9866241142153738 2.3624200968188234 7.0299988556653252 31.784347568638623 18.663817731197923 1.4264174269337662 0.43447563453810278 6.1809306479990465 2.0959356455714442 2.6106260428205132 1.520735262543895 11.215257055679102 130.17339705256745
leaf_count=2665 616 7 67 576 9607 139 392 105 82 30 26 3246 435 306 4737 79 40 208 175 102 208 1 400 15394 130 139 119 67 24 748 190 70 188 53 118127 595 225 40 13 555 24 367 55 14 968 34 372 88 152 4 172 53 159 153 97 224 13 123 47 120 6354 1677
internal_value=0 0.0004264 -0.0172075 -0.0147668 -0.0310041 0.00542519 0.0425912 0.08407 0.0103612 0.0520021 0.000609172 0.00574378 -1.00092e-05 6.79092e-05 -0.0101999 -0.0389222 -0.00624827 -0.0312412 -0.00151165 0.0107212 0.0254794 -0.0200502 0.00428369 -0.0381754 0.00243656 -0.00701609 0.00544248 -0.0169163 0.00346599 0.00763115 0.117101 -0.00155606 0.00549867 -0.0123542 0.000358827 0.000169674 -0.0162813 0.0011381 0.0243852 -0.0248843 0.0596359 0.0361707 -0.0404978 0.0433474 0.02188 0.0336552 0.0194765 0.0149362 0.027263 -0.0163172 0.0284106 -0.0221234 -0.0273713 -0.0467083 0.0566664 0.145301 0.0442511 0.065002 0.0176689 0.043061 -0.0404794 0.0186577
internal_weight=0 8323.17 85.0066 83.9486 51.1025 19.6595 11.9348 8.29472 32.8461 7.07339 8238.17 887.311 7350.86 7336.71 201.577 24.1187 177.458 28.0159 149.442 89.8957 10.2099 59.5464 25.3345 34.212 706.806 170.1 536.707 47.5896 100.273 489.117 3.31177 89.3494 71.8677 33.5024 7135.13 73.2766 34.4964 24.1975 16.1828 6.70247 9.48037 7.69179 24.5872 1.87743 19.8572 17.1996 15.4345 38.7802 28.9086 8.9504 4.34904 69.8272 62.7972 31.0129 16.6192 1.86089 14.7583 10.8875 4.70656 10.8398 14.1495 180.505
internal_count=172196 169531 11209 11202 11053 1446 870 478 149 373 158322 7497 150825 144036 25883 4816 21067 722 20345 2881 416 17464 2069 15395 5204 969 4235 241 474 3994 234 450 380 192 118153 2275 1819 1224 999 568 431 391 122 204 1669 701 667 456 416 328 176 495 442 283 606 321 285 183 170 492 6789 2293
is_linear=0
shrinkage=0.05


end of trees

feature_importances:
mobile_money_velocity=977
alt_data_composite=920
balance_stability_score=850
age=790
bill_payment_regularity=667
monthly_repayment_burden=649
income_x_alt_data=646
post_loan_dti=622
loan_to_income_ratio=446
airtime_topup_frequency=433
income_log=257
geo_zone_encoded=206
employment_type_encoded=205
informal_sector_flag=42
gig_worker_flag=22
northern_zone_flag=18

parameters:
[boosting: gbdt]
[objective: binary]
[metric: binary_logloss,auc]
[tree_learner: serial]
[device_type: cpu]
[data_sample_strategy: bagging]
[data: ]
[valid: ]
[num_iterations: 1000]
[learning_rate: 0.05]
[num_leaves: 63]
[num_threads: -1]
[seed: 42]
[deterministic: 0]
[force_col_wise: 0]
[force_row_wise: 0]
[histogram_pool_size: -1]
[max_depth: -1]
[min_data_in_leaf: 50]
[min_sum_hessian_in_leaf: 0.001]
[bagging_fraction: 0.8]
[pos_bagging_fraction: 1]
[neg_bagging_fraction: 1]
[bagging_freq: 5]
[bagging_seed: 400]
[feature_fraction: 0.8]
[feature_fraction_bynode: 1]
[feature_fraction_seed: 30056]
[extra_trees: 0]
[extra_seed: 12879]
[early_stopping_round: 0]
[early_stopping_min_delta: 0]
[first_metric_only: 0]
[max_delta_step: 0]
[lambda_l1: 0.1]
[lambda_l2: 0.1]
[linear_lambda: 0]
[min_gain_to_split: 0]
[drop_rate: 0.1]
[max_drop: 50]
[skip_drop: 0.5]
[xgboost_dart_mode: 0]
[uniform_drop: 0]
[drop_seed: 17869]
[top_rate: 0.2]
[other_rate: 0.1]
[min_data_per_group: 100]
[max_cat_threshold: 32]
[cat_l2: 10]
[cat_smooth: 10]
[max_cat_to_onehot: 4]
[top_k: 20]
[monotone_constraints: ]
[monotone_constraints_method: basic]
[monotone_penalty: 0]
[feature_contri: ]
[forcedsplits_filename: ]
[refit_decay_rate: 0.9]
[cegb_tradeoff: 1]
[cegb_penalty_split: 0]
[cegb_penalty_feature_lazy: ]
[cegb_penalty_feature_coupled: ]
[path_smooth: 0]
[interaction_constraints: ]
[verbosity: -1]
[saved_feature_importance_type: 0]
[use_quantized_grad: 0]
[num_grad_quant_bins: 4]
[quant_train_renew_leaf: 0]
[stochastic_rounding: 1]
[linear_tree: 0]
[max_bin: 255]
[max_bin_by_feature: ]
[min_data_in_bin: 3]
[bin_construct_sample_cnt: 200000]
[data_random_seed: 175]
[is_enable_sparse: 1]
[enable_bundle: 1]
[use_missing: 1]
[zero_as_missing: 0]
[feature_pre_filter: 1]
[pre_partition: 0]
[two_round: 0]
[header: 0]
[label_column: ]
[weight_column: ]
[group_column: ]
[ignore_column: ]
[categorical_feature: ]
[forcedbins_filename: ]
[precise_float_parser: 0]
[parser_config_file: ]
[objective_seed: 16083]
[num_class: 1]
[is_unbalance: 0]
[scale_pos_weight: 4]
[sigmoid: 1]
[boost_from_average: 1]
[reg_sqrt: 0]
[alpha: 0.9]
[fair_c: 1]
[poisson_max_delta_step: 0.7]
[tweedie_variance_power: 1.5]
[lambdarank_truncation_level: 30]
[lambdarank_norm: 1]
[label_gain: ]
[lambdarank_position_bias_regularization: 0]
[eval_at: ]
[multi_error_top_k: 1]
[auc_mu_weights: ]
[num_machines: 1]
[local_listen_port: 12400]
[time_out: 120]
[machine_list_filename: ]
[machines: ]
[gpu_platform_id: -1]
[gpu_device_id: -1]
[gpu_use_dp: 0]
[num_gpu: 1]

end of parameters

pandas_categorical:[]
